timestamp,station_id,station_name,lat,lon,pm25_obs,silam_pm25,cmaq_pm25_approx,pm25_pred_corrected
2025-12-25 06:00:00,HN_GP,Số 1 Giải Phóng - Bạch Mai,21.0009,105.8415,15.7292,9.153844833374023,4.558811187744141,15.672846
2025-12-25 07:00:00,HN_GP,Số 1 Giải Phóng - Bạch Mai,21.0009,105.8415,12.2417,9.284465789794922,6.256500244140625,12.329067
2025-12-25 08:00:00,HN_GP,Số 1 Giải Phóng - Bạch Mai,21.0009,105.8415,6.27,9.942466735839844,8.839436531066895,6.319793
2025-12-25 09:00:00,HN_GP,Số 1 Giải Phóng - Bạch Mai,21.0009,105.8415,4.3275,10.066710472106934,10.553655624389648,4.3042707
2025-12-25 10:00:00,HN_GP,Số 1 Giải Phóng - Bạch Mai,21.0009,105.8415,5.8925,9.550318717956545,16.364839553833008,5.654754
2025-12-25 11:00:00,HN_GP,Số 1 Giải Phóng - Bạch Mai,21.0009,105.8415,12.725,9.268287658691406,20.632057189941406,12.797993
2025-12-25 12:00:00,HN_GP,Số 1 Giải Phóng - Bạch Mai,21.0009,105.8415,16.905,10.36141586303711,18.465370178222656,16.83975
2025-12-25 13:00:00,HN_GP,Số 1 Giải Phóng - Bạch Mai,21.0009,105.8415,15.9225,11.448158264160156,16.81654167175293,16.136667
2025-12-25 14:00:00,HN_GP,Số 1 Giải Phóng - Bạch Mai,21.0009,105.8415,10.8142,11.739372253417969,17.398448944091797,10.780357
2025-12-25 15:00:00,HN_GP,Số 1 Giải Phóng - Bạch Mai,21.0009,105.8415,9.2558,12.940957069396973,20.29609680175781,9.346218
2025-12-25 16:00:00,HN_GP,Số 1 Giải Phóng - Bạch Mai,21.0009,105.8415,10.0508,12.942265510559082,25.10794448852539,10.022721
2025-12-25 17:00:00,HN_GP,Số 1 Giải Phóng - Bạch Mai,21.0009,105.8415,16.2775,10.93606185913086,26.943523406982425,16.31513
2025-12-25 18:00:00,HN_GP,Số 1 Giải Phóng - Bạch Mai,21.0009,105.8415,21.7125,10.728720664978027,23.664522171020508,21.822676
2025-12-25 19:00:00,HN_GP,Số 1 Giải Phóng - Bạch Mai,21.0009,105.8415,25.035,11.327638626098633,19.61781120300293,24.944614
2025-12-25 20:00:00,HN_GP,Số 1 Giải Phóng - Bạch Mai,21.0009,105.8415,23.58,11.87447452545166,16.548246383666992,23.615126
2025-12-25 21:00:00,HN_GP,Số 1 Giải Phóng - Bạch Mai,21.0009,105.8415,23.6042,12.217323303222656,14.639354705810549,23.637714
2025-12-25 22:00:00,HN_GP,Số 1 Giải Phóng - Bạch Mai,21.0009,105.8415,26.2283,13.09178352355957,13.472164154052734,26.086657
2025-12-25 23:00:00,HN_GP,Số 1 Giải Phóng - Bạch Mai,21.0009,105.8415,27.6808,14.99127197265625,14.20999526977539,27.688591
2025-12-26 00:00:00,HN_GP,Số 1 Giải Phóng - Bạch Mai,21.0009,105.8415,30.0608,66.03772735595703,2.715731143951416,29.979776
2025-12-26 01:00:00,HN_GP,Số 1 Giải Phóng - Bạch Mai,21.0009,105.8415,28.88,69.87703704833984,3.2539103031158447,28.782402
2025-12-26 02:00:00,HN_GP,Số 1 Giải Phóng - Bạch Mai,21.0009,105.8415,20.7533,78.66055297851562,3.805823564529419,20.987675
2025-12-26 03:00:00,HN_GP,Số 1 Giải Phóng - Bạch Mai,21.0009,105.8415,18.9358,88.20231628417969,4.785524845123291,18.679636
2025-12-26 04:00:00,HN_GP,Số 1 Giải Phóng - Bạch Mai,21.0009,105.8415,16.5108,96.19215393066406,6.18820858001709,16.659315
2025-12-26 05:00:00,HN_GP,Số 1 Giải Phóng - Bạch Mai,21.0009,105.8415,18.8358,104.57823181152344,6.745753765106201,18.73749
2025-12-26 06:00:00,HN_GP,Số 1 Giải Phóng - Bạch Mai,21.0009,105.8415,17.8258,114.21296691894533,7.1247968673706055,17.974493
2025-12-26 07:00:00,HN_GP,Số 1 Giải Phóng - Bạch Mai,21.0009,105.8415,17.7808,121.83141326904295,8.265923500061035,17.999388
2025-12-26 08:00:00,HN_GP,Số 1 Giải Phóng - Bạch Mai,21.0009,105.8415,19.78,119.87024688720705,10.721652030944824,19.652277
2025-12-26 09:00:00,HN_GP,Số 1 Giải Phóng - Bạch Mai,21.0009,105.8415,22.8517,114.6462631225586,13.660629272460938,23.024267
2025-12-26 10:00:00,HN_GP,Số 1 Giải Phóng - Bạch Mai,21.0009,105.8415,26.1108,40.11808776855469,21.7768497467041,26.193913
2025-12-26 11:00:00,HN_GP,Số 1 Giải Phóng - Bạch Mai,21.0009,105.8415,29.1225,136.2255401611328,35.07859802246094,29.090391
2025-12-26 12:00:00,HN_GP,Số 1 Giải Phóng - Bạch Mai,21.0009,105.8415,31.3675,169.25914001464844,46.79343032836914,31.020826
2025-12-26 13:00:00,HN_GP,Số 1 Giải Phóng - Bạch Mai,21.0009,105.8415,29.7592,187.5412139892578,58.12299346923828,29.65009
2025-12-26 14:00:00,HN_GP,Số 1 Giải Phóng - Bạch Mai,21.0009,105.8415,29.5633,203.1024932861328,67.82035827636719,29.633902
2025-12-26 15:00:00,HN_GP,Số 1 Giải Phóng - Bạch Mai,21.0009,105.8415,25.945,193.89471435546875,63.57591247558594,26.371563
2025-12-26 16:00:00,HN_GP,Số 1 Giải Phóng - Bạch Mai,21.0009,105.8415,28.9217,188.5117034912109,43.34953689575195,28.989218
2025-12-26 17:00:00,HN_GP,Số 1 Giải Phóng - Bạch Mai,21.0009,105.8415,35.565,178.42990112304688,31.09421157836914,34.90102
2025-12-26 18:00:00,HN_GP,Số 1 Giải Phóng - Bạch Mai,21.0009,105.8415,42.4708,138.5875244140625,23.25657844543457,42.295296
2025-12-26 19:00:00,HN_GP,Số 1 Giải Phóng - Bạch Mai,21.0009,105.8415,44.8658,123.48587799072266,18.926288604736328,44.974796
2025-12-26 20:00:00,HN_GP,Số 1 Giải Phóng - Bạch Mai,21.0009,105.8415,47.5383,125.16675567626952,19.015087127685547,47.72123
2025-12-26 21:00:00,HN_GP,Số 1 Giải Phóng - Bạch Mai,21.0009,105.8415,48.9992,127.66803741455078,21.742475509643555,48.899204
2025-12-26 22:00:00,HN_GP,Số 1 Giải Phóng - Bạch Mai,21.0009,105.8415,44.6983,129.04669189453125,24.54158401489257,44.79606
2025-12-26 23:00:00,HN_GP,Số 1 Giải Phóng - Bạch Mai,21.0009,105.8415,45.9583,135.90293884277344,25.96987533569336,45.76887
2025-12-27 00:00:00,HN_GP,Số 1 Giải Phóng - Bạch Mai,21.0009,105.8415,42.7808,197.31838989257807,3.484225034713745,42.80403
2025-12-27 01:00:00,HN_GP,Số 1 Giải Phóng - Bạch Mai,21.0009,105.8415,43.4242,172.65858459472656,6.20906925201416,43.239765
2025-12-27 02:00:00,HN_GP,Số 1 Giải Phóng - Bạch Mai,21.0009,105.8415,45.6408,172.54986572265625,7.972038269042969,45.710278
2025-12-27 03:00:00,HN_GP,Số 1 Giải Phóng - Bạch Mai,21.0009,105.8415,51.94,171.34896850585938,9.749942779541016,52.151638
2025-12-27 04:00:00,HN_GP,Số 1 Giải Phóng - Bạch Mai,21.0009,105.8415,50.6925,161.27027893066406,12.118206024169922,50.600697
2025-12-27 05:00:00,HN_GP,Số 1 Giải Phóng - Bạch Mai,21.0009,105.8415,48.9958,156.71356201171875,14.0463228225708,48.957558
2025-12-27 06:00:00,HN_GP,Số 1 Giải Phóng - Bạch Mai,21.0009,105.8415,51.2642,151.46690368652344,15.216951370239258,51.307014
2025-12-27 07:00:00,HN_GP,Số 1 Giải Phóng - Bạch Mai,21.0009,105.8415,48.755,162.59521484375,14.595672607421877,48.59351
2025-12-27 08:00:00,HN_GP,Số 1 Giải Phóng - Bạch Mai,21.0009,105.8415,39.3675,175.6431121826172,15.151410102844238,39.764507
2025-12-27 09:00:00,HN_GP,Số 1 Giải Phóng - Bạch Mai,21.0009,105.8415,39.3358,165.72079467773438,16.225561141967773,39.750393
2025-12-27 10:00:00,HN_GP,Số 1 Giải Phóng - Bạch Mai,21.0009,105.8415,41.9883,162.83447265625,24.996734619140625,41.677895
2025-12-27 11:00:00,HN_GP,Số 1 Giải Phóng - Bạch Mai,21.0009,105.8415,48.5117,195.7750244140625,37.54682540893555,48.670013
2025-12-27 12:00:00,HN_GP,Số 1 Giải Phóng - Bạch Mai,21.0009,105.8415,52.4425,237.1114959716797,38.73362350463867,52.322956
2025-12-27 13:00:00,HN_GP,Số 1 Giải Phóng - Bạch Mai,21.0009,105.8415,53.0675,246.336166381836,24.26815795898437,53.110916
2025-12-27 14:00:00,HN_GP,Số 1 Giải Phóng - Bạch Mai,21.0009,105.8415,44.2042,221.299545288086,15.446334838867188,44.336212
2025-12-27 15:00:00,HN_GP,Số 1 Giải Phóng - Bạch Mai,21.0009,105.8415,43.8475,192.9027709960937,16.293365478515625,43.71474
2025-12-27 16:00:00,HN_GP,Số 1 Giải Phóng - Bạch Mai,21.0009,105.8415,45.9592,180.16246032714844,19.426189422607425,45.894447
2025-12-27 17:00:00,HN_GP,Số 1 Giải Phóng - Bạch Mai,21.0009,105.8415,50.795,175.180419921875,23.59532928466797,50.961884
2025-12-27 18:00:00,HN_GP,Số 1 Giải Phóng - Bạch Mai,21.0009,105.8415,54.5358,175.12149047851562,26.38032341003418,54.302216
2025-12-27 19:00:00,HN_GP,Số 1 Giải Phóng - Bạch Mai,21.0009,105.8415,56.7783,176.30014038085938,29.223106384277344,57.006554
2025-12-27 20:00:00,HN_GP,Số 1 Giải Phóng - Bạch Mai,21.0009,105.8415,59.5442,179.5673370361328,29.39774703979492,59.342472
2025-12-27 21:00:00,HN_GP,Số 1 Giải Phóng - Bạch Mai,21.0009,105.8415,62.01,182.59548950195312,28.74888229370117,62.109806
2025-12-27 22:00:00,HN_GP,Số 1 Giải Phóng - Bạch Mai,21.0009,105.8415,65.0725,187.30401611328125,26.768218994140625,65.2056
2025-12-27 23:00:00,HN_GP,Số 1 Giải Phóng - Bạch Mai,21.0009,105.8415,74.3275,197.08595275878903,22.835941314697266,74.241875
2025-12-28 00:00:00,HN_GP,Số 1 Giải Phóng - Bạch Mai,21.0009,105.8415,79.2083,207.3804626464844,3.1284213066101074,79.17591
2025-12-28 01:00:00,HN_GP,Số 1 Giải Phóng - Bạch Mai,21.0009,105.8415,77.2517,233.2592315673828,6.049202919006348,77.31095
2025-12-28 02:00:00,HN_GP,Số 1 Giải Phóng - Bạch Mai,21.0009,105.8415,71.0317,242.1692352294922,8.971407890319824,71.25149
2025-12-28 03:00:00,HN_GP,Số 1 Giải Phóng - Bạch Mai,21.0009,105.8415,80.5325,239.07598876953125,11.90290355682373,80.362175
2025-12-28 04:00:00,HN_GP,Số 1 Giải Phóng - Bạch Mai,21.0009,105.8415,99.2892,223.1962127685547,14.911075592041016,99.24256
2025-12-28 05:00:00,HN_GP,Số 1 Giải Phóng - Bạch Mai,21.0009,105.8415,104.1692,201.2196655273437,16.375715255737305,104.137825
2025-12-28 06:00:00,HN_GP,Số 1 Giải Phóng - Bạch Mai,21.0009,105.8415,94.3883,179.55735778808594,16.69219970703125,94.278885
2025-12-28 07:00:00,HN_GP,Số 1 Giải Phóng - Bạch Mai,21.0009,105.8415,84.1158,165.57699584960938,16.568397521972656,84.27173
2025-12-28 08:00:00,HN_GP,Số 1 Giải Phóng - Bạch Mai,21.0009,105.8415,82.63,159.11241149902344,17.412384033203125,82.62089
2025-12-28 09:00:00,HN_GP,Số 1 Giải Phóng - Bạch Mai,21.0009,105.8415,83.1558,158.74266052246094,18.27627944946289,82.82521
2025-12-28 10:00:00,HN_GP,Số 1 Giải Phóng - Bạch Mai,21.0009,105.8415,85.405,166.58108520507812,20.26150131225586,85.46762
2025-12-28 11:00:00,HN_GP,Số 1 Giải Phóng - Bạch Mai,21.0009,105.8415,100.28,191.77362060546875,21.70265007019043,99.946304
2025-12-28 12:00:00,HN_GP,Số 1 Giải Phóng - Bạch Mai,21.0009,105.8415,112.9392,239.36593627929688,17.895122528076172,113.07029
2025-12-28 13:00:00,HN_GP,Số 1 Giải Phóng - Bạch Mai,21.0009,105.8415,124.4967,282.1982421875,10.963096618652344,124.31268
2025-12-28 14:00:00,HN_GP,Số 1 Giải Phóng - Bạch Mai,21.0009,105.8415,123.4383,286.44781494140625,10.119168281555176,123.41146
2025-12-28 15:00:00,HN_GP,Số 1 Giải Phóng - Bạch Mai,21.0009,105.8415,117.7875,290.9637145996094,11.118324279785156,117.9117
2025-12-28 16:00:00,HN_GP,Số 1 Giải Phóng - Bạch Mai,21.0009,105.8415,105.7642,336.55816650390625,13.368277549743652,105.83875
2025-12-28 17:00:00,HN_GP,Số 1 Giải Phóng - Bạch Mai,21.0009,105.8415,96.3467,385.1888732910156,15.82261848449707,96.30773
2025-12-28 18:00:00,HN_GP,Số 1 Giải Phóng - Bạch Mai,21.0009,105.8415,96.3942,369.24267578125,34.01920700073242,96.3628
2025-12-28 19:00:00,HN_GP,Số 1 Giải Phóng - Bạch Mai,21.0009,105.8415,105.7833,337.29376220703125,65.47904205322266,105.74822
2025-12-28 20:00:00,HN_GP,Số 1 Giải Phóng - Bạch Mai,21.0009,105.8415,121.7783,286.305419921875,264.495849609375,121.52441
2025-12-28 21:00:00,HN_GP,Số 1 Giải Phóng - Bạch Mai,21.0009,105.8415,137.5183,244.1563415527344,398.7184143066406,137.58038
2025-12-28 22:00:00,HN_GP,Số 1 Giải Phóng - Bạch Mai,21.0009,105.8415,150.0283,218.08457946777344,344.51123046875,150.04944
2025-12-28 23:00:00,HN_GP,Số 1 Giải Phóng - Bạch Mai,21.0009,105.8415,161.4542,208.8201599121093,314.41485595703125,161.41483
2025-12-29 00:00:00,HN_GP,Số 1 Giải Phóng - Bạch Mai,21.0009,105.8415,161.3775,232.60577392578125,3.3419580459594727,161.12451
2025-12-29 01:00:00,HN_GP,Số 1 Giải Phóng - Bạch Mai,21.0009,105.8415,154.2675,265.7543640136719,5.205573081970215,154.29459
2025-12-29 02:00:00,HN_GP,Số 1 Giải Phóng - Bạch Mai,21.0009,105.8415,146.3567,253.728759765625,5.701601028442383,146.30302
2025-12-29 03:00:00,HN_GP,Số 1 Giải Phóng - Bạch Mai,21.0009,105.8415,142.29,234.71774291992188,5.802034854888916,142.51062
2025-12-29 04:00:00,HN_GP,Số 1 Giải Phóng - Bạch Mai,21.0009,105.8415,136.7317,198.5216522216797,6.185487747192383,136.71004
2025-12-29 05:00:00,HN_GP,Số 1 Giải Phóng - Bạch Mai,21.0009,105.8415,136.1183,164.82814025878906,7.114583015441895,135.96999
2025-12-29 06:00:00,HN_GP,Số 1 Giải Phóng - Bạch Mai,21.0009,105.8415,141.7817,186.3666534423828,7.542205333709717,141.7799
2025-12-29 07:00:00,HN_GP,Số 1 Giải Phóng - Bạch Mai,21.0009,105.8415,144.3567,146.32000732421875,8.84465217590332,144.40182
2025-12-29 08:00:00,HN_GP,Số 1 Giải Phóng - Bạch Mai,21.0009,105.8415,143.4508,148.2058868408203,11.014920234680176,143.47534
2025-12-29 09:00:00,HN_GP,Số 1 Giải Phóng - Bạch Mai,21.0009,105.8415,135.66,127.59862518310548,12.39596939086914,135.42094
2025-12-29 10:00:00,HN_GP,Số 1 Giải Phóng - Bạch Mai,21.0009,105.8415,118.7,146.81785583496094,14.180734634399414,119.061775
2025-12-29 11:00:00,HN_GP,Số 1 Giải Phóng - Bạch Mai,21.0009,105.8415,113.4825,152.99266052246094,10.302034378051758,113.54868
2025-12-29 12:00:00,HN_GP,Số 1 Giải Phóng - Bạch Mai,21.0009,105.8415,107.2792,171.74171447753906,7.24589729309082,107.28013
2025-12-29 13:00:00,HN_GP,Số 1 Giải Phóng - Bạch Mai,21.0009,105.8415,94.2075,173.18521118164062,7.787655830383301,94.27385
2025-12-29 14:00:00,HN_GP,Số 1 Giải Phóng - Bạch Mai,21.0009,105.8415,88.9225,207.9832458496093,9.430383682250977,88.81432
2025-12-29 15:00:00,HN_GP,Số 1 Giải Phóng - Bạch Mai,21.0009,105.8415,84.6592,179.8647003173828,12.915159225463867,84.73115
2025-12-29 16:00:00,HN_GP,Số 1 Giải Phóng - Bạch Mai,21.0009,105.8415,84.1417,211.60153198242188,17.0681095123291,84.16605
2025-12-29 17:00:00,HN_GP,Số 1 Giải Phóng - Bạch Mai,21.0009,105.8415,84.2683,152.7010498046875,50.59168243408203,84.386665
2025-12-29 18:00:00,HN_GP,Số 1 Giải Phóng - Bạch Mai,21.0009,105.8415,87.8875,150.85699462890625,432.5570983886719,87.78858
2025-12-29 19:00:00,HN_GP,Số 1 Giải Phóng - Bạch Mai,21.0009,105.8415,97.3225,204.68948364257807,401.679931640625,97.32591
2025-12-29 20:00:00,HN_GP,Số 1 Giải Phóng - Bạch Mai,21.0009,105.8415,91.5133,202.65187072753903,228.421142578125,91.90994
2025-12-29 21:00:00,HN_GP,Số 1 Giải Phóng - Bạch Mai,21.0009,105.8415,87.1192,199.49850463867188,142.44314575195312,86.90576
2025-12-29 22:00:00,HN_GP,Số 1 Giải Phóng - Bạch Mai,21.0009,105.8415,87.3108,197.01808166503903,87.16502380371094,87.492645
2025-12-29 23:00:00,HN_GP,Số 1 Giải Phóng - Bạch Mai,21.0009,105.8415,94.8833,194.9736328125,46.52510833740234,94.63065
2025-12-30 00:00:00,HN_GP,Số 1 Giải Phóng - Bạch Mai,21.0009,105.8415,101.8842,131.95106506347656,2.344332456588745,101.90487
2025-12-30 01:00:00,HN_GP,Số 1 Giải Phóng - Bạch Mai,21.0009,105.8415,103.2258,131.70779418945312,2.7423253059387207,103.42644
2025-12-30 02:00:00,HN_GP,Số 1 Giải Phóng - Bạch Mai,21.0009,105.8415,100.5242,144.70375061035156,2.4509992599487305,100.357956
2025-12-30 03:00:00,HN_GP,Số 1 Giải Phóng - Bạch Mai,21.0009,105.8415,108.6033,143.9338836669922,2.9822194576263428,108.623245
2025-12-30 04:00:00,HN_GP,Số 1 Giải Phóng - Bạch Mai,21.0009,105.8415,116.3925,139.65196228027344,4.558932304382324,116.64723
2025-12-30 05:00:00,HN_GP,Số 1 Giải Phóng - Bạch Mai,21.0009,105.8415,121.0208,137.32757568359375,6.0174665451049805,120.98439
2025-12-30 06:00:00,HN_GP,Số 1 Giải Phóng - Bạch Mai,21.0009,105.8415,119.6933,135.46902465820312,6.612938404083252,119.433815
2025-12-30 07:00:00,HN_GP,Số 1 Giải Phóng - Bạch Mai,21.0009,105.8415,115.8192,136.06454467773438,6.8500165939331055,115.82383
2025-12-30 08:00:00,HN_GP,Số 1 Giải Phóng - Bạch Mai,21.0009,105.8415,113.0642,135.2249298095703,7.650846481323242,113.01488
2025-12-30 09:00:00,HN_GP,Số 1 Giải Phóng - Bạch Mai,21.0009,105.8415,104.46,137.87966918945312,8.202951431274414,104.67639
2025-12-30 10:00:00,HN_GP,Số 1 Giải Phóng - Bạch Mai,21.0009,105.8415,95.9333,152.0236358642578,9.963894844055176,95.88575
2025-12-30 11:00:00,HN_GP,Số 1 Giải Phóng - Bạch Mai,21.0009,105.8415,98.3467,174.244873046875,8.726828575134277,98.09484
2025-12-30 12:00:00,HN_GP,Số 1 Giải Phóng - Bạch Mai,21.0009,105.8415,93.9067,200.5341339111328,7.920682907104492,93.974686
2025-12-30 13:00:00,HN_GP,Số 1 Giải Phóng - Bạch Mai,21.0009,105.8415,87.4083,224.3431854248047,8.544334411621094,87.264656
2025-12-30 14:00:00,HN_GP,Số 1 Giải Phóng - Bạch Mai,21.0009,105.8415,81.8142,211.34097290039065,10.90683364868164,82.05409
2025-12-30 15:00:00,HN_GP,Số 1 Giải Phóng - Bạch Mai,21.0009,105.8415,73.2967,195.6485595703125,14.75066375732422,73.44563
2025-12-30 16:00:00,HN_GP,Số 1 Giải Phóng - Bạch Mai,21.0009,105.8415,65.9525,196.57321166992188,34.86054992675781,65.829056
2025-12-30 17:00:00,HN_GP,Số 1 Giải Phóng - Bạch Mai,21.0009,105.8415,62.39,197.1583404541016,400.1090393066406,62.260426
2025-12-30 18:00:00,HN_GP,Số 1 Giải Phóng - Bạch Mai,21.0009,105.8415,58.78,215.16265869140625,467.09576416015625,58.81447
2025-12-30 19:00:00,HN_GP,Số 1 Giải Phóng - Bạch Mai,21.0009,105.8415,60.6283,235.1934509277344,335.2817077636719,60.872406
2025-12-30 20:00:00,HN_GP,Số 1 Giải Phóng - Bạch Mai,21.0009,105.8415,64.3392,238.6058654785156,273.77862548828125,64.39033
2025-12-30 21:00:00,HN_GP,Số 1 Giải Phóng - Bạch Mai,21.0009,105.8415,68.4325,233.4327850341797,211.39453125,68.35697
2025-12-30 22:00:00,HN_GP,Số 1 Giải Phóng - Bạch Mai,21.0009,105.8415,70.1675,226.21568298339844,184.698471069336,70.41338
2025-12-30 23:00:00,HN_GP,Số 1 Giải Phóng - Bạch Mai,21.0009,105.8415,84.0033,228.9208221435547,195.4201812744141,83.87465
2025-12-31 00:00:00,HN_GP,Số 1 Giải Phóng - Bạch Mai,21.0009,105.8415,87.4633,112.47071075439452,28.28554344177246,87.21225
2025-12-31 01:00:00,HN_GP,Số 1 Giải Phóng - Bạch Mai,21.0009,105.8415,90.3892,138.15762329101562,45.81093215942383,90.310036
2025-12-31 02:00:00,HN_GP,Số 1 Giải Phóng - Bạch Mai,21.0009,105.8415,84.1967,181.286865234375,46.78950119018555,84.42045
2025-12-31 03:00:00,HN_GP,Số 1 Giải Phóng - Bạch Mai,21.0009,105.8415,79.165,208.8673553466797,29.59944534301757,79.21588
2025-12-31 04:00:00,HN_GP,Số 1 Giải Phóng - Bạch Mai,21.0009,105.8415,77.7858,255.3193206787109,15.005701065063477,77.78879
2025-12-31 05:00:00,HN_GP,Số 1 Giải Phóng - Bạch Mai,21.0009,105.8415,87.3192,196.10040283203125,11.19975757598877,87.1518
2025-12-31 06:00:00,HN_GP,Số 1 Giải Phóng - Bạch Mai,21.0009,105.8415,92.0467,153.38290405273438,11.18546199798584,91.920235
2025-12-31 07:00:00,HN_GP,Số 1 Giải Phóng - Bạch Mai,21.0009,105.8415,89.6875,142.97825622558594,13.04621124267578,89.66839
2025-12-31 08:00:00,HN_GP,Số 1 Giải Phóng - Bạch Mai,21.0009,105.8415,85.9217,144.6553192138672,18.76645851135254,86.037025
2025-12-31 09:00:00,HN_GP,Số 1 Giải Phóng - Bạch Mai,21.0009,105.8415,84.8617,117.48558807373048,24.546844482421875,84.81705
2025-12-31 10:00:00,HN_GP,Số 1 Giải Phóng - Bạch Mai,21.0009,105.8415,83.2825,83.77574920654297,12.982909202575684,83.535286
2025-12-31 11:00:00,HN_GP,Số 1 Giải Phóng - Bạch Mai,21.0009,105.8415,89.4167,78.91925811767578,8.628103256225586,89.07551
2025-12-31 12:00:00,HN_GP,Số 1 Giải Phóng - Bạch Mai,21.0009,105.8415,86.3783,83.38584899902344,8.252723693847656,86.412964
2025-12-31 13:00:00,HN_GP,Số 1 Giải Phóng - Bạch Mai,21.0009,105.8415,77.67,88.46089172363281,8.406510353088379,77.91085
2025-12-31 14:00:00,HN_GP,Số 1 Giải Phóng - Bạch Mai,21.0009,105.8415,65.575,95.24248504638672,9.1137056350708,65.61863
2025-12-31 15:00:00,HN_GP,Số 1 Giải Phóng - Bạch Mai,21.0009,105.8415,49.7517,84.60646057128906,11.234386444091797,49.766556
2025-12-31 16:00:00,HN_GP,Số 1 Giải Phóng - Bạch Mai,21.0009,105.8415,40.7858,80.55755615234375,14.926544189453123,40.763226
2025-12-31 17:00:00,HN_GP,Số 1 Giải Phóng - Bạch Mai,21.0009,105.8415,35.245,80.86306762695312,18.433025360107425,35.096397
2025-12-31 18:00:00,HN_GP,Số 1 Giải Phóng - Bạch Mai,21.0009,105.8415,32.2733,82.8782958984375,80.60333251953125,32.34537
2025-12-31 19:00:00,HN_GP,Số 1 Giải Phóng - Bạch Mai,21.0009,105.8415,38.815,85.12651824951172,333.46142578125,38.831966
2025-12-31 20:00:00,HN_GP,Số 1 Giải Phóng - Bạch Mai,21.0009,105.8415,42.6575,96.77225494384766,279.0947265625,42.632973
2025-12-31 21:00:00,HN_GP,Số 1 Giải Phóng - Bạch Mai,21.0009,105.8415,44.6733,117.08666229248048,98.8964385986328,44.799755
2025-12-31 22:00:00,HN_GP,Số 1 Giải Phóng - Bạch Mai,21.0009,105.8415,46.5058,138.93605041503906,53.03160858154297,46.413162
2025-12-31 23:00:00,HN_GP,Số 1 Giải Phóng - Bạch Mai,21.0009,105.8415,50.7808,162.07119750976562,18.6430606842041,50.66782
2025-12-25 06:00:00,HN_NC,Công viên Nhân Chính - Khuất Duy Tiến,21.0034,105.8037,1.6542,9.153844833374023,4.451772689819336,1.6461943
2025-12-25 07:00:00,HN_NC,Công viên Nhân Chính - Khuất Duy Tiến,21.0034,105.8037,-1.6758,9.284465789794922,6.711610317230225,-1.3625431
2025-12-25 08:00:00,HN_NC,Công viên Nhân Chính - Khuất Duy Tiến,21.0034,105.8037,0.3025,9.942466735839844,10.635986328125,0.29995793
2025-12-25 09:00:00,HN_NC,Công viên Nhân Chính - Khuất Duy Tiến,21.0034,105.8037,12.6942,10.066710472106934,12.373653411865234,12.745408
2025-12-25 10:00:00,HN_NC,Công viên Nhân Chính - Khuất Duy Tiến,21.0034,105.8037,21.8592,9.550318717956545,22.478965759277344,21.672632
2025-12-25 11:00:00,HN_NC,Công viên Nhân Chính - Khuất Duy Tiến,21.0034,105.8037,14.41,9.268287658691406,32.38492965698242,14.51214
2025-12-25 12:00:00,HN_NC,Công viên Nhân Chính - Khuất Duy Tiến,21.0034,105.8037,5.5933,10.36141586303711,37.0063705444336,5.6804366
2025-12-25 13:00:00,HN_NC,Công viên Nhân Chính - Khuất Duy Tiến,21.0034,105.8037,2.4117,11.448158264160156,35.58789825439453,2.4296196
2025-12-25 14:00:00,HN_NC,Công viên Nhân Chính - Khuất Duy Tiến,21.0034,105.8037,9.9767,11.739372253417969,34.1002197265625,9.938705
2025-12-25 15:00:00,HN_NC,Công viên Nhân Chính - Khuất Duy Tiến,21.0034,105.8037,21.2775,12.940957069396973,34.53714370727539,21.015472
2025-12-25 16:00:00,HN_NC,Công viên Nhân Chính - Khuất Duy Tiến,21.0034,105.8037,25.5242,12.942265510559082,33.20072937011719,25.47754
2025-12-25 17:00:00,HN_NC,Công viên Nhân Chính - Khuất Duy Tiến,21.0034,105.8037,19.5608,10.93606185913086,28.58590316772461,20.015215
2025-12-25 18:00:00,HN_NC,Công viên Nhân Chính - Khuất Duy Tiến,21.0034,105.8037,11.6836,10.728720664978027,22.69962501525879,11.554243
2025-12-25 19:00:00,HN_NC,Công viên Nhân Chính - Khuất Duy Tiến,21.0034,105.8037,10.0392,11.327638626098633,19.026931762695312,10.143762
2025-12-25 20:00:00,HN_NC,Công viên Nhân Chính - Khuất Duy Tiến,21.0034,105.8037,17.0842,11.87447452545166,16.51872444152832,16.898638
2025-12-25 21:00:00,HN_NC,Công viên Nhân Chính - Khuất Duy Tiến,21.0034,105.8037,25.2575,12.217323303222656,15.113926887512209,25.349964
2025-12-25 22:00:00,HN_NC,Công viên Nhân Chính - Khuất Duy Tiến,21.0034,105.8037,35.2325,13.09178352355957,14.20949363708496,34.978302
2025-12-25 23:00:00,HN_NC,Công viên Nhân Chính - Khuất Duy Tiến,21.0034,105.8037,28.96,14.99127197265625,14.961013793945312,29.274544
2025-12-26 00:00:00,HN_NC,Công viên Nhân Chính - Khuất Duy Tiến,21.0034,105.8037,14.6317,66.03772735595703,4.406858444213867,14.692487
2025-12-26 01:00:00,HN_NC,Công viên Nhân Chính - Khuất Duy Tiến,21.0034,105.8037,12.6417,69.87703704833984,5.679947853088379,12.622815
2025-12-26 02:00:00,HN_NC,Công viên Nhân Chính - Khuất Duy Tiến,21.0034,105.8037,17.045,78.66055297851562,5.250898361206055,16.981081
2025-12-26 03:00:00,HN_NC,Công viên Nhân Chính - Khuất Duy Tiến,21.0034,105.8037,23.575,88.20231628417969,5.880274772644043,23.522552
2025-12-26 04:00:00,HN_NC,Công viên Nhân Chính - Khuất Duy Tiến,21.0034,105.8037,26.1775,96.19215393066406,6.233423233032227,26.032358
2025-12-26 05:00:00,HN_NC,Công viên Nhân Chính - Khuất Duy Tiến,21.0034,105.8037,20.715,104.57823181152344,6.852529525756836,20.442883
2025-12-26 06:00:00,HN_NC,Công viên Nhân Chính - Khuất Duy Tiến,21.0034,105.8037,8.4908,114.21296691894533,7.346293449401855,8.443081
2025-12-26 07:00:00,HN_NC,Công viên Nhân Chính - Khuất Duy Tiến,21.0034,105.8037,4.4992,121.83141326904295,9.405359268188477,4.5492883
2025-12-26 08:00:00,HN_NC,Công viên Nhân Chính - Khuất Duy Tiến,21.0034,105.8037,12.44,119.87024688720705,13.580970764160156,12.574018
2025-12-26 09:00:00,HN_NC,Công viên Nhân Chính - Khuất Duy Tiến,21.0034,105.8037,23.3458,114.6462631225586,18.51866340637207,23.2808
2025-12-26 10:00:00,HN_NC,Công viên Nhân Chính - Khuất Duy Tiến,21.0034,105.8037,27.2667,40.11808776855469,30.35548973083496,27.35152
2025-12-26 11:00:00,HN_NC,Công viên Nhân Chính - Khuất Duy Tiến,21.0034,105.8037,26.2162,136.2255401611328,47.416725158691406,26.370516
2025-12-26 12:00:00,HN_NC,Công viên Nhân Chính - Khuất Duy Tiến,21.0034,105.8037,15.9392,169.25914001464844,60.53491973876953,16.127325
2025-12-26 13:00:00,HN_NC,Công viên Nhân Chính - Khuất Duy Tiến,21.0034,105.8037,12.4625,187.5412139892578,72.30421447753906,12.554046
2025-12-26 14:00:00,HN_NC,Công viên Nhân Chính - Khuất Duy Tiến,21.0034,105.8037,22.7125,203.1024932861328,82.02650451660156,22.567953
2025-12-26 15:00:00,HN_NC,Công viên Nhân Chính - Khuất Duy Tiến,21.0034,105.8037,34.8975,193.89471435546875,88.48898315429688,34.79655
2025-12-26 16:00:00,HN_NC,Công viên Nhân Chính - Khuất Duy Tiến,21.0034,105.8037,40.6575,188.5117034912109,85.75978088378906,40.609768
2025-12-26 17:00:00,HN_NC,Công viên Nhân Chính - Khuất Duy Tiến,21.0034,105.8037,33.9075,178.42990112304688,71.85484313964844,34.091625
2025-12-26 18:00:00,HN_NC,Công viên Nhân Chính - Khuất Duy Tiến,21.0034,105.8037,30.8892,138.5875244140625,50.28897857666016,30.978327
2025-12-26 19:00:00,HN_NC,Công viên Nhân Chính - Khuất Duy Tiến,21.0034,105.8037,31.7533,123.48587799072266,35.847320556640625,31.710941
2025-12-26 20:00:00,HN_NC,Công viên Nhân Chính - Khuất Duy Tiến,21.0034,105.8037,39.2725,125.16675567626952,30.42450714111328,39.078644
2025-12-26 21:00:00,HN_NC,Công viên Nhân Chính - Khuất Duy Tiến,21.0034,105.8037,40.8508,127.66803741455078,30.021163940429688,40.912895
2025-12-26 22:00:00,HN_NC,Công viên Nhân Chính - Khuất Duy Tiến,21.0034,105.8037,39.5167,129.04669189453125,30.27898406982422,39.684246
2025-12-26 23:00:00,HN_NC,Công viên Nhân Chính - Khuất Duy Tiến,21.0034,105.8037,32.2883,135.90293884277344,30.47101593017578,32.160824
2025-12-27 00:00:00,HN_NC,Công viên Nhân Chính - Khuất Duy Tiến,21.0034,105.8037,18.6358,197.31838989257807,4.957128047943115,18.783054
2025-12-27 01:00:00,HN_NC,Công viên Nhân Chính - Khuất Duy Tiến,21.0034,105.8037,18.585,172.65858459472656,7.934578895568848,18.740784
2025-12-27 02:00:00,HN_NC,Công viên Nhân Chính - Khuất Duy Tiến,21.0034,105.8037,25.7217,172.54986572265625,9.415748596191406,25.509214
2025-12-27 03:00:00,HN_NC,Công viên Nhân Chính - Khuất Duy Tiến,21.0034,105.8037,43.005,171.34896850585938,12.76793098449707,43.182724
2025-12-27 04:00:00,HN_NC,Công viên Nhân Chính - Khuất Duy Tiến,21.0034,105.8037,50.5567,161.27027893066406,17.73008155822754,50.1826
2025-12-27 05:00:00,HN_NC,Công viên Nhân Chính - Khuất Duy Tiến,21.0034,105.8037,41.0475,156.71356201171875,22.798254013061523,41.322407
2025-12-27 06:00:00,HN_NC,Công viên Nhân Chính - Khuất Duy Tiến,21.0034,105.8037,28.7592,151.46690368652344,30.04338836669922,28.719398
2025-12-27 07:00:00,HN_NC,Công viên Nhân Chính - Khuất Duy Tiến,21.0034,105.8037,26.4958,162.59521484375,34.88357162475586,26.601435
2025-12-27 08:00:00,HN_NC,Công viên Nhân Chính - Khuất Duy Tiến,21.0034,105.8037,27.5283,175.6431121826172,37.88434219360352,27.376091
2025-12-27 09:00:00,HN_NC,Công viên Nhân Chính - Khuất Duy Tiến,21.0034,105.8037,35.41,165.72079467773438,42.72121047973633,35.390556
2025-12-27 10:00:00,HN_NC,Công viên Nhân Chính - Khuất Duy Tiến,21.0034,105.8037,44.4833,162.83447265625,66.10356903076172,44.40638
2025-12-27 11:00:00,HN_NC,Công viên Nhân Chính - Khuất Duy Tiến,21.0034,105.8037,40.1475,195.7750244140625,86.99937438964844,40.258896
2025-12-27 12:00:00,HN_NC,Công viên Nhân Chính - Khuất Duy Tiến,21.0034,105.8037,34.7917,237.1114959716797,90.44224548339844,34.859188
2025-12-27 13:00:00,HN_NC,Công viên Nhân Chính - Khuất Duy Tiến,21.0034,105.8037,52.6258,246.336166381836,80.27530670166016,52.494213
2025-12-27 14:00:00,HN_NC,Công viên Nhân Chính - Khuất Duy Tiến,21.0034,105.8037,58.2308,221.299545288086,51.55936050415039,57.983555
2025-12-27 15:00:00,HN_NC,Công viên Nhân Chính - Khuất Duy Tiến,21.0034,105.8037,56.3417,192.9027709960937,41.145111083984375,56.229584
2025-12-27 16:00:00,HN_NC,Công viên Nhân Chính - Khuất Duy Tiến,21.0034,105.8037,47.9808,180.16246032714844,41.108158111572266,47.98619
2025-12-27 17:00:00,HN_NC,Công viên Nhân Chính - Khuất Duy Tiến,21.0034,105.8037,44.6367,175.180419921875,39.781837463378906,44.805046
2025-12-27 18:00:00,HN_NC,Công viên Nhân Chính - Khuất Duy Tiến,21.0034,105.8037,45.1908,175.12149047851562,34.16333770751953,45.15986
2025-12-27 19:00:00,HN_NC,Công viên Nhân Chính - Khuất Duy Tiến,21.0034,105.8037,48.2183,176.30014038085938,34.494407653808594,48.140972
2025-12-27 20:00:00,HN_NC,Công viên Nhân Chính - Khuất Duy Tiến,21.0034,105.8037,42.7117,179.5673370361328,38.6173095703125,42.848476
2025-12-27 21:00:00,HN_NC,Công viên Nhân Chính - Khuất Duy Tiến,21.0034,105.8037,41.1325,182.59548950195312,39.23334884643555,41.602985
2025-12-27 22:00:00,HN_NC,Công viên Nhân Chính - Khuất Duy Tiến,21.0034,105.8037,45.5842,187.30401611328125,36.93818283081055,45.067898
2025-12-27 23:00:00,HN_NC,Công viên Nhân Chính - Khuất Duy Tiến,21.0034,105.8037,50.0767,197.08595275878903,33.03382873535156,50.244896
2025-12-28 00:00:00,HN_NC,Công viên Nhân Chính - Khuất Duy Tiến,21.0034,105.8037,55.5683,207.3804626464844,4.702618598937988,55.31076
2025-12-28 01:00:00,HN_NC,Công viên Nhân Chính - Khuất Duy Tiến,21.0034,105.8037,58.1008,233.2592315673828,7.840895652770996,58.112476
2025-12-28 02:00:00,HN_NC,Công viên Nhân Chính - Khuất Duy Tiến,21.0034,105.8037,58.0942,242.1692352294922,8.657454490661621,58.252483
2025-12-28 03:00:00,HN_NC,Công viên Nhân Chính - Khuất Duy Tiến,21.0034,105.8037,67.465,239.07598876953125,9.116559028625488,67.5149
2025-12-28 04:00:00,HN_NC,Công viên Nhân Chính - Khuất Duy Tiến,21.0034,105.8037,78.2983,223.1962127685547,12.425043106079102,78.20598
2025-12-28 05:00:00,HN_NC,Công viên Nhân Chính - Khuất Duy Tiến,21.0034,105.8037,81.1542,201.2196655273437,17.596126556396484,80.99407
2025-12-28 06:00:00,HN_NC,Công viên Nhân Chính - Khuất Duy Tiến,21.0034,105.8037,72.975,179.55735778808594,21.57069396972656,73.38162
2025-12-28 07:00:00,HN_NC,Công viên Nhân Chính - Khuất Duy Tiến,21.0034,105.8037,63.3633,165.57699584960938,22.34145736694336,63.31844
2025-12-28 08:00:00,HN_NC,Công viên Nhân Chính - Khuất Duy Tiến,21.0034,105.8037,59.29,159.11241149902344,21.89472007751465,59.271976
2025-12-28 09:00:00,HN_NC,Công viên Nhân Chính - Khuất Duy Tiến,21.0034,105.8037,59.57,158.74266052246094,21.118072509765625,59.7424
2025-12-28 10:00:00,HN_NC,Công viên Nhân Chính - Khuất Duy Tiến,21.0034,105.8037,67.9892,166.58108520507812,28.116878509521484,67.94378
2025-12-28 11:00:00,HN_NC,Công viên Nhân Chính - Khuất Duy Tiến,21.0034,105.8037,76.6275,191.77362060546875,32.5538330078125,76.6554
2025-12-28 12:00:00,HN_NC,Công viên Nhân Chính - Khuất Duy Tiến,21.0034,105.8037,81.2958,239.36593627929688,32.62092590332031,81.17088
2025-12-28 13:00:00,HN_NC,Công viên Nhân Chính - Khuất Duy Tiến,21.0034,105.8037,81.7825,282.1982421875,25.256977081298828,81.962265
2025-12-28 14:00:00,HN_NC,Công viên Nhân Chính - Khuất Duy Tiến,21.0034,105.8037,80.3317,286.44781494140625,22.179107666015625,80.33244
2025-12-28 15:00:00,HN_NC,Công viên Nhân Chính - Khuất Duy Tiến,21.0034,105.8037,73.5858,290.9637145996094,23.472904205322266,73.42724
2025-12-28 16:00:00,HN_NC,Công viên Nhân Chính - Khuất Duy Tiến,21.0034,105.8037,64.1667,336.55816650390625,26.135929107666016,64.22503
2025-12-28 17:00:00,HN_NC,Công viên Nhân Chính - Khuất Duy Tiến,21.0034,105.8037,60.3808,385.1888732910156,33.49284362792969,60.64825
2025-12-28 18:00:00,HN_NC,Công viên Nhân Chính - Khuất Duy Tiến,21.0034,105.8037,61.5258,369.24267578125,73.30022430419922,61.529762
2025-12-28 19:00:00,HN_NC,Công viên Nhân Chính - Khuất Duy Tiến,21.0034,105.8037,67.7275,337.29376220703125,172.91612243652344,67.62552
2025-12-28 20:00:00,HN_NC,Công viên Nhân Chính - Khuất Duy Tiến,21.0034,105.8037,71.9225,286.305419921875,287.7005310058594,71.871635
2025-12-28 21:00:00,HN_NC,Công viên Nhân Chính - Khuất Duy Tiến,21.0034,105.8037,76.4875,244.1563415527344,343.1716003417969,76.60291
2025-12-28 22:00:00,HN_NC,Công viên Nhân Chính - Khuất Duy Tiến,21.0034,105.8037,89.3183,218.08457946777344,362.9211120605469,89.21857
2025-12-28 23:00:00,HN_NC,Công viên Nhân Chính - Khuất Duy Tiến,21.0034,105.8037,91.8983,208.8201599121093,352.1321105957031,91.90978
2025-12-29 00:00:00,HN_NC,Công viên Nhân Chính - Khuất Duy Tiến,21.0034,105.8037,90.035,232.60577392578125,5.6591973304748535,90.06219
2025-12-29 01:00:00,HN_NC,Công viên Nhân Chính - Khuất Duy Tiến,21.0034,105.8037,87.3492,265.7543640136719,11.206321716308594,87.4201
2025-12-29 02:00:00,HN_NC,Công viên Nhân Chính - Khuất Duy Tiến,21.0034,105.8037,86.6358,253.728759765625,13.48044776916504,86.5795
2025-12-29 03:00:00,HN_NC,Công viên Nhân Chính - Khuất Duy Tiến,21.0034,105.8037,85.2975,234.71774291992188,12.720085144042969,85.350296
2025-12-29 04:00:00,HN_NC,Công viên Nhân Chính - Khuất Duy Tiến,21.0034,105.8037,82.7533,198.5216522216797,11.250859260559082,82.72409
2025-12-29 05:00:00,HN_NC,Công viên Nhân Chính - Khuất Duy Tiến,21.0034,105.8037,77.5625,164.82814025878906,10.930514335632324,77.62988
2025-12-29 06:00:00,HN_NC,Công viên Nhân Chính - Khuất Duy Tiến,21.0034,105.8037,79.0883,186.3666534423828,12.301277160644531,79.172035
2025-12-29 07:00:00,HN_NC,Công viên Nhân Chính - Khuất Duy Tiến,21.0034,105.8037,80.1358,146.32000732421875,13.929266929626465,79.70947
2025-12-29 08:00:00,HN_NC,Công viên Nhân Chính - Khuất Duy Tiến,21.0034,105.8037,69.5425,148.2058868408203,15.537129402160645,70.03332
2025-12-29 09:00:00,HN_NC,Công viên Nhân Chính - Khuất Duy Tiến,21.0034,105.8037,61.4692,127.59862518310548,16.93212127685547,61.564026
2025-12-29 10:00:00,HN_NC,Công viên Nhân Chính - Khuất Duy Tiến,21.0034,105.8037,58.2183,146.81785583496094,22.35077667236328,58.201225
2025-12-29 11:00:00,HN_NC,Công viên Nhân Chính - Khuất Duy Tiến,21.0034,105.8037,58.1175,152.99266052246094,22.794309616088867,57.99429
2025-12-29 12:00:00,HN_NC,Công viên Nhân Chính - Khuất Duy Tiến,21.0034,105.8037,58.3875,171.74171447753906,14.242554664611816,58.641705
2025-12-29 13:00:00,HN_NC,Công viên Nhân Chính - Khuất Duy Tiến,21.0034,105.8037,57.1292,173.18521118164062,15.019203186035156,56.77015
2025-12-29 14:00:00,HN_NC,Công viên Nhân Chính - Khuất Duy Tiến,21.0034,105.8037,56.5908,207.9832458496093,19.273500442504883,56.554466
2025-12-29 15:00:00,HN_NC,Công viên Nhân Chính - Khuất Duy Tiến,21.0034,105.8037,56.275,179.8647003173828,26.192834854125977,56.242687
2025-12-29 16:00:00,HN_NC,Công viên Nhân Chính - Khuất Duy Tiến,21.0034,105.8037,54.0083,211.60153198242188,32.97285079956055,54.229332
2025-12-29 17:00:00,HN_NC,Công viên Nhân Chính - Khuất Duy Tiến,21.0034,105.8037,54.2467,152.7010498046875,38.2899284362793,54.368847
2025-12-29 18:00:00,HN_NC,Công viên Nhân Chính - Khuất Duy Tiến,21.0034,105.8037,56.34,150.85699462890625,69.80403137207031,56.12548
2025-12-29 19:00:00,HN_NC,Công viên Nhân Chính - Khuất Duy Tiến,21.0034,105.8037,56.9083,204.68948364257807,120.33377075195312,56.613346
2025-12-29 20:00:00,HN_NC,Công viên Nhân Chính - Khuất Duy Tiến,21.0034,105.8037,51.8725,202.65187072753903,124.74055480957033,51.839577
2025-12-29 21:00:00,HN_NC,Công viên Nhân Chính - Khuất Duy Tiến,21.0034,105.8037,40.23,199.49850463867188,132.8756103515625,40.294334
2025-12-29 22:00:00,HN_NC,Công viên Nhân Chính - Khuất Duy Tiến,21.0034,105.8037,35.7583,197.01808166503903,128.38722229003906,35.66376
2025-12-29 23:00:00,HN_NC,Công viên Nhân Chính - Khuất Duy Tiến,21.0034,105.8037,41.54,194.9736328125,99.4994125366211,41.58539
2025-12-30 00:00:00,HN_NC,Công viên Nhân Chính - Khuất Duy Tiến,21.0034,105.8037,49.895,131.95106506347656,5.100906848907471,50.163883
2025-12-30 01:00:00,HN_NC,Công viên Nhân Chính - Khuất Duy Tiến,21.0034,105.8037,53.215,131.70779418945312,7.477528572082519,53.153557
2025-12-30 02:00:00,HN_NC,Công viên Nhân Chính - Khuất Duy Tiến,21.0034,105.8037,54.5558,144.70375061035156,4.987785339355469,54.433327
2025-12-30 03:00:00,HN_NC,Công viên Nhân Chính - Khuất Duy Tiến,21.0034,105.8037,54.9408,143.9338836669922,3.985854625701904,54.900475
2025-12-30 04:00:00,HN_NC,Công viên Nhân Chính - Khuất Duy Tiến,21.0034,105.8037,56.7192,139.65196228027344,4.87992525100708,56.876453
2025-12-30 05:00:00,HN_NC,Công viên Nhân Chính - Khuất Duy Tiến,21.0034,105.8037,57.7567,137.32757568359375,6.258244037628174,57.632233
2025-12-30 06:00:00,HN_NC,Công viên Nhân Chính - Khuất Duy Tiến,21.0034,105.8037,65.6533,135.46902465820312,6.863826751708984,65.71892
2025-12-30 07:00:00,HN_NC,Công viên Nhân Chính - Khuất Duy Tiến,21.0034,105.8037,70.1275,136.06454467773438,8.908236503601074,70.098076
2025-12-30 08:00:00,HN_NC,Công viên Nhân Chính - Khuất Duy Tiến,21.0034,105.8037,64.0025,135.2249298095703,11.159749984741213,64.05498
2025-12-30 09:00:00,HN_NC,Công viên Nhân Chính - Khuất Duy Tiến,21.0034,105.8037,58.7758,137.87966918945312,12.65959358215332,58.33505
2025-12-30 10:00:00,HN_NC,Công viên Nhân Chính - Khuất Duy Tiến,21.0034,105.8037,52.23,152.0236358642578,20.355934143066406,52.214756
2025-12-30 11:00:00,HN_NC,Công viên Nhân Chính - Khuất Duy Tiến,21.0034,105.8037,51.1392,174.244873046875,22.2368392944336,51.451992
2025-12-30 12:00:00,HN_NC,Công viên Nhân Chính - Khuất Duy Tiến,21.0034,105.8037,52.7833,200.5341339111328,20.19599151611328,52.930275
2025-12-30 13:00:00,HN_NC,Công viên Nhân Chính - Khuất Duy Tiến,21.0034,105.8037,50.91,224.3431854248047,19.666004180908203,50.84196
2025-12-30 14:00:00,HN_NC,Công viên Nhân Chính - Khuất Duy Tiến,21.0034,105.8037,44.45,211.34097290039065,21.32469749450684,44.555748
2025-12-30 15:00:00,HN_NC,Công viên Nhân Chính - Khuất Duy Tiến,21.0034,105.8037,40.7467,195.6485595703125,24.588165283203125,40.602703
2025-12-30 16:00:00,HN_NC,Công viên Nhân Chính - Khuất Duy Tiến,21.0034,105.8037,35.2717,196.57321166992188,32.26719284057617,35.285637
2025-12-30 17:00:00,HN_NC,Công viên Nhân Chính - Khuất Duy Tiến,21.0034,105.8037,38.6008,197.1583404541016,153.9505615234375,38.705566
2025-12-30 18:00:00,HN_NC,Công viên Nhân Chính - Khuất Duy Tiến,21.0034,105.8037,38.1483,215.16265869140625,258.3691711425781,37.813602
2025-12-30 19:00:00,HN_NC,Công viên Nhân Chính - Khuất Duy Tiến,21.0034,105.8037,40.855,235.1934509277344,149.76834106445312,40.93235
2025-12-30 20:00:00,HN_NC,Công viên Nhân Chính - Khuất Duy Tiến,21.0034,105.8037,38.0475,238.6058654785156,102.7966079711914,38.113514
2025-12-30 21:00:00,HN_NC,Công viên Nhân Chính - Khuất Duy Tiến,21.0034,105.8037,33.1708,233.4327850341797,82.55260467529297,33.26128
2025-12-30 22:00:00,HN_NC,Công viên Nhân Chính - Khuất Duy Tiến,21.0034,105.8037,31.8933,226.21568298339844,96.19795989990234,31.940462
2025-12-30 23:00:00,HN_NC,Công viên Nhân Chính - Khuất Duy Tiến,21.0034,105.8037,38.0808,228.9208221435547,124.3017120361328,37.86446
2025-12-31 00:00:00,HN_NC,Công viên Nhân Chính - Khuất Duy Tiến,21.0034,105.8037,43.7575,112.47071075439452,36.02016830444336,43.76985
2025-12-31 01:00:00,HN_NC,Công viên Nhân Chính - Khuất Duy Tiến,21.0034,105.8037,47.5467,138.15762329101562,73.0055923461914,47.281536
2025-12-31 02:00:00,HN_NC,Công viên Nhân Chính - Khuất Duy Tiến,21.0034,105.8037,50.5242,181.286865234375,87.59750366210938,50.48703
2025-12-31 03:00:00,HN_NC,Công viên Nhân Chính - Khuất Duy Tiến,21.0034,105.8037,46.335,208.8673553466797,74.4356918334961,46.424862
2025-12-31 04:00:00,HN_NC,Công viên Nhân Chính - Khuất Duy Tiến,21.0034,105.8037,43.1242,255.3193206787109,43.08395767211914,43.144207
2025-12-31 05:00:00,HN_NC,Công viên Nhân Chính - Khuất Duy Tiến,21.0034,105.8037,45.1283,196.10040283203125,19.947660446166992,45.02026
2025-12-31 06:00:00,HN_NC,Công viên Nhân Chính - Khuất Duy Tiến,21.0034,105.8037,46.31,153.38290405273438,16.566558837890625,46.072525
2025-12-31 07:00:00,HN_NC,Công viên Nhân Chính - Khuất Duy Tiến,21.0034,105.8037,47.6467,142.97825622558594,18.27354621887207,47.787605
2025-12-31 08:00:00,HN_NC,Công viên Nhân Chính - Khuất Duy Tiến,21.0034,105.8037,41.34,144.6553192138672,20.76430320739746,41.401
2025-12-31 09:00:00,HN_NC,Công viên Nhân Chính - Khuất Duy Tiến,21.0034,105.8037,36.3425,117.48558807373048,24.765182495117188,36.439144
2025-12-31 10:00:00,HN_NC,Công viên Nhân Chính - Khuất Duy Tiến,21.0034,105.8037,34.0617,83.77574920654297,30.942317962646484,34.42055
2025-12-31 11:00:00,HN_NC,Công viên Nhân Chính - Khuất Duy Tiến,21.0034,105.8037,37.7108,78.91925811767578,34.06546401977539,37.517353
2025-12-31 12:00:00,HN_NC,Công viên Nhân Chính - Khuất Duy Tiến,21.0034,105.8037,41.7775,83.38584899902344,26.582305908203125,41.503967
2025-12-31 13:00:00,HN_NC,Công viên Nhân Chính - Khuất Duy Tiến,21.0034,105.8037,39.6517,88.46089172363281,18.741405487060547,39.919327
2025-12-31 14:00:00,HN_NC,Công viên Nhân Chính - Khuất Duy Tiến,21.0034,105.8037,37.195,95.24248504638672,19.36541748046875,37.05818
2025-12-31 15:00:00,HN_NC,Công viên Nhân Chính - Khuất Duy Tiến,21.0034,105.8037,31.7683,84.60646057128906,23.599891662597656,31.85609
2025-12-31 16:00:00,HN_NC,Công viên Nhân Chính - Khuất Duy Tiến,21.0034,105.8037,29.4525,80.55755615234375,30.7981185913086,29.761267
2025-12-31 17:00:00,HN_NC,Công viên Nhân Chính - Khuất Duy Tiến,21.0034,105.8037,29.0017,80.86306762695312,37.09134292602539,29.129362
2025-12-31 18:00:00,HN_NC,Công viên Nhân Chính - Khuất Duy Tiến,21.0034,105.8037,31.8875,82.8782958984375,38.61664581298828,31.781904
2025-12-31 19:00:00,HN_NC,Công viên Nhân Chính - Khuất Duy Tiến,21.0034,105.8037,35.7817,85.12651824951172,460.1863403320313,35.446995
2025-12-31 20:00:00,HN_NC,Công viên Nhân Chính - Khuất Duy Tiến,21.0034,105.8037,33.2925,96.77225494384766,562.6171264648438,33.465702
2025-12-31 21:00:00,HN_NC,Công viên Nhân Chính - Khuất Duy Tiến,21.0034,105.8037,30.0225,117.08666229248048,497.378173828125,30.049185
2025-12-31 22:00:00,HN_NC,Công viên Nhân Chính - Khuất Duy Tiến,21.0034,105.8037,28.6867,138.93605041503906,381.1425476074219,28.835539
2025-12-31 23:00:00,HN_NC,Công viên Nhân Chính - Khuất Duy Tiến,21.0034,105.8037,30.5858,162.07119750976562,87.9518814086914,30.657906
2025-12-25 06:00:00,HN_NVC,556 Nguyễn Văn Cừ,21.0492,105.8827,8.655,9.153844833374023,4.558811187744141,8.715522
2025-12-25 07:00:00,HN_NVC,556 Nguyễn Văn Cừ,21.0492,105.8827,9.325,9.284465789794922,6.256500244140625,9.059787
2025-12-25 08:00:00,HN_NVC,556 Nguyễn Văn Cừ,21.0492,105.8827,10.6267,9.942466735839844,8.839436531066895,10.669187
2025-12-25 09:00:00,HN_NVC,556 Nguyễn Văn Cừ,21.0492,105.8827,12.0,10.066710472106934,10.553655624389648,11.920472
2025-12-25 10:00:00,HN_NVC,556 Nguyễn Văn Cừ,21.0492,105.8827,15.995,9.550318717956545,16.364839553833008,16.079103
2025-12-25 11:00:00,HN_NVC,556 Nguyễn Văn Cừ,21.0492,105.8827,26.7133,9.268287658691406,20.632057189941406,26.4159
2025-12-25 12:00:00,HN_NVC,556 Nguyễn Văn Cừ,21.0492,105.8827,30.8142,10.36141586303711,18.465370178222656,30.748676
2025-12-25 13:00:00,HN_NVC,556 Nguyễn Văn Cừ,21.0492,105.8827,31.825,11.448158264160156,16.81654167175293,31.85992
2025-12-25 14:00:00,HN_NVC,556 Nguyễn Văn Cừ,21.0492,105.8827,23.9283,11.739372253417969,17.398448944091797,23.871151
2025-12-25 15:00:00,HN_NVC,556 Nguyễn Văn Cừ,21.0492,105.8827,20.4958,12.940957069396973,20.29609680175781,20.792326
2025-12-25 16:00:00,HN_NVC,556 Nguyễn Văn Cừ,21.0492,105.8827,19.4842,12.942265510559082,25.10794448852539,19.27428
2025-12-25 17:00:00,HN_NVC,556 Nguyễn Văn Cừ,21.0492,105.8827,19.0475,10.93606185913086,26.943523406982425,19.226309
2025-12-25 18:00:00,HN_NVC,556 Nguyễn Văn Cừ,21.0492,105.8827,27.975,10.728720664978027,23.664522171020508,27.83762
2025-12-25 19:00:00,HN_NVC,556 Nguyễn Văn Cừ,21.0492,105.8827,38.1567,11.327638626098633,19.61781120300293,38.272808
2025-12-25 20:00:00,HN_NVC,556 Nguyễn Văn Cừ,21.0492,105.8827,46.8692,11.87447452545166,16.548246383666992,46.872658
2025-12-25 21:00:00,HN_NVC,556 Nguyễn Văn Cừ,21.0492,105.8827,47.8617,12.217323303222656,14.639354705810549,47.76957
2025-12-25 22:00:00,HN_NVC,556 Nguyễn Văn Cừ,21.0492,105.8827,44.5042,13.09178352355957,13.472164154052734,44.401485
2025-12-25 23:00:00,HN_NVC,556 Nguyễn Văn Cừ,21.0492,105.8827,39.0658,14.99127197265625,14.20999526977539,39.125126
2025-12-26 00:00:00,HN_NVC,556 Nguyễn Văn Cừ,21.0492,105.8827,38.53,66.03772735595703,2.715731143951416,38.60418
2025-12-26 01:00:00,HN_NVC,556 Nguyễn Văn Cừ,21.0492,105.8827,35.955,69.87703704833984,3.2539103031158447,35.835552
2025-12-26 02:00:00,HN_NVC,556 Nguyễn Văn Cừ,21.0492,105.8827,27.8442,78.66055297851562,3.805823564529419,27.88486
2025-12-26 03:00:00,HN_NVC,556 Nguyễn Văn Cừ,21.0492,105.8827,24.0633,88.20231628417969,4.785524845123291,24.221191
2025-12-26 04:00:00,HN_NVC,556 Nguyễn Văn Cừ,21.0492,105.8827,25.05,96.19215393066406,6.18820858001709,24.853153
2025-12-26 05:00:00,HN_NVC,556 Nguyễn Văn Cừ,21.0492,105.8827,22.5867,104.57823181152344,6.745753765106201,22.717646
2025-12-26 06:00:00,HN_NVC,556 Nguyễn Văn Cừ,21.0492,105.8827,17.8342,114.21296691894533,7.1247968673706055,18.089594
2025-12-26 07:00:00,HN_NVC,556 Nguyễn Văn Cừ,21.0492,105.8827,16.8008,121.83141326904295,8.265923500061035,16.58548
2025-12-26 08:00:00,HN_NVC,556 Nguyễn Văn Cừ,21.0492,105.8827,18.3825,119.87024688720705,10.721652030944824,18.397654
2025-12-26 09:00:00,HN_NVC,556 Nguyễn Văn Cừ,21.0492,105.8827,27.8767,114.6462631225586,13.660629272460938,27.886423
2025-12-26 10:00:00,HN_NVC,556 Nguyễn Văn Cừ,21.0492,105.8827,37.0808,40.11808776855469,21.7768497467041,36.97796
2025-12-26 11:00:00,HN_NVC,556 Nguyễn Văn Cừ,21.0492,105.8827,40.0325,136.2255401611328,35.07859802246094,40.01174
2025-12-26 12:00:00,HN_NVC,556 Nguyễn Văn Cừ,21.0492,105.8827,40.36,169.25914001464844,46.79343032836914,40.34099
2025-12-26 13:00:00,HN_NVC,556 Nguyễn Văn Cừ,21.0492,105.8827,45.8217,187.5412139892578,58.12299346923828,45.92626
2025-12-26 14:00:00,HN_NVC,556 Nguyễn Văn Cừ,21.0492,105.8827,51.9333,203.1024932861328,67.82035827636719,51.845577
2025-12-26 15:00:00,HN_NVC,556 Nguyễn Văn Cừ,21.0492,105.8827,48.68,193.89471435546875,63.57591247558594,48.85131
2025-12-26 16:00:00,HN_NVC,556 Nguyễn Văn Cừ,21.0492,105.8827,46.8525,188.5117034912109,43.34953689575195,46.698444
2025-12-26 17:00:00,HN_NVC,556 Nguyễn Văn Cừ,21.0492,105.8827,42.32,178.42990112304688,31.09421157836914,42.413746
2025-12-26 18:00:00,HN_NVC,556 Nguyễn Văn Cừ,21.0492,105.8827,40.1467,138.5875244140625,23.25657844543457,40.372215
2025-12-26 19:00:00,HN_NVC,556 Nguyễn Văn Cừ,21.0492,105.8827,56.1125,123.48587799072266,18.926288604736328,56.001106
2025-12-26 20:00:00,HN_NVC,556 Nguyễn Văn Cừ,21.0492,105.8827,72.72,125.16675567626952,19.015087127685547,72.36476
2025-12-26 21:00:00,HN_NVC,556 Nguyễn Văn Cừ,21.0492,105.8827,63.4283,127.66803741455078,21.742475509643555,63.65812
2025-12-26 22:00:00,HN_NVC,556 Nguyễn Văn Cừ,21.0492,105.8827,44.3325,129.04669189453125,24.54158401489257,44.51295
2025-12-26 23:00:00,HN_NVC,556 Nguyễn Văn Cừ,21.0492,105.8827,33.5658,135.90293884277344,25.96987533569336,33.79735
2025-12-27 00:00:00,HN_NVC,556 Nguyễn Văn Cừ,21.0492,105.8827,34.28,197.31838989257807,3.484225034713745,34.3053
2025-12-27 01:00:00,HN_NVC,556 Nguyễn Văn Cừ,21.0492,105.8827,41.9692,172.65858459472656,6.20906925201416,41.93301
2025-12-27 02:00:00,HN_NVC,556 Nguyễn Văn Cừ,21.0492,105.8827,55.8692,172.54986572265625,7.972038269042969,55.587463
2025-12-27 03:00:00,HN_NVC,556 Nguyễn Văn Cừ,21.0492,105.8827,52.6283,171.34896850585938,9.749942779541016,52.625183
2025-12-27 04:00:00,HN_NVC,556 Nguyễn Văn Cừ,21.0492,105.8827,46.4492,161.27027893066406,12.118206024169922,46.9595
2025-12-27 05:00:00,HN_NVC,556 Nguyễn Văn Cừ,21.0492,105.8827,47.6208,156.71356201171875,14.0463228225708,47.74063
2025-12-27 06:00:00,HN_NVC,556 Nguyễn Văn Cừ,21.0492,105.8827,47.1025,151.46690368652344,15.216951370239258,46.809666
2025-12-27 07:00:00,HN_NVC,556 Nguyễn Văn Cừ,21.0492,105.8827,41.4775,162.59521484375,14.595672607421877,41.318764
2025-12-27 08:00:00,HN_NVC,556 Nguyễn Văn Cừ,21.0492,105.8827,38.2408,175.6431121826172,15.151410102844238,38.176353
2025-12-27 09:00:00,HN_NVC,556 Nguyễn Văn Cừ,21.0492,105.8827,45.7242,165.72079467773438,16.225561141967773,45.601913
2025-12-27 10:00:00,HN_NVC,556 Nguyễn Văn Cừ,21.0492,105.8827,52.9492,162.83447265625,24.996734619140625,52.882046
2025-12-27 11:00:00,HN_NVC,556 Nguyễn Văn Cừ,21.0492,105.8827,57.8067,195.7750244140625,37.54682540893555,57.841373
2025-12-27 12:00:00,HN_NVC,556 Nguyễn Văn Cừ,21.0492,105.8827,64.5283,237.1114959716797,38.73362350463867,64.46731
2025-12-27 13:00:00,HN_NVC,556 Nguyễn Văn Cừ,21.0492,105.8827,69.82,246.336166381836,24.26815795898437,69.51495
2025-12-27 14:00:00,HN_NVC,556 Nguyễn Văn Cừ,21.0492,105.8827,67.5567,221.299545288086,15.446334838867188,67.62645
2025-12-27 15:00:00,HN_NVC,556 Nguyễn Văn Cừ,21.0492,105.8827,68.7917,192.9027709960937,16.293365478515625,68.908005
2025-12-27 16:00:00,HN_NVC,556 Nguyễn Văn Cừ,21.0492,105.8827,64.1592,180.16246032714844,19.426189422607425,64.271545
2025-12-27 17:00:00,HN_NVC,556 Nguyễn Văn Cừ,21.0492,105.8827,66.2167,175.180419921875,23.59532928466797,65.938446
2025-12-27 18:00:00,HN_NVC,556 Nguyễn Văn Cừ,21.0492,105.8827,76.1425,175.12149047851562,26.38032341003418,76.164665
2025-12-27 19:00:00,HN_NVC,556 Nguyễn Văn Cừ,21.0492,105.8827,81.0333,176.30014038085938,29.223106384277344,81.13872
2025-12-27 20:00:00,HN_NVC,556 Nguyễn Văn Cừ,21.0492,105.8827,79.1825,179.5673370361328,29.39774703979492,79.287346
2025-12-27 21:00:00,HN_NVC,556 Nguyễn Văn Cừ,21.0492,105.8827,81.4908,182.59548950195312,28.74888229370117,81.18457
2025-12-27 22:00:00,HN_NVC,556 Nguyễn Văn Cừ,21.0492,105.8827,79.485,187.30401611328125,26.768218994140625,76.56381
2025-12-27 23:00:00,HN_NVC,556 Nguyễn Văn Cừ,21.0492,105.8827,74.1242,197.08595275878903,22.835941314697266,77.88965
2025-12-28 00:00:00,HN_NVC,556 Nguyễn Văn Cừ,21.0492,105.8827,78.1758,207.3804626464844,3.1284213066101074,77.97433
2025-12-28 01:00:00,HN_NVC,556 Nguyễn Văn Cừ,21.0492,105.8827,75.7808,233.2592315673828,6.049202919006348,78.89902
2025-12-28 02:00:00,HN_NVC,556 Nguyễn Văn Cừ,21.0492,105.8827,81.9825,242.1692352294922,8.971407890319824,83.15749
2025-12-28 03:00:00,HN_NVC,556 Nguyễn Văn Cừ,21.0492,105.8827,101.1,239.07598876953125,11.90290355682373,92.38666
2025-12-28 04:00:00,HN_NVC,556 Nguyễn Văn Cừ,21.0492,105.8827,94.2083,223.1962127685547,14.911075592041016,101.4553
2025-12-28 05:00:00,HN_NVC,556 Nguyễn Văn Cừ,21.0492,105.8827,72.6817,201.2196655273437,16.375715255737305,81.61643
2025-12-28 06:00:00,HN_NVC,556 Nguyễn Văn Cừ,21.0492,105.8827,60.5158,179.55735778808594,16.69219970703125,68.89172
2025-12-28 07:00:00,HN_NVC,556 Nguyễn Văn Cừ,21.0492,105.8827,58.8808,165.57699584960938,16.568397521972656,61.926716
2025-12-28 08:00:00,HN_NVC,556 Nguyễn Văn Cừ,21.0492,105.8827,67.9033,159.11241149902344,17.412384033203125,63.106815
2025-12-28 09:00:00,HN_NVC,556 Nguyễn Văn Cừ,21.0492,105.8827,74.1983,158.74266052246094,18.27627944946289,72.78608
2025-12-28 10:00:00,HN_NVC,556 Nguyễn Văn Cừ,21.0492,105.8827,81.845,166.58108520507812,20.26150131225586,78.73494
2025-12-28 11:00:00,HN_NVC,556 Nguyễn Văn Cừ,21.0492,105.8827,82.9092,191.77362060546875,21.70265007019043,78.74163
2025-12-28 12:00:00,HN_NVC,556 Nguyễn Văn Cừ,21.0492,105.8827,90.285,239.36593627929688,17.895122528076172,81.87506
2025-12-28 13:00:00,HN_NVC,556 Nguyễn Văn Cừ,21.0492,105.8827,103.5758,282.1982421875,10.963096618652344,100.83633
2025-12-28 14:00:00,HN_NVC,556 Nguyễn Văn Cừ,21.0492,105.8827,108.8325,286.44781494140625,10.119168281555176,111.79364
2025-12-28 15:00:00,HN_NVC,556 Nguyễn Văn Cừ,21.0492,105.8827,108.1292,290.9637145996094,11.118324279785156,117.73507
2025-12-28 16:00:00,HN_NVC,556 Nguyễn Văn Cừ,21.0492,105.8827,109.1525,336.55816650390625,13.368277549743652,114.76439
2025-12-28 17:00:00,HN_NVC,556 Nguyễn Văn Cừ,21.0492,105.8827,108.74,385.1888732910156,15.82261848449707,115.03266
2025-12-28 18:00:00,HN_NVC,556 Nguyễn Văn Cừ,21.0492,105.8827,104.1317,369.24267578125,34.01920700073242,114.70025
2025-12-28 19:00:00,HN_NVC,556 Nguyễn Văn Cừ,21.0492,105.8827,112.0625,337.29376220703125,65.47904205322266,113.80379
2025-12-28 20:00:00,HN_NVC,556 Nguyễn Văn Cừ,21.0492,105.8827,124.63,286.305419921875,264.495849609375,133.90698
2025-12-28 21:00:00,HN_NVC,556 Nguyễn Văn Cừ,21.0492,105.8827,125.495,244.1563415527344,398.7184143066406,141.54759
2025-12-28 22:00:00,HN_NVC,556 Nguyễn Văn Cừ,21.0492,105.8827,120.395,218.08457946777344,344.51123046875,137.5825
2025-12-28 23:00:00,HN_NVC,556 Nguyễn Văn Cừ,21.0492,105.8827,124.6742,208.8201599121093,314.41485595703125,133.55226
2025-12-29 00:00:00,HN_NVC,556 Nguyễn Văn Cừ,21.0492,105.8827,133.2275,232.60577392578125,3.3419580459594727,138.64244
2025-12-29 01:00:00,HN_NVC,556 Nguyễn Văn Cừ,21.0492,105.8827,136.3958,265.7543640136719,5.205573081970215,145.87735
2025-12-29 02:00:00,HN_NVC,556 Nguyễn Văn Cừ,21.0492,105.8827,135.9667,253.728759765625,5.701601028442383,154.47462
2025-12-29 03:00:00,HN_NVC,556 Nguyễn Văn Cừ,21.0492,105.8827,129.7067,234.71774291992188,5.802034854888916,150.0976
2025-12-29 04:00:00,HN_NVC,556 Nguyễn Văn Cừ,21.0492,105.8827,125.48,198.5216522216797,6.185487747192383,150.2353
2025-12-29 05:00:00,HN_NVC,556 Nguyễn Văn Cừ,21.0492,105.8827,122.3692,164.82814025878906,7.114583015441895,137.62277
2025-12-29 06:00:00,HN_NVC,556 Nguyễn Văn Cừ,21.0492,105.8827,118.8975,186.3666534423828,7.542205333709717,131.05022
2025-12-29 07:00:00,HN_NVC,556 Nguyễn Văn Cừ,21.0492,105.8827,109.9533,146.32000732421875,8.84465217590332,117.43663
2025-12-29 08:00:00,HN_NVC,556 Nguyễn Văn Cừ,21.0492,105.8827,100.3942,148.2058868408203,11.014920234680176,115.117195
2025-12-29 09:00:00,HN_NVC,556 Nguyễn Văn Cừ,21.0492,105.8827,92.9792,127.59862518310548,12.39596939086914,106.18374
2025-12-29 10:00:00,HN_NVC,556 Nguyễn Văn Cừ,21.0492,105.8827,85.1075,146.81785583496094,14.180734634399414,91.918594
2025-12-29 11:00:00,HN_NVC,556 Nguyễn Văn Cừ,21.0492,105.8827,87.6242,152.99266052246094,10.302034378051758,92.0258
2025-12-29 12:00:00,HN_NVC,556 Nguyễn Văn Cừ,21.0492,105.8827,89.1908,171.74171447753906,7.24589729309082,94.7661
2025-12-29 13:00:00,HN_NVC,556 Nguyễn Văn Cừ,21.0492,105.8827,87.0083,173.18521118164062,7.787655830383301,94.128784
2025-12-29 14:00:00,HN_NVC,556 Nguyễn Văn Cừ,21.0492,105.8827,76.7908,207.9832458496093,9.430383682250977,78.12004
2025-12-29 15:00:00,HN_NVC,556 Nguyễn Văn Cừ,21.0492,105.8827,71.0117,179.8647003173828,12.915159225463867,71.41697
2025-12-29 16:00:00,HN_NVC,556 Nguyễn Văn Cừ,21.0492,105.8827,68.7267,211.60153198242188,17.0681095123291,65.42318
2025-12-29 17:00:00,HN_NVC,556 Nguyễn Văn Cừ,21.0492,105.8827,66.9617,152.7010498046875,50.59168243408203,65.944626
2025-12-29 18:00:00,HN_NVC,556 Nguyễn Văn Cừ,21.0492,105.8827,70.0992,150.85699462890625,432.5570983886719,66.273766
2025-12-29 19:00:00,HN_NVC,556 Nguyễn Văn Cừ,21.0492,105.8827,77.5675,204.68948364257807,401.679931640625,73.48932
2025-12-29 20:00:00,HN_NVC,556 Nguyễn Văn Cừ,21.0492,105.8827,86.9542,202.65187072753903,228.421142578125,81.90579
2025-12-29 21:00:00,HN_NVC,556 Nguyễn Văn Cừ,21.0492,105.8827,96.2283,199.49850463867188,142.44314575195312,88.303734
2025-12-29 22:00:00,HN_NVC,556 Nguyễn Văn Cừ,21.0492,105.8827,94.475,197.01808166503903,87.16502380371094,95.45402
2025-12-29 23:00:00,HN_NVC,556 Nguyễn Văn Cừ,21.0492,105.8827,94.3867,194.9736328125,46.52510833740234,96.033966
2025-12-30 00:00:00,HN_NVC,556 Nguyễn Văn Cừ,21.0492,105.8827,81.5167,131.95106506347656,2.344332456588745,87.14835
2025-12-30 01:00:00,HN_NVC,556 Nguyễn Văn Cừ,21.0492,105.8827,71.2867,131.70779418945312,2.7423253059387207,76.25027
2025-12-30 02:00:00,HN_NVC,556 Nguyễn Văn Cừ,21.0492,105.8827,65.3367,144.70375061035156,2.4509992599487305,75.27491
2025-12-30 03:00:00,HN_NVC,556 Nguyễn Văn Cừ,21.0492,105.8827,69.25,143.9338836669922,2.9822194576263428,68.98836
2025-12-30 04:00:00,HN_NVC,556 Nguyễn Văn Cừ,21.0492,105.8827,75.2867,139.65196228027344,4.558932304382324,72.12321
2025-12-30 05:00:00,HN_NVC,556 Nguyễn Văn Cừ,21.0492,105.8827,78.8433,137.32757568359375,6.0174665451049805,77.36721
2025-12-30 06:00:00,HN_NVC,556 Nguyễn Văn Cừ,21.0492,105.8827,82.6667,135.46902465820312,6.612938404083252,78.753204
2025-12-30 07:00:00,HN_NVC,556 Nguyễn Văn Cừ,21.0492,105.8827,77.2042,136.06454467773438,6.8500165939331055,77.20978
2025-12-30 08:00:00,HN_NVC,556 Nguyễn Văn Cừ,21.0492,105.8827,80.3458,135.2249298095703,7.650846481323242,76.92267
2025-12-30 09:00:00,HN_NVC,556 Nguyễn Văn Cừ,21.0492,105.8827,80.2408,137.87966918945312,8.202951431274414,75.23318
2025-12-30 10:00:00,HN_NVC,556 Nguyễn Văn Cừ,21.0492,105.8827,82.0758,152.0236358642578,9.963894844055176,79.45507
2025-12-30 11:00:00,HN_NVC,556 Nguyễn Văn Cừ,21.0492,105.8827,83.4175,174.244873046875,8.726828575134277,82.06924
2025-12-30 12:00:00,HN_NVC,556 Nguyễn Văn Cừ,21.0492,105.8827,83.7408,200.5341339111328,7.920682907104492,82.73449
2025-12-30 13:00:00,HN_NVC,556 Nguyễn Văn Cừ,21.0492,105.8827,77.0692,224.3431854248047,8.544334411621094,79.28001
2025-12-30 14:00:00,HN_NVC,556 Nguyễn Văn Cừ,21.0492,105.8827,67.5692,211.34097290039065,10.90683364868164,75.75208
2025-12-30 15:00:00,HN_NVC,556 Nguyễn Văn Cừ,21.0492,105.8827,60.2117,195.6485595703125,14.75066375732422,67.12703
2025-12-30 16:00:00,HN_NVC,556 Nguyễn Văn Cừ,21.0492,105.8827,51.96,196.57321166992188,34.86054992675781,53.968346
2025-12-30 17:00:00,HN_NVC,556 Nguyễn Văn Cừ,21.0492,105.8827,44.7375,197.1583404541016,400.1090393066406,48.245464
2025-12-30 18:00:00,HN_NVC,556 Nguyễn Văn Cừ,21.0492,105.8827,39.4442,215.16265869140625,467.09576416015625,41.63198
2025-12-30 19:00:00,HN_NVC,556 Nguyễn Văn Cừ,21.0492,105.8827,47.2233,235.1934509277344,335.2817077636719,45.65694
2025-12-30 20:00:00,HN_NVC,556 Nguyễn Văn Cừ,21.0492,105.8827,52.6467,238.6058654785156,273.77862548828125,52.851807
2025-12-30 21:00:00,HN_NVC,556 Nguyễn Văn Cừ,21.0492,105.8827,58.3575,233.4327850341797,211.39453125,57.11109
2025-12-30 22:00:00,HN_NVC,556 Nguyễn Văn Cừ,21.0492,105.8827,62.1042,226.21568298339844,184.698471069336,61.480095
2025-12-30 23:00:00,HN_NVC,556 Nguyễn Văn Cừ,21.0492,105.8827,62.345,228.9208221435547,195.4201812744141,66.239815
2025-12-31 00:00:00,HN_NVC,556 Nguyễn Văn Cừ,21.0492,105.8827,64.7567,112.47071075439452,28.28554344177246,65.66959
2025-12-31 01:00:00,HN_NVC,556 Nguyễn Văn Cừ,21.0492,105.8827,68.3067,138.15762329101562,45.81093215942383,68.69224
2025-12-31 02:00:00,HN_NVC,556 Nguyễn Văn Cừ,21.0492,105.8827,68.745,181.286865234375,46.78950119018555,68.49067
2025-12-31 03:00:00,HN_NVC,556 Nguyễn Văn Cừ,21.0492,105.8827,62.5792,208.8673553466797,29.59944534301757,66.47558
2025-12-31 04:00:00,HN_NVC,556 Nguyễn Văn Cừ,21.0492,105.8827,62.4817,255.3193206787109,15.005701065063477,63.658398
2025-12-31 05:00:00,HN_NVC,556 Nguyễn Văn Cừ,21.0492,105.8827,72.6375,196.10040283203125,11.19975757598877,72.15295
2025-12-31 06:00:00,HN_NVC,556 Nguyễn Văn Cừ,21.0492,105.8827,86.965,153.38290405273438,11.18546199798584,84.09602
2025-12-31 07:00:00,HN_NVC,556 Nguyễn Văn Cừ,21.0492,105.8827,97.3167,142.97825622558594,13.04621124267578,91.47673
2025-12-31 08:00:00,HN_NVC,556 Nguyễn Văn Cừ,21.0492,105.8827,96.6658,144.6553192138672,18.76645851135254,101.77345
2025-12-31 09:00:00,HN_NVC,556 Nguyễn Văn Cừ,21.0492,105.8827,93.0692,117.48558807373048,24.546844482421875,98.21527
2025-12-31 10:00:00,HN_NVC,556 Nguyễn Văn Cừ,21.0492,105.8827,84.5567,83.77574920654297,12.982909202575684,87.60634
2025-12-31 11:00:00,HN_NVC,556 Nguyễn Văn Cừ,21.0492,105.8827,71.1758,78.91925811767578,8.628103256225586,77.902885
2025-12-31 12:00:00,HN_NVC,556 Nguyễn Văn Cừ,21.0492,105.8827,67.18,83.38584899902344,8.252723693847656,73.35925
2025-12-31 13:00:00,HN_NVC,556 Nguyễn Văn Cừ,21.0492,105.8827,64.09,88.46089172363281,8.406510353088379,64.18442
2025-12-31 14:00:00,HN_NVC,556 Nguyễn Văn Cừ,21.0492,105.8827,52.7217,95.24248504638672,9.1137056350708,54.30844
2025-12-31 15:00:00,HN_NVC,556 Nguyễn Văn Cừ,21.0492,105.8827,46.6767,84.60646057128906,11.234386444091797,44.763294
2025-12-31 16:00:00,HN_NVC,556 Nguyễn Văn Cừ,21.0492,105.8827,40.48,80.55755615234375,14.926544189453123,40.09624
2025-12-31 17:00:00,HN_NVC,556 Nguyễn Văn Cừ,21.0492,105.8827,35.0133,80.86306762695312,18.433025360107425,34.85162
2025-12-31 18:00:00,HN_NVC,556 Nguyễn Văn Cừ,21.0492,105.8827,40.2708,82.8782958984375,80.60333251953125,38.222847
2025-12-31 19:00:00,HN_NVC,556 Nguyễn Văn Cừ,21.0492,105.8827,49.3267,85.12651824951172,333.46142578125,48.77629
2025-12-31 20:00:00,HN_NVC,556 Nguyễn Văn Cừ,21.0492,105.8827,55.5025,96.77225494384766,279.0947265625,52.215458
2025-12-31 21:00:00,HN_NVC,556 Nguyễn Văn Cừ,21.0492,105.8827,56.3158,117.08666229248048,98.8964385986328,54.14054
2025-12-31 22:00:00,HN_NVC,556 Nguyễn Văn Cừ,21.0492,105.8827,57.7275,138.93605041503906,53.03160858154297,56.5089
2025-12-31 23:00:00,HN_NVC,556 Nguyễn Văn Cừ,21.0492,105.8827,58.3642,162.07119750976562,18.6430606842041,54.634453
