station_id,timestamp,vn_aqi,vn_aqi_recomputed_from_obs,diff_recomputed_minus_actual,abs_diff,diff_group,dominant_pollutant_recomputed,pm25_nowcast_obs,pm10_nowcast_obs,aqi_pm25_obs,aqi_pm10_obs,aqi_o3_obs,aqi_so2_obs,aqi_co_obs,aqi_no2_obs,pm25_obs,pm10_obs,o3_obs,so2_obs,co_obs,no2_obs
HN_GP,2025-12-25 00:00:00,60,,,,Không so sánh được,,,,,,,0.4,0.075,10.5,60,54,,1.0,15.0,21.0
HN_GP,2025-12-25 01:00:00,52,102.0,50.0,50.0,Lệch vừa,pm25,51.42857142857143,52.981132075471706,102.38095238095238,51.49056603773585,,0.4,0.075,10.5,45,52,,1.0,15.0,21.0
HN_GP,2025-12-25 02:00:00,39,80.0,41.0,41.0,Lệch vừa,pm25,40.19559902200489,46.67125171939477,80.39119804400978,46.67125171939477,,0.4,0.075,11.0,32,39,,1.0,15.0,22.0
HN_GP,2025-12-25 03:00:00,27,59.0,32.0,32.0,Lệch vừa,pm25,29.733333333333334,35.333333333333336,59.46666666666667,35.333333333333336,,0.8,0.075,10.5,21,27,,2.0,15.0,21.0
HN_GP,2025-12-25 04:00:00,22,43.0,21.0,21.0,Khá sát,pm25,21.612903225806452,28.451612903225808,43.225806451612904,28.451612903225808,,0.4,0.075,10.5,14,22,,1.0,15.0,21.0
HN_GP,2025-12-25 05:00:00,20,39.0,19.0,19.0,Khá sát,pm25,19.26984126984127,24.158730158730158,38.53968253968254,24.158730158730158,,0.4,0.075,10.0,17,20,,1.0,15.0,20.0
HN_GP,2025-12-25 06:00:00,24,43.0,19.0,19.0,Khá sát,pm25,21.653543307086615,23.070866141732285,43.30708661417323,23.070866141732285,,0.8,0.075,10.5,24,22,,2.0,15.0,21.0
HN_GP,2025-12-25 07:00:00,24,46.0,22.0,22.0,Khá sát,pm25,22.83137254901961,22.031372549019608,45.66274509803922,22.031372549019608,,0.8,0.075,10.0,24,21,,2.0,15.0,20.0
HN_GP,2025-12-25 08:00:00,23,41.0,18.0,18.0,Khá sát,pm25,20.410958904109588,20.512720156555773,40.821917808219176,20.512720156555773,,0.4,0.075,11.5,18,19,,1.0,15.0,23.0
HN_GP,2025-12-25 09:00:00,24,34.0,10.0,10.0,Rất sát,pm25,17.20234604105572,20.75659824046921,34.40469208211144,20.75659824046921,,0.8,0.075,12.0,14,21,,2.0,15.0,24.0
HN_GP,2025-12-25 10:00:00,24,30.0,6.0,6.0,Rất sát,pm25,15.100146555935515,22.379091353199804,30.20029311187103,22.379091353199804,,0.8,0.075,11.0,13,24,,2.0,15.0,22.0
HN_GP,2025-12-25 11:00:00,30,34.0,4.0,4.0,Rất sát,pm25,17.05054945054945,26.19047619047619,34.1010989010989,26.19047619047619,,0.8,0.075,11.5,19,30,,2.0,15.0,23.0
HN_GP,2025-12-25 12:00:00,33,43.0,10.0,10.0,Rất sát,pm25,21.521123321123323,29.592673992673994,43.042246642246646,29.592673992673994,,0.8,0.075,12.0,26,33,,2.0,15.0,24.0
HN_GP,2025-12-25 13:00:00,35,51.0,16.0,16.0,Khá sát,pm25,25.258608058608058,32.2942612942613,50.517216117216115,32.2942612942613,,0.8,0.075,13.0,29,35,,2.0,15.0,26.0
HN_GP,2025-12-25 14:00:00,32,50.0,18.0,18.0,Khá sát,pm25,25.128449328449328,31.886387278027527,50.256898656898656,31.886387278027527,,0.8,0.075,12.5,25,32,,2.0,15.0,25.0
HN_GP,2025-12-25 15:00:00,31,47.0,16.0,16.0,Khá sát,pm25,23.564346764346766,31.482380124143802,47.12869352869353,31.482380124143802,,0.8,0.075,13.0,22,31,,2.0,15.0,26.0
HN_GP,2025-12-25 16:00:00,33,45.0,12.0,12.0,Khá sát,pm25,22.283028083028082,32.179444972303855,44.566056166056164,32.179444972303855,,0.8,0.075,13.0,21,33,,2.0,15.0,26.0
HN_GP,2025-12-25 17:00:00,38,49.0,11.0,11.0,Khá sát,pm25,24.642735042735044,35.14627594627595,49.28547008547009,35.14627594627595,,0.8,0.075,13.5,27,38,,2.0,15.0,27.0
HN_GP,2025-12-25 18:00:00,41,60.0,19.0,19.0,Khá sát,pm25,29.822710622710623,38.07545787545788,59.64542124542125,38.07545787545788,,0.8,0.075,13.5,35,41,,2.0,15.0,27.0
HN_GP,2025-12-25 19:00:00,47,73.0,26.0,26.0,Lệch vừa,pm25,36.41367521367521,42.54090354090354,72.82735042735042,42.54090354090354,,0.8,0.075,14.5,43,47,,2.0,15.0,29.0
HN_GP,2025-12-25 20:00:00,48,81.0,33.0,33.0,Lệch vừa,pm25,40.71013431013431,45.27399267399267,81.42026862026862,45.27399267399267,,0.4,0.075,14.5,45,48,,1.0,15.0,29.0
HN_GP,2025-12-25 21:00:00,49,87.0,38.0,38.0,Lệch vừa,pm25,43.35897435897436,47.14041514041514,86.71794871794872,47.14041514041514,,0.8,0.075,13.5,46,49,,2.0,15.0,27.0
HN_GP,2025-12-25 22:00:00,49,92.0,43.0,43.0,Lệch vừa,pm25,46.18388278388279,46.263918779617164,92.36776556776557,46.263918779617164,,0.8,0.075,12.5,49,47,,2.0,15.0,25.0
HN_GP,2025-12-25 23:00:00,52,98.0,46.0,46.0,Lệch vừa,pm25,49.0959706959707,46.79055803665517,98.1919413919414,46.79055803665517,,0.8,0.075,12.5,52,48,,2.0,15.0,25.0
HN_GP,2025-12-26 00:00:00,56,104.0,48.0,48.0,Lệch vừa,pm25,52.55164835164835,46.888727419201324,104.25274725274726,46.888727419201324,,0.8,0.075,11.5,56,47,,2.0,15.0,23.0
HN_GP,2025-12-26 01:00:00,57,108.0,51.0,51.0,Lệch nhiều,pm25,54.77924297924298,46.210074553905145,107.96540496540497,46.210074553905145,,0.8,0.075,11.5,57,45,,2.0,15.0,23.0
HN_GP,2025-12-26 02:00:00,49,103.0,54.0,54.0,Lệch nhiều,pm25,51.89255189255189,43.94095497322343,103.15425315425315,43.94095497322343,,0.8,0.075,11.0,49,40,,2.0,15.0,22.0
HN_GP,2025-12-26 03:00:00,44,96.0,52.0,52.0,Lệch nhiều,pm25,47.948962148962146,41.83141887073768,95.89792429792429,41.83141887073768,,0.8,0.075,10.5,44,37,,2.0,15.0,21.0
HN_GP,2025-12-26 04:00:00,39,87.0,48.0,48.0,Lệch vừa,pm25,43.476678876678875,39.5837860527069,86.95335775335775,39.5837860527069,,0.8,0.075,10.5,39,34,,2.0,15.0,21.0
HN_GP,2025-12-26 05:00:00,39,85.0,46.0,46.0,Lệch vừa,pm25,42.675963569599205,36.543456170431746,85.35192713919841,36.543456170431746,,0.8,0.075,11.0,39,32,,2.0,15.0,22.0
HN_GP,2025-12-26 06:00:00,37,82.0,45.0,45.0,Lệch vừa,pm25,41.008852803633964,35.646329155863185,82.01770560726793,35.646329155863185,,0.8,0.075,11.0,37,34,,2.0,15.0,22.0
HN_GP,2025-12-26 07:00:00,37,78.0,41.0,41.0,Lệch vừa,pm25,38.984929199100826,36.09496513920745,77.96985839820165,36.09496513920745,,0.8,0.075,11.5,36,37,,2.0,15.0,23.0
HN_GP,2025-12-26 08:00:00,41,77.0,36.0,36.0,Lệch vừa,pm25,38.611629515177114,37.78200848241058,77.22325903035423,37.78200848241058,,0.8,0.075,12.0,38,41,,2.0,15.0,24.0
HN_GP,2025-12-26 09:00:00,45,79.0,34.0,34.0,Lệch vừa,pm25,39.48410474639589,40.17422560183562,78.96820949279179,40.17422560183562,,0.8,0.075,12.5,41,45,,2.0,15.0,25.0
HN_GP,2025-12-26 10:00:00,49,84.0,35.0,35.0,Lệch vừa,pm25,41.8802272924415,43.308075369633094,83.760454584883,43.308075369633094,,0.8,0.075,13.0,46,49,,2.0,15.0,26.0
HN_GP,2025-12-26 11:00:00,52,91.0,39.0,39.0,Lệch vừa,pm25,45.608564605752534,46.39923093797596,91.21712921150507,46.39923093797596,,0.8,0.075,13.0,52,51,,2.0,15.0,26.0
HN_GP,2025-12-26 12:00:00,57,100.0,43.0,43.0,Lệch vừa,pm25,49.806899372060585,48.67587922295829,99.61379874412117,48.67587922295829,,1.2000000000000002,0.075,12.5,57,52,,3.0,15.0,25.0
HN_GP,2025-12-26 13:00:00,58,105.0,47.0,47.0,Lệch vừa,pm25,53.04699872931751,49.962351873114095,105.07833121552918,49.962351873114095,,1.2000000000000002,0.075,12.5,58,52,,3.0,15.0,25.0
HN_GP,2025-12-26 14:00:00,59,109.0,50.0,50.0,Lệch vừa,pm25,55.504439462235425,50.759716392265865,109.17406577039237,50.37985819613293,,1.2000000000000002,0.075,11.5,59,52,,3.0,15.0,23.0
HN_GP,2025-12-26 15:00:00,55,109.0,54.0,54.0,Lệch nhiều,pm25,55.319244283464556,51.2538156754851,108.86540713910759,50.62690783774255,,1.2000000000000002,0.075,11.5,55,52,,3.0,15.0,23.0
HN_GP,2025-12-26 16:00:00,57,110.0,53.0,53.0,Lệch nhiều,pm25,55.993191669896426,51.56129019813046,109.98865278316072,50.780645099065225,,1.2000000000000002,0.075,12.0,57,52,,3.0,15.0,24.0
HN_GP,2025-12-26 17:00:00,64,116.0,52.0,52.0,Lệch nhiều,pm25,59.6710488909687,52.02868166005126,116.11841481828117,51.01434083002563,,1.2000000000000002,0.075,12.0,64,53,,3.0,15.0,24.0
HN_GP,2025-12-26 18:00:00,74,129.0,55.0,55.0,Lệch nhiều,pm25,67.13455433455434,52.95289157487605,128.55759055759057,51.476445787438024,,1.2000000000000002,0.075,13.0,74,55,,3.0,15.0,26.0
HN_GP,2025-12-26 19:00:00,82,141.0,59.0,59.0,Lệch nhiều,pm25,74.57289377289378,54.371621945706586,140.95482295482296,52.18581097285329,,1.2000000000000002,0.075,14.0,82,58,,3.0,15.0,28.0
HN_GP,2025-12-26 20:00:00,89,151.0,62.0,62.0,Lệch nhiều,pm25,81.792673992674,56.90241007283528,151.28048142333856,53.45120503641764,,1.2000000000000002,0.075,14.0,89,63,,3.0,15.0,28.0
HN_GP,2025-12-26 21:00:00,93,155.0,62.0,62.0,Lệch nhiều,pm25,87.4026862026862,59.58546378782815,155.28763300191872,54.79273189391407,,1.2000000000000002,0.075,12.5,93,67,,3.0,15.0,25.0
HN_GP,2025-12-26 22:00:00,91,156.0,65.0,65.0,Lệch nhiều,pm25,88.12281241875516,61.096638965774424,155.8020088705394,55.54831948288721,,0.8,0.075,12.5,91,67,,2.0,15.0,25.0
HN_GP,2025-12-26 23:00:00,91,156.0,65.0,65.0,Lệch nhiều,pm25,88.88766268282076,62.35905544739129,156.34833048772913,56.17952772369564,,0.8,0.075,12.0,91,67,,2.0,15.0,24.0
HN_GP,2025-12-27 00:00:00,89,156.0,67.0,67.0,Lệch nhiều,pm25,88.95754141350311,63.33142557100746,156.39824386678794,56.66571278550373,,0.8,0.075,12.5,89,66,,2.0,15.0,25.0
HN_GP,2025-12-27 01:00:00,88,156.0,68.0,68.0,Lệch nhiều,pm25,88.5887668026831,63.85098934499403,156.13483343048793,56.92549467249701,,0.8,0.075,12.5,88,65,,2.0,15.0,25.0
HN_GP,2025-12-27 02:00:00,89,156.0,67.0,67.0,Lệch nhiều,pm25,88.77927644144545,64.25423287107316,156.2709117438896,57.12711643553658,,1.2000000000000002,0.075,13.0,89,65,,3.0,15.0,26.0
HN_GP,2025-12-27 03:00:00,96,158.0,62.0,62.0,Lệch nhiều,pm25,91.74077792752314,65.03742108746114,158.38626994823082,57.51871054373057,,1.2000000000000002,0.075,15.0,96,67,,3.0,15.0,30.0
HN_GP,2025-12-27 04:00:00,96,159.0,63.0,63.0,Lệch nhiều,pm25,92.80002275550163,65.54353384962052,159.14287339678688,57.77176692481026,,1.2000000000000002,0.075,16.5,96,67,,3.0,15.0,33.0
HN_GP,2025-12-27 05:00:00,95,159.0,64.0,64.0,Lệch nhiều,pm25,92.61223651594185,65.8768240061862,159.00874036852989,57.9384120030931,,1.2000000000000002,0.075,15.0,95,67,,3.0,15.0,30.0
HN_GP,2025-12-27 06:00:00,97,159.0,62.0,62.0,Lệch nhiều,pm25,93.0656881465166,66.3566708134484,159.332634390369,58.1783354067242,,0.8,0.075,14.0,97,68,,2.0,15.0,28.0
HN_GP,2025-12-27 07:00:00,97,160.0,63.0,63.0,Lệch nhiều,pm25,93.4250790688928,66.63043039632504,159.58934219206628,58.31521519816252,,1.2000000000000002,0.075,13.0,97,68,,3.0,15.0,26.0
HN_GP,2025-12-27 08:00:00,93,160.0,67.0,67.0,Lệch nhiều,pm25,93.55303255986712,66.70333655268236,159.68073754276222,58.35166827634118,,1.2000000000000002,0.075,12.0,93,66,,3.0,15.0,24.0
HN_GP,2025-12-27 09:00:00,89,159.0,70.0,70.0,Lệch nhiều,pm25,92.96319242292539,66.39218220009258,159.25942315923243,58.19609110004629,,0.8,0.075,12.5,89,64,,2.0,15.0,25.0
HN_GP,2025-12-27 10:00:00,88,159.0,71.0,71.0,Lệch nhiều,pm25,92.3771446704539,65.93847278315971,158.8408176217528,57.969236391579855,,0.8,0.075,13.5,88,63,,2.0,15.0,27.0
HN_GP,2025-12-27 11:00:00,90,159.0,69.0,69.0,Lệch nhiều,pm25,92.11473640143102,65.64892453283274,158.6533831438793,57.82446226641637,,0.8,0.075,12.5,90,64,,2.0,15.0,25.0
HN_GP,2025-12-27 12:00:00,94,159.0,65.0,65.0,Lệch nhiều,pm25,92.49890003743923,65.55220499803407,158.92778574102803,57.776102499017036,,0.8,0.075,13.0,94,65,,2.0,15.0,26.0
HN_GP,2025-12-27 13:00:00,97,159.0,62.0,62.0,Lệch nhiều,pm25,93.29316395716364,65.6341355967396,159.49511711225975,57.8170677983698,,1.2000000000000002,0.075,13.0,97,66,,3.0,15.0,26.0
HN_GP,2025-12-27 14:00:00,95,160.0,65.0,65.0,Lệch nhiều,pm25,93.70262091337335,65.58750797933227,159.78758636669525,57.793753989666136,,1.2000000000000002,0.075,12.0,95,65,,3.0,15.0,24.0
HN_GP,2025-12-27 15:00:00,93,160.0,67.0,67.0,Lệch nhiều,pm25,93.51188391952007,65.44629987196532,159.65134565680006,57.72314993598266,,1.2000000000000002,0.075,13.0,93,65,,3.0,15.0,26.0
HN_GP,2025-12-27 16:00:00,93,160.0,67.0,67.0,Lệch nhiều,pm25,93.33884417251919,65.43800862105397,159.5277458375137,57.719004310526984,,1.2000000000000002,0.075,13.0,93,66,,3.0,15.0,26.0
HN_GP,2025-12-27 17:00:00,95,160.0,65.0,65.0,Lệch nhiều,pm25,93.4929720328009,65.55286092832942,159.63783716628637,57.77643046416471,,1.2000000000000002,0.075,13.0,95,67,,3.0,15.0,26.0
HN_GP,2025-12-27 18:00:00,99,160.0,61.0,61.0,Lệch nhiều,pm25,94.20179352152378,65.89841902812141,160.14413822965986,57.949209514060705,,0.8,0.075,12.5,99,69,,2.0,15.0,25.0
HN_GP,2025-12-27 19:00:00,103,161.0,58.0,58.0,Lệch nhiều,pm25,95.8296644601754,66.65814801991918,161.30690318583956,58.32907400995959,,0.8,0.075,13.0,103,71,,2.0,15.0,26.0
HN_GP,2025-12-27 20:00:00,108,163.0,55.0,55.0,Lệch nhiều,pm25,98.75323767091383,67.87949978360952,163.39516976493846,58.93974989180476,,0.8,0.075,13.5,108,73,,2.0,15.0,27.0
HN_GP,2025-12-27 21:00:00,112,166.0,54.0,54.0,Lệch nhiều,pm25,102.31765987742727,69.47507178451822,165.94118562673376,59.73753589225911,,0.8,0.075,12.5,112,75,,2.0,15.0,25.0
HN_GP,2025-12-27 22:00:00,116,168.0,52.0,52.0,Lệch nhiều,pm25,105.88289163629766,70.78053940276317,168.4877797402126,60.390269701381584,,0.8,0.075,13.0,116,76,,2.0,15.0,26.0
HN_GP,2025-12-27 23:00:00,128,174.0,46.0,46.0,Lệch vừa,pm25,113.14994635100653,72.02925220721698,173.67853310786182,61.01462610360849,,0.8,0.075,13.5,128,77,,2.0,15.0,27.0
HN_GP,2025-12-28 00:00:00,138,180.0,42.0,42.0,Lệch vừa,pm25,122.64407192765567,73.43995124402032,180.4600513768969,61.71997562201016,,0.8,0.075,14.0,138,78,,2.0,15.0,28.0
HN_GP,2025-12-28 01:00:00,141,185.0,44.0,44.0,Lệch vừa,pm25,129.4056235033691,74.80883757775284,185.28973107383507,62.40441878887642,,0.8,0.075,14.5,141,79,,2.0,15.0,29.0
HN_GP,2025-12-28 02:00:00,138,187.0,49.0,49.0,Lệch vừa,pm25,132.4312790989266,76.1666982421371,187.45091364209043,63.08334912106855,,0.8,0.075,13.5,138,80,,2.0,15.0,27.0
HN_GP,2025-12-28 03:00:00,144,191.0,47.0,47.0,Lệch vừa,pm25,136.93746520608593,77.31116905521112,190.6696180043471,63.65558452760556,,0.8,0.075,14.0,144,81,,2.0,15.0,28.0
HN_GP,2025-12-28 04:00:00,156,197.0,41.0,41.0,Lệch vừa,pm25,145.11030142829034,80.60224874846676,196.50735816306454,65.30112437423338,,0.8,0.075,13.0,156,88,,2.0,15.0,26.0
HN_GP,2025-12-28 05:00:00,161,201.0,40.0,40.0,Lệch vừa,pm25,151.18163494414395,82.95779539511204,201.18163494414395,66.47889769755602,,0.8,0.075,12.5,161,90,,2.0,15.0,25.0
HN_GP,2025-12-28 06:00:00,160,204.0,44.0,44.0,Lệch vừa,pm25,153.87132605529268,84.14476546711818,203.87132605529268,67.0723827335591,,0.8,0.075,13.0,160,89,,2.0,15.0,26.0
HN_GP,2025-12-28 07:00:00,157,204.0,47.0,47.0,Lệch vừa,pm25,154.3195495659454,84.59384481174467,204.3195495659454,67.29692240587234,,0.8,0.075,13.5,157,87,,2.0,15.0,27.0
HN_GP,2025-12-28 08:00:00,155,204.0,49.0,49.0,Lệch vừa,pm25,154.2141365961005,84.59647013951879,204.2141365961005,67.29823506975939,,0.8,0.075,14.5,155,85,,2.0,15.0,29.0
HN_GP,2025-12-28 09:00:00,154,204.0,50.0,50.0,Lệch vừa,pm25,153.99759442144764,84.77217930004524,203.99759442144764,67.38608965002263,,0.8,0.075,14.5,154,85,,2.0,15.0,29.0
HN_GP,2025-12-28 10:00:00,154,203.0,49.0,49.0,Lệch vừa,pm25,153.42079210373413,84.94946952199011,203.42079210373413,67.47473476099506,,0.8,0.075,14.0,154,85,,2.0,15.0,28.0
HN_GP,2025-12-28 11:00:00,158,204.0,46.0,46.0,Lệch vừa,pm25,153.97510257594635,85.61227950953428,203.97510257594635,67.80613975476714,,0.8,0.075,14.0,158,88,,2.0,15.0,28.0
HN_GP,2025-12-28 12:00:00,164,206.0,42.0,42.0,Lệch vừa,pm25,156.3485134699518,87.18200024298847,206.3485134699518,68.59100012149423,,0.8,0.075,14.5,164,93,,2.0,15.0,29.0
HN_GP,2025-12-28 13:00:00,172,210.0,38.0,38.0,Lệch vừa,pm25,160.37775588540825,89.72955745665033,210.37775588540825,69.86477872832516,,0.8,0.075,14.5,172,98,,2.0,15.0,29.0
HN_GP,2025-12-28 14:00:00,174,213.0,39.0,39.0,Lệch vừa,pm25,162.99402294538987,92.8020400748141,212.99402294538987,71.40102003740705,,1.2000000000000002,0.075,14.5,174,102,,3.0,15.0,29.0
HN_GP,2025-12-28 15:00:00,175,214.0,39.0,39.0,Lệch vừa,pm25,164.33936007120573,94.8898903447514,214.33936007120573,72.4449451723757,,1.2000000000000002,0.075,15.0,175,104,,3.0,15.0,30.0
HN_GP,2025-12-28 16:00:00,173,216.0,43.0,43.0,Lệch vừa,pm25,165.93958672590003,96.438244670055,215.93958672590003,73.21912233502749,,0.8,0.075,15.0,173,102,,2.0,15.0,30.0
HN_GP,2025-12-28 17:00:00,169,217.0,48.0,48.0,Lệch vừa,pm25,166.57081272502214,97.2670871024615,216.57081272502214,73.63354355123076,,1.2000000000000002,0.075,14.0,169,100,,3.0,15.0,28.0
HN_GP,2025-12-28 18:00:00,166,217.0,51.0,51.0,Lệch nhiều,pm25,166.70029750269205,97.76181409048607,216.70029750269205,73.88090704524303,,1.2000000000000002,0.075,13.5,166,99,,3.0,15.0,27.0
HN_GP,2025-12-28 19:00:00,167,217.0,50.0,50.0,Lệch vừa,pm25,167.06623231015666,98.40229171060611,217.06623231015666,74.20114585530305,,1.2000000000000002,0.075,14.0,167,100,,3.0,15.0,28.0
HN_GP,2025-12-28 20:00:00,171,218.0,47.0,47.0,Lệch vừa,pm25,168.0662372453981,99.36239846436314,218.0662372453981,74.68119923218157,,1.2000000000000002,0.075,14.0,171,102,,3.0,15.0,28.0
HN_GP,2025-12-28 21:00:00,179,220.0,41.0,41.0,Lệch vừa,pm25,170.45274626989865,102.06905066804548,220.45274626989865,76.03452533402273,,1.2000000000000002,0.075,14.5,179,109,,3.0,15.0,29.0
HN_GP,2025-12-28 22:00:00,186,224.0,38.0,38.0,Lệch vừa,pm25,173.69893741370095,105.18015403765199,223.69893741370095,77.590077018826,,1.2000000000000002,0.075,14.5,186,114,,3.0,15.0,29.0
HN_GP,2025-12-28 23:00:00,196,228.0,32.0,32.0,Lệch vừa,pm25,178.3609207461309,109.63516236479671,228.3609207461309,79.81758118239836,,1.2000000000000002,0.075,14.5,196,122,,3.0,15.0,29.0
HN_GP,2025-12-29 00:00:00,201,233.0,32.0,32.0,Lệch vừa,pm25,183.28524365586858,113.33013150371879,233.28524365586858,81.6650657518594,,1.2000000000000002,0.075,15.5,201,126,,3.0,15.0,31.0
HN_GP,2025-12-29 01:00:00,203,238.0,35.0,35.0,Lệch vừa,pm25,187.69338216407218,116.19046585125425,237.69338216407218,83.09523292562713,,0.8,0.075,16.5,203,126,,2.0,15.0,33.0
HN_GP,2025-12-29 02:00:00,200,240.0,40.0,40.0,Lệch vừa,pm25,190.4017213295641,118.1402013766994,240.4017213295641,84.0701006883497,,0.8,0.075,15.5,200,124,,2.0,15.0,31.0
HN_GP,2025-12-29 03:00:00,198,242.0,44.0,44.0,Lệch vừa,pm25,192.19820633643533,119.19333519980894,242.19820633643533,84.59666759990446,,0.8,0.075,14.5,198,122,,2.0,15.0,29.0
HN_GP,2025-12-29 04:00:00,195,243.0,48.0,48.0,Lệch vừa,pm25,193.10256050448967,119.3653828955314,243.10256050448967,84.6826914477657,,0.8,0.075,14.5,195,119,,2.0,15.0,29.0
HN_GP,2025-12-29 05:00:00,193,244.0,51.0,51.0,Lệch nhiều,pm25,193.5133389377321,119.52567812989773,243.5133389377321,84.76283906494886,,0.8,0.075,14.5,193,119,,2.0,15.0,29.0
HN_GP,2025-12-29 06:00:00,194,244.0,50.0,50.0,Lệch vừa,pm25,194.04206759288354,120.05974894639415,244.04206759288354,85.02987447319708,,0.8,0.075,14.5,194,121,,2.0,15.0,29.0
HN_GP,2025-12-29 07:00:00,195,245.0,50.0,50.0,Lệch vừa,pm25,194.6115242215187,120.47809422482891,244.6115242215187,85.23904711241445,,1.2000000000000002,0.075,15.0,195,121,,3.0,15.0,30.0
HN_GP,2025-12-29 08:00:00,196,245.0,49.0,49.0,Lệch vừa,pm25,195.3133854484414,120.81990532287462,245.3133854484414,85.4099526614373,,1.2000000000000002,0.075,15.5,196,121,,3.0,15.0,31.0
HN_GP,2025-12-29 09:00:00,195,246.0,51.0,51.0,Lệch nhiều,pm25,195.88991998931985,121.10908540913917,245.88991998931985,85.55454270456958,,0.8,0.075,16.0,195,120,,2.0,15.0,32.0
HN_GP,2025-12-29 10:00:00,189,246.0,57.0,57.0,Lệch nhiều,pm25,195.59356391968058,121.00654153200111,245.59356391968058,85.50327076600055,,0.8,0.075,15.5,189,117,,2.0,15.0,31.0
HN_GP,2025-12-29 11:00:00,184,244.0,60.0,60.0,Lệch nhiều,pm25,193.78990347364243,120.0744890299693,243.78990347364243,85.03724451498465,,0.8,0.075,15.0,184,115,,2.0,15.0,30.0
HN_GP,2025-12-29 12:00:00,179,241.0,62.0,62.0,Lệch nhiều,pm25,190.9531211297749,117.96574261240535,240.9531211297749,83.98287130620267,,0.8,0.075,15.0,179,110,,2.0,15.0,30.0
HN_GP,2025-12-29 13:00:00,171,237.0,66.0,66.0,Lệch nhiều,pm25,186.71790602742212,114.11841481686375,236.71790602742212,82.05920740843187,,0.8,0.075,15.5,171,102,,2.0,15.0,31.0
HN_GP,2025-12-29 14:00:00,165,232.0,67.0,67.0,Lệch nhiều,pm25,181.81225874411444,109.28730755988866,231.81225874411444,79.64365377994433,,0.8,0.075,15.0,165,96,,2.0,15.0,30.0
HN_GP,2025-12-29 15:00:00,160,227.0,67.0,67.0,Lệch nhiều,pm25,176.5951439718143,104.25243227635369,226.5951439718143,77.12621613817684,,0.8,0.075,15.0,160,92,,2.0,15.0,30.0
HN_GP,2025-12-29 16:00:00,157,222.0,65.0,65.0,Lệch nhiều,pm25,171.57030265821487,100.50892767343878,221.57030265821487,75.2544638367194,,0.8,0.075,14.5,157,91,,2.0,15.0,29.0
HN_GP,2025-12-29 17:00:00,155,217.0,62.0,62.0,Lệch nhiều,pm25,167.206317828602,97.91636671759873,217.206317828602,73.95818335879937,,0.8,0.075,16.0,155,91,,2.0,15.0,32.0
HN_GP,2025-12-29 18:00:00,155,214.0,59.0,59.0,Lệch nhiều,pm25,164.13380550209828,96.206131369035,214.13380550209828,73.1030656845175,,0.8,0.075,16.5,155,92,,2.0,15.0,33.0
HN_GP,2025-12-29 19:00:00,158,212.0,54.0,54.0,Lệch nhiều,pm25,162.35818668424494,95.68889892163833,212.35818668424494,72.84444946081916,,0.8,0.075,16.0,158,95,,2.0,15.0,32.0
HN_GP,2025-12-29 20:00:00,158,211.0,53.0,53.0,Lệch nhiều,pm25,161.05103910332483,94.88218842855993,211.05103910332483,72.44109421427996,,0.8,0.075,12.5,158,93,,2.0,15.0,25.0
HN_GP,2025-12-29 21:00:00,157,210.0,53.0,53.0,Lệch nhiều,pm25,160.22700820762438,93.93560941126665,210.22700820762438,71.96780470563333,,0.8,0.075,14.0,157,91,,2.0,15.0,28.0
HN_GP,2025-12-29 22:00:00,157,209.0,52.0,52.0,Lệch nhiều,pm25,159.4257528554022,92.80590322569542,209.4257528554022,71.40295161284772,,0.8,0.075,14.0,157,90,,2.0,15.0,28.0
HN_GP,2025-12-29 23:00:00,157,209.0,52.0,52.0,Lệch nhiều,pm25,158.69031060056318,92.2042320046142,208.69031060056318,71.1021160023071,,0.8,0.075,13.5,157,90,,2.0,15.0,27.0
HN_GP,2025-12-30 00:00:00,159,208.0,49.0,49.0,Lệch vừa,pm25,158.3727678215638,92.01302923494573,208.3727678215638,71.00651461747287,,0.8,0.075,13.5,159,91,,2.0,15.0,27.0
HN_GP,2025-12-30 01:00:00,160,208.0,48.0,48.0,Lệch vừa,pm25,158.08186990485456,91.70501765710925,208.08186990485456,70.85250882855462,,0.8,0.075,13.0,160,91,,2.0,15.0,26.0
HN_GP,2025-12-30 02:00:00,161,208.0,47.0,47.0,Lệch vừa,pm25,157.95535743116514,91.30105212711915,207.95535743116514,70.65052606355957,,0.8,0.075,13.5,161,90,,2.0,15.0,27.0
HN_GP,2025-12-30 03:00:00,164,209.0,45.0,45.0,Lệch vừa,pm25,158.57471688007226,91.33783885727075,208.57471688007226,70.66891942863538,,0.8,0.075,13.0,164,92,,2.0,15.0,26.0
HN_GP,2025-12-30 04:00:00,168,210.0,42.0,42.0,Lệch vừa,pm25,159.99237672510765,91.76110689109682,209.99237672510765,70.8805534455484,,1.2000000000000002,0.075,13.5,168,95,,3.0,15.0,27.0
HN_GP,2025-12-30 05:00:00,171,212.0,41.0,41.0,Lệch vừa,pm25,161.87299268934916,92.2983376238106,211.87299268934916,71.1491688119053,,0.8,0.075,15.0,171,96,,2.0,15.0,30.0
HN_GP,2025-12-30 06:00:00,173,214.0,41.0,41.0,Lệch vừa,pm25,163.64079704205486,92.91072722740331,213.64079704205486,71.45536361370165,,0.8,0.075,14.0,173,97,,2.0,15.0,28.0
HN_GP,2025-12-30 07:00:00,174,215.0,41.0,41.0,Lệch vừa,pm25,165.389470948809,93.30490997745952,215.389470948809,71.65245498872976,,0.8,0.075,14.5,174,97,,2.0,15.0,29.0
HN_GP,2025-12-30 08:00:00,174,217.0,43.0,43.0,Lệch vừa,pm25,166.87298281902764,93.76972714088559,216.87298281902764,71.8848635704428,,0.8,0.075,15.0,174,97,,2.0,15.0,30.0
HN_GP,2025-12-30 09:00:00,172,218.0,46.0,46.0,Lệch vừa,pm25,167.97601074519193,94.17837614482356,217.97601074519193,72.08918807241179,,0.8,0.075,15.0,172,96,,2.0,15.0,30.0
HN_GP,2025-12-30 10:00:00,170,219.0,49.0,49.0,Lệch vừa,pm25,168.69558761567654,94.36366482194501,218.69558761567654,72.1818324109725,,0.8,0.075,16.5,170,94,,2.0,15.0,33.0
HN_GP,2025-12-30 11:00:00,169,219.0,50.0,50.0,Lệch vừa,pm25,169.0721506021934,94.41387690717485,219.0721506021934,72.20693845358743,,0.8,0.075,16.0,169,93,,2.0,15.0,32.0
HN_GP,2025-12-30 12:00:00,166,219.0,53.0,53.0,Lệch nhiều,pm25,169.08545008983896,94.28921990019974,219.08545008983896,72.14460995009986,,0.8,0.075,15.5,166,92,,2.0,15.0,31.0
HN_GP,2025-12-30 13:00:00,163,219.0,56.0,56.0,Lệch nhiều,pm25,168.7460145141958,93.93014827159114,218.7460145141958,71.96507413579556,,0.8,0.075,14.5,163,90,,2.0,15.0,29.0
HN_GP,2025-12-30 14:00:00,158,218.0,60.0,60.0,Lệch nhiều,pm25,167.596699315339,93.23246877923864,217.596699315339,71.61623438961932,,0.8,0.075,14.0,158,88,,2.0,15.0,28.0
HN_GP,2025-12-30 15:00:00,152,215.0,63.0,63.0,Lệch nhiều,pm25,164.86701617457888,92.04315518678702,214.86701617457888,71.02157759339352,,0.8,0.075,13.5,152,86,,2.0,15.0,27.0
HN_GP,2025-12-30 16:00:00,140,208.0,68.0,68.0,Lệch nhiều,pm25,158.23564758215323,90.0737663093874,208.23564758215323,70.0368831546937,,0.8,0.075,13.0,140,83,,2.0,15.0,26.0
HN_GP,2025-12-30 17:00:00,130,199.0,69.0,69.0,Lệch nhiều,pm25,149.15744064183392,87.5703282803656,199.39817188702423,68.7851641401828,,0.8,0.075,13.5,130,80,,2.0,15.0,27.0
HN_GP,2025-12-30 18:00:00,122,192.0,70.0,70.0,Lệch nhiều,pm25,139.27284381595967,84.62896429041828,192.33774558282835,67.31448214520914,,0.8,0.075,14.5,122,77,,2.0,15.0,29.0
HN_GP,2025-12-30 19:00:00,120,188.0,68.0,68.0,Lệch nhiều,pm25,132.66834059168437,82.78056240538173,187.62024327977454,66.39028120269086,,0.8,0.075,14.0,120,77,,2.0,15.0,28.0
HN_GP,2025-12-30 20:00:00,123,186.0,63.0,63.0,Lệch nhiều,pm25,129.83482269164725,81.04796931625383,185.59630192260516,65.52398465812692,,0.8,0.075,13.5,123,76,,2.0,15.0,27.0
HN_GP,2025-12-30 21:00:00,126,185.0,59.0,59.0,Lệch nhiều,pm25,128.7595260523945,79.19416691021478,184.82823289456752,64.5970834551074,,0.8,0.075,14.0,126,74,,2.0,15.0,28.0
HN_GP,2025-12-30 22:00:00,129,185.0,56.0,56.0,Lệch nhiều,pm25,128.73217246263707,77.56464398944857,184.80869461616933,63.782321994724285,,0.8,0.075,13.0,129,73,,2.0,15.0,26.0
HN_GP,2025-12-30 23:00:00,139,187.0,48.0,48.0,Lệch vừa,pm25,131.61637899525556,76.69697522245406,186.86884213946826,63.34848761122703,,0.8,0.075,12.5,139,74,,2.0,15.0,25.0
HN_GP,2025-12-31 00:00:00,146,190.0,44.0,44.0,Lệch vừa,pm25,135.33245274031364,76.53572848498335,189.52318052879545,63.267864242491676,,0.8,0.075,12.5,146,76,,2.0,15.0,25.0
HN_GP,2025-12-31 01:00:00,152,192.0,40.0,40.0,Lệch vừa,pm25,139.070225572632,76.54134230853914,192.19301826616572,63.27067115426957,,0.8,0.075,12.5,152,77,,2.0,15.0,25.0
HN_GP,2025-12-31 02:00:00,152,194.0,42.0,42.0,Lệch vừa,pm25,141.1627068076792,76.12246072423586,193.68764771977087,63.06123036211793,,0.8,0.075,12.0,152,75,,2.0,15.0,24.0
HN_GP,2025-12-31 03:00:00,151,195.0,44.0,44.0,Lệch vừa,pm25,143.22060617225478,75.64407888081922,195.15757583732483,62.82203944040961,,0.8,0.075,12.0,151,74,,2.0,15.0,24.0
HN_GP,2025-12-31 04:00:00,150,196.0,46.0,46.0,Lệch vừa,pm25,144.77894426354197,74.93786661045613,196.27067447395854,62.46893330522806,,0.8,0.075,11.5,150,72,,2.0,15.0,23.0
HN_GP,2025-12-31 05:00:00,152,198.0,46.0,46.0,Lệch vừa,pm25,146.58758055183034,74.59920932304782,197.5625575370217,62.29960466152391,,0.8,0.075,11.5,152,73,,2.0,15.0,23.0
HN_GP,2025-12-31 06:00:00,154,199.0,45.0,45.0,Lệch vừa,pm25,148.8321962986386,74.40297018594651,199.16585449902757,62.20148509297326,,0.8,0.075,11.5,154,74,,2.0,15.0,23.0
HN_GP,2025-12-31 07:00:00,155,200.0,45.0,45.0,Lệch vừa,pm25,150.29018416126428,74.33685206182392,200.29018416126428,62.16842603091196,,0.8,0.075,12.5,155,75,,2.0,15.0,25.0
HN_GP,2025-12-31 08:00:00,155,201.0,46.0,46.0,Lệch vừa,pm25,151.34926520920317,74.21009225744956,201.34926520920317,62.10504612872478,,0.8,0.075,13.5,155,74,,2.0,15.0,27.0
HN_GP,2025-12-31 09:00:00,154,202.0,48.0,48.0,Lệch vừa,pm25,152.06087986249912,74.31382811493793,202.06087986249912,62.15691405746897,,0.8,0.075,14.0,154,75,,2.0,15.0,28.0
HN_GP,2025-12-31 10:00:00,154,202.0,48.0,48.0,Lệch vừa,pm25,152.3136803059786,74.46327102471739,202.3136803059786,62.23163551235869,,0.8,0.075,14.0,154,75,,2.0,15.0,28.0
HN_GP,2025-12-31 11:00:00,154,203.0,49.0,49.0,Lệch vừa,pm25,152.78986138281604,74.78532312624952,202.78986138281604,62.39266156312476,,0.8,0.075,14.0,154,77,,2.0,15.0,28.0
HN_GP,2025-12-31 12:00:00,154,203.0,49.0,49.0,Lệch vừa,pm25,153.20571694548136,75.13965226588222,203.20571694548136,62.56982613294111,,0.8,0.075,13.5,154,78,,2.0,15.0,27.0
HN_GP,2025-12-31 13:00:00,153,203.0,50.0,50.0,Lệch vừa,pm25,153.2659888016223,75.40736741762927,203.2659888016223,62.70368370881464,,0.8,0.075,13.0,153,78,,2.0,15.0,26.0
HN_GP,2025-12-31 14:00:00,148,203.0,55.0,55.0,Lệch nhiều,pm25,152.82054148281435,75.50064294231886,202.82054148281435,62.75032147115943,,0.8,0.075,12.5,148,76,,2.0,15.0,25.0
HN_GP,2025-12-31 15:00:00,122,197.0,75.0,75.0,Lệch nhiều,pm25,145.5427710727725,74.90728655794899,196.81626505198034,62.453643278974496,,0.8,0.075,12.5,122,70,,2.0,15.0,25.0
HN_GP,2025-12-31 16:00:00,102,184.0,82.0,82.0,Lệch nhiều,pm25,127.87374328078774,72.77556447995931,184.19553091484838,61.38778223997966,,0.8,0.075,12.0,102,64,,2.0,15.0,24.0
HN_GP,2025-12-31 17:00:00,87,169.0,82.0,82.0,Lệch nhiều,pm25,106.82758778782754,68.74529440495327,169.16256270559109,59.372647202476635,,0.8,0.075,13.0,87,59,,2.0,15.0,26.0
HN_GP,2025-12-31 18:00:00,76,157.0,81.0,81.0,Lệch nhiều,pm25,89.53186813186814,65.0854435352572,156.80847723704866,57.5427217676286,,0.8,0.075,17.0,76,57,,2.0,15.0,34.0
HN_GP,2025-12-31 19:00:00,77,152.0,75.0,75.0,Lệch nhiều,pm25,83.25641025641026,63.06914952675214,152.32600732600733,56.53457476337607,,0.8,0.075,12.5,77,58,,2.0,15.0,25.0
HN_GP,2025-12-31 20:00:00,81,152.0,71.0,71.0,Lệch nhiều,pm25,82.11916971916972,61.60209652839739,151.5136926565498,55.8010482641987,,0.8,0.075,11.0,81,58,,2.0,15.0,22.0
HN_GP,2025-12-31 21:00:00,85,153.0,68.0,68.0,Lệch nhiều,pm25,83.55115995115995,61.07487349899861,152.5365428222571,55.53743674949931,,0.8,0.075,14.5,85,60,,2.0,15.0,29.0
HN_GP,2025-12-31 22:00:00,89,154.0,65.0,65.0,Lệch nhiều,pm25,86.26764346764347,60.96521852383691,154.4768881911739,55.482609261918455,,0.8,0.075,11.5,89,61,,2.0,15.0,23.0
HN_GP,2025-12-31 23:00:00,95,158.0,63.0,63.0,Lệch nhiều,pm25,90.62661782661783,60.8723007954978,157.59044130472702,55.436150397748904,,0.8,0.075,12.5,95,61,,2.0,15.0,25.0
HN_NC,2025-12-25 00:00:00,43,,,,Không so sánh được,,,,,,0.9375,0.0,0.025,0.5,43,43,3.0,0.0,5.0,1.0
HN_NC,2025-12-25 01:00:00,30,66.0,36.0,36.0,Lệch vừa,pm25,33.17142857142857,35.34246575342466,66.34285714285714,35.34246575342466,0.3125,0.0,0.025,0.5,27,30,1.0,0.0,5.0,1.0
HN_NC,2025-12-25 02:00:00,26,59.0,33.0,33.0,Lệch vừa,pm25,29.461432884984905,28.9568990454151,58.92286576996981,28.9568990454151,0.625,0.4,0.025,0.5,26,24,2.0,1.0,5.0,1.0
HN_NC,2025-12-25 03:00:00,32,61.0,29.0,29.0,Lệch vừa,pm25,30.61989955517291,26.531244806893366,61.23979911034582,26.531244806893366,0.3125,0.4,0.02,0.5,32,24,1.0,1.0,4.0,1.0
HN_NC,2025-12-25 04:00:00,32,62.0,30.0,30.0,Lệch vừa,pm25,31.21349572399141,25.348738030015845,62.42699144798282,25.348738030015845,0.625,0.0,0.025,0.5,32,24,2.0,0.0,5.0,1.0
HN_NC,2025-12-25 05:00:00,25,57.0,32.0,32.0,Lệch vừa,pm25,28.508046795491126,22.46031746031746,57.01609359098225,22.46031746031746,0.9375,0.0,0.025,0.5,25,20,3.0,0.0,5.0,1.0
HN_NC,2025-12-25 06:00:00,14,42.0,28.0,28.0,Lệch vừa,pm25,20.984251968503937,17.69291338582677,41.968503937007874,17.69291338582677,0.9375,0.0,0.03,0.5,14,13,3.0,0.0,6.0,1.0
HN_NC,2025-12-25 07:00:00,7,26.0,19.0,19.0,Khá sát,pm25,12.96078431372549,12.325490196078432,25.92156862745098,12.325490196078432,0.625,0.0,0.025,0.5,5,7,2.0,0.0,5.0,1.0
HN_NC,2025-12-25 08:00:00,10,16.0,6.0,6.0,Rất sát,pm25,7.970645792563601,11.160469667318983,15.941291585127201,11.160469667318983,0.625,0.4,0.03,0.5,3,10,2.0,1.0,6.0,1.0
HN_NC,2025-12-25 09:00:00,21,22.0,1.0,1.0,Rất sát,pm25,10.988269794721408,16.085043988269796,21.976539589442815,16.085043988269796,0.625,0.4,0.035,1.0,14,21,2.0,1.0,7.0,2.0
HN_NC,2025-12-25 10:00:00,30,40.0,10.0,10.0,Rất sát,pm25,19.998534440644846,23.045920859794823,39.99706888128969,23.045920859794823,0.625,0.4,0.04,1.0,29,30,2.0,1.0,8.0,2.0
HN_NC,2025-12-25 11:00:00,31,49.0,18.0,18.0,Khá sát,pm25,24.500366300366302,27.023931623931624,49.000732600732604,27.023931623931624,0.9375,0.4,0.04,1.0,29,31,3.0,1.0,8.0,2.0
HN_NC,2025-12-25 12:00:00,28,44.0,16.0,16.0,Khá sát,pm25,22.247374847374846,27.510134310134312,44.49474969474969,27.510134310134312,0.3125,0.4,0.05,2.0,20,28,1.0,1.0,10.0,4.0
HN_NC,2025-12-25 13:00:00,26,34.0,8.0,8.0,Rất sát,pm25,17.12185592185592,26.754578754578755,34.24371184371184,26.754578754578755,0.0,0.8,0.06,2.5,12,26,0.0,2.0,12.0,5.0
HN_NC,2025-12-25 14:00:00,31,33.0,2.0,2.0,Rất sát,pm25,16.55970695970696,28.87814407814408,33.11941391941392,28.87814407814408,0.3125,0.8,0.06,2.5,16,31,1.0,2.0,12.0,5.0
HN_NC,2025-12-25 15:00:00,33,46.0,13.0,13.0,Khá sát,pm25,22.77948717948718,30.94017094017094,45.55897435897436,30.94017094017094,0.3125,0.8,0.055,2.5,29,33,1.0,2.0,11.0,5.0
HN_NC,2025-12-25 16:00:00,40,63.0,23.0,23.0,Khá sát,pm25,31.39072039072039,35.472039072039074,62.78144078144078,35.472039072039074,0.3125,0.8,0.07,2.5,40,40,1.0,2.0,14.0,5.0
HN_NC,2025-12-25 17:00:00,41,71.0,30.0,30.0,Lệch vừa,pm25,35.6971916971917,38.23858363858364,71.3943833943834,38.23858363858364,0.3125,0.4,0.07,3.0,40,41,1.0,1.0,14.0,6.0
HN_NC,2025-12-25 18:00:00,35,68.0,33.0,33.0,Lệch vừa,pm25,33.85079365079365,36.62197802197802,67.7015873015873,36.62197802197802,0.3125,0.8,0.085,3.0,32,35,1.0,2.0,17.0,6.0
HN_NC,2025-12-25 19:00:00,32,60.0,28.0,28.0,Lệch vừa,pm25,29.927960927960928,34.31404151404151,59.855921855921856,34.31404151404151,0.3125,0.4,0.08,3.0,26,32,1.0,1.0,16.0,6.0
HN_NC,2025-12-25 20:00:00,35,60.0,25.0,25.0,Khá sát,pm25,29.967277167277167,34.67297619433287,59.934554334554335,34.67297619433287,0.3125,0.8,0.065,2.5,30,35,1.0,2.0,13.0,5.0
HN_NC,2025-12-25 21:00:00,42,70.0,28.0,28.0,Lệch vừa,pm25,34.98681318681319,37.517660418432975,69.97362637362637,37.517660418432975,0.3125,0.8,0.04,2.0,40,42,1.0,2.0,8.0,4.0
HN_NC,2025-12-25 22:00:00,55,90.0,35.0,35.0,Lệch vừa,pm25,44.9965811965812,41.42493012060262,89.9931623931624,41.42493012060262,0.9375,0.4,0.035,1.5,55,46,3.0,1.0,7.0,3.0
HN_NC,2025-12-25 23:00:00,57,102.0,45.0,45.0,Lệch vừa,pm25,51.001709401709405,42.550541108666856,101.66951566951568,42.550541108666856,0.9375,0.4,0.03,1.0,57,44,3.0,1.0,6.0,2.0
HN_NC,2025-12-26 00:00:00,43,94.0,51.0,51.0,Lệch nhiều,pm25,47.00366300366301,40.141426865378705,94.00732600732601,40.141426865378705,0.9375,0.4,0.03,1.0,43,37,3.0,1.0,6.0,2.0
HN_NC,2025-12-26 01:00:00,34,81.0,47.0,47.0,Lệch vừa,pm25,40.5045177045177,35.99993906011086,81.0090354090354,35.99993906011086,0.9375,0.4,0.025,1.0,34,29,3.0,1.0,5.0,2.0
HN_NC,2025-12-26 02:00:00,34,75.0,41.0,41.0,Lệch vừa,pm25,37.25445665445665,33.78110780246924,74.5089133089133,33.78110780246924,0.9375,0.4,0.025,0.5,34,30,3.0,1.0,5.0,1.0
HN_NC,2025-12-26 03:00:00,41,78.0,37.0,37.0,Lệch vừa,pm25,39.12869352869353,34.23449291154059,78.25738705738706,34.23449291154059,0.9375,0.4,0.02,0.5,41,35,3.0,1.0,4.0,1.0
HN_NC,2025-12-26 04:00:00,46,85.0,39.0,39.0,Lệch vừa,pm25,42.56507936507936,35.623168408161256,85.13015873015873,35.623168408161256,1.25,0.4,0.02,0.5,46,38,4.0,1.0,4.0,1.0
HN_NC,2025-12-26 05:00:00,44,87.0,43.0,43.0,Lệch vừa,pm25,43.283028083028086,34.27100911673937,86.56605616605617,34.27100911673937,1.5625,0.4,0.025,0.5,44,32,5.0,1.0,5.0,1.0
HN_NC,2025-12-26 06:00:00,30,73.0,43.0,43.0,Lệch vừa,pm25,36.64126984126984,29.19256699252008,73.28253968253968,29.19256699252008,1.5625,0.4,0.025,0.5,30,24,5.0,1.0,5.0,1.0
HN_NC,2025-12-26 07:00:00,22,57.0,35.0,35.0,Lệch vừa,pm25,28.31990231990232,25.474725274725273,56.63980463980464,25.474725274725273,1.5625,0.4,0.025,0.5,20,22,5.0,1.0,5.0,1.0
HN_NC,2025-12-26 08:00:00,29,50.0,21.0,21.0,Khá sát,pm25,25.15897435897436,27.236630036630036,50.31794871794872,27.236630036630036,1.875,0.4,0.03,1.0,22,29,6.0,1.0,6.0,2.0
HN_NC,2025-12-26 09:00:00,37,59.0,22.0,22.0,Khá sát,pm25,29.57875457875458,32.11770451770452,59.15750915750916,32.11770451770452,2.1875,0.4,0.025,1.0,34,37,7.0,1.0,5.0,2.0
HN_NC,2025-12-26 10:00:00,45,75.0,30.0,30.0,Lệch vừa,pm25,37.28815628815629,38.05860805860806,74.57631257631257,38.05860805860806,2.1875,0.4,0.025,1.0,45,44,7.0,1.0,5.0,2.0
HN_NC,2025-12-26 11:00:00,50,85.0,35.0,35.0,Lệch vừa,pm25,42.642979242979244,44.03003663003663,85.28595848595849,44.03003663003663,2.1875,0.4,0.025,0.5,48,50,7.0,1.0,5.0,1.0
HN_NC,2025-12-26 12:00:00,51,83.0,32.0,32.0,Lệch vừa,pm25,41.32112332112332,47.516727716727715,82.64224664224665,47.516727716727715,2.1875,0.4,0.03,1.0,40,51,7.0,1.0,6.0,2.0
HN_NC,2025-12-26 13:00:00,48,74.0,26.0,26.0,Lệch vừa,pm25,37.16043956043956,47.76068376068376,74.32087912087913,47.76068376068376,2.1875,0.8,0.035,2.0,33,48,7.0,2.0,7.0,4.0
HN_NC,2025-12-26 14:00:00,48,76.0,28.0,28.0,Lệch vừa,pm25,38.080830280830284,47.88253968253968,76.16166056166057,47.88253968253968,2.5,0.8,0.04,2.5,39,48,8.0,2.0,8.0,5.0
HN_NC,2025-12-26 15:00:00,54,92.0,38.0,38.0,Lệch vừa,pm25,46.04200244200244,49.443223443223445,92.08400488400488,49.443223443223445,3.4375,0.8,0.035,2.0,54,51,11.0,2.0,7.0,4.0
HN_NC,2025-12-26 16:00:00,68,112.0,44.0,44.0,Lệch vừa,pm25,57.02368742368743,51.223443223443226,111.70614570614572,50.61172161172161,3.4375,0.8,0.03,1.5,68,53,11.0,2.0,6.0,3.0
HN_NC,2025-12-26 17:00:00,68,121.0,53.0,53.0,Lệch nhiều,pm25,62.51477411477411,52.61440781440781,120.85795685795685,51.307203907203906,1.875,1.2000000000000002,0.035,1.0,68,54,6.0,3.0,7.0,2.0
HN_NC,2025-12-26 18:00:00,65,123.0,58.0,58.0,Lệch nhiều,pm25,63.76166056166056,53.81098901098901,122.93610093610094,51.9054945054945,1.875,1.2000000000000002,0.035,1.5,65,55,6.0,3.0,7.0,3.0
HN_NC,2025-12-26 19:00:00,64,123.0,59.0,59.0,Lệch nhiều,pm25,63.88620268620269,54.8223925356365,123.14367114367114,52.411196267818255,1.5625,1.6,0.055,2.0,64,56,5.0,4.0,11.0,4.0
HN_NC,2025-12-26 20:00:00,71,129.0,58.0,58.0,Lệch nhiều,pm25,67.44908424908425,55.97682560618881,129.08180708180709,52.988412803094405,1.5625,1.6,0.05,2.0,71,59,5.0,4.0,10.0,4.0
HN_NC,2025-12-26 21:00:00,77,137.0,60.0,60.0,Lệch nhiều,pm25,72.22979242979243,57.68253072458656,137.04965404965404,53.841265362293285,1.25,1.6,0.04,2.5,77,63,4.0,4.0,8.0,5.0
HN_NC,2025-12-26 22:00:00,78,142.0,64.0,64.0,Lệch nhiều,pm25,75.11892551892552,59.30343495240499,141.86487586487587,54.65171747620249,0.625,1.6,0.04,3.0,78,65,2.0,4.0,8.0,6.0
HN_NC,2025-12-26 23:00:00,71,138.0,67.0,67.0,Lệch nhiều,pm25,73.06227106227107,60.36205955598753,138.43711843711844,55.181029777993764,0.9375,1.2000000000000002,0.04,2.5,71,63,3.0,3.0,8.0,5.0
HN_NC,2025-12-27 00:00:00,60,123.0,63.0,63.0,Lệch nhiều,pm25,63.53284493284493,60.33094213461534,122.55474155474155,55.16547106730767,0.9375,0.8,0.035,2.5,54,60,3.0,2.0,7.0,5.0
HN_NC,2025-12-27 01:00:00,57,108.0,51.0,51.0,Lệch nhiều,pm25,54.76800976800977,59.5233477311405,107.94668294668296,54.761673865570245,0.9375,1.2000000000000002,0.03,2.5,46,57,3.0,3.0,6.0,5.0
HN_NC,2025-12-27 02:00:00,57,106.0,49.0,49.0,Lệch vừa,pm25,53.84757927616202,58.92462731152778,106.4126321269367,54.46231365576389,1.5625,1.6,0.025,2.0,49,57,5.0,4.0,5.0,4.0
HN_NC,2025-12-27 03:00:00,67,115.0,48.0,48.0,Lệch vừa,pm25,59.25290061023871,59.03623637158639,115.42150101706451,54.5181181857932,0.9375,4.800000000000001,0.025,2.0,67,59,3.0,12.0,5.0,4.0
HN_NC,2025-12-27 04:00:00,84,134.0,50.0,50.0,Lệch vừa,pm25,70.4592118746034,59.52269187798223,134.09868645767233,54.76134593899111,0.625,3.6,0.03,2.5,84,61,2.0,9.0,6.0,5.0
HN_NC,2025-12-27 05:00:00,83,144.0,61.0,61.0,Lệch nhiều,pm25,76.13736472198316,59.90152167062559,143.5622745366386,54.95076083531279,0.9375,4.0,0.035,3.0,83,61,3.0,10.0,7.0,6.0
HN_NC,2025-12-27 06:00:00,70,139.0,69.0,69.0,Lệch nhiều,pm25,73.3625842144782,60.04072463141909,138.9376403574637,55.02036231570955,1.25,2.4000000000000004,0.03,2.0,70,60,4.0,6.0,6.0,4.0
HN_NC,2025-12-27 07:00:00,62,130.0,68.0,68.0,Lệch nhiều,pm25,68.22170898980977,59.85807898680142,130.36951498301627,54.92903949340071,1.25,1.6,0.03,1.5,62,58,4.0,4.0,6.0,3.0
HN_NC,2025-12-27 08:00:00,58,123.0,65.0,65.0,Lệch nhiều,pm25,63.5933219266476,59.44214148894216,122.65553654441266,54.72107074447108,1.875,1.6,0.03,1.0,58,57,6.0,4.0,6.0,2.0
HN_NC,2025-12-27 09:00:00,65,124.0,59.0,59.0,Lệch nhiều,pm25,64.22572495588008,59.104212326209264,123.70954159313348,54.55210616310463,1.25,1.6,0.03,1.0,65,58,4.0,4.0,6.0,2.0
HN_NC,2025-12-27 10:00:00,77,133.0,56.0,56.0,Lệch nhiều,pm25,70.00423438820827,59.22946142406065,133.3403906470138,54.61473071203032,1.25,1.2000000000000002,0.03,1.5,77,61,4.0,3.0,6.0,3.0
HN_NC,2025-12-27 11:00:00,79,140.0,61.0,61.0,Lệch nhiều,pm25,74.0763816279225,59.26639963448544,140.1273027132042,54.63319981724272,1.5625,0.8,0.03,1.0,79,61,5.0,2.0,6.0,2.0
HN_NC,2025-12-27 12:00:00,74,140.0,66.0,66.0,Lệch nhiều,pm25,74.04841359647865,59.3145045764864,140.08068932746443,54.6572522882432,1.5625,1.2000000000000002,0.03,0.5,74,60,5.0,3.0,6.0,1.0
HN_NC,2025-12-27 13:00:00,90,151.0,61.0,61.0,Lệch nhiều,pm25,81.3417750500579,59.51600221327018,150.95841075004137,54.75800110663509,1.875,1.2000000000000002,0.03,0.0,90,60,6.0,3.0,6.0,0.0
HN_NC,2025-12-27 14:00:00,103,158.0,55.0,55.0,Lệch nhiều,pm25,90.61849759408099,59.8220430331597,157.58464113862928,54.91102151657985,1.25,1.2000000000000002,0.03,0.5,103,61,4.0,3.0,6.0,1.0
HN_NC,2025-12-27 15:00:00,107,163.0,56.0,56.0,Lệch nhiều,pm25,98.50228239330879,60.00365085775859,163.21591599522057,55.0018254288793,1.5625,1.2000000000000002,0.03,1.0,107,61,5.0,3.0,6.0,2.0
HN_NC,2025-12-27 16:00:00,102,164.0,62.0,62.0,Lệch nhiều,pm25,100.1093484838726,59.95122908484679,164.36382034562328,54.97561454242339,1.875,1.2000000000000002,0.03,1.0,102,60,6.0,3.0,6.0,2.0
HN_NC,2025-12-27 17:00:00,96,163.0,67.0,67.0,Lệch nhiều,pm25,98.2313305470794,60.02000094813553,163.02237896219958,55.010000474067766,1.875,1.2000000000000002,0.03,1.0,96,61,6.0,3.0,6.0,2.0
HN_NC,2025-12-27 18:00:00,93,161.0,68.0,68.0,Lệch nhiều,pm25,95.84245638488441,60.31103417032041,161.31604027491744,55.155517085160206,1.5625,1.2000000000000002,0.03,1.0,93,62,5.0,3.0,6.0,2.0
HN_NC,2025-12-27 19:00:00,95,161.0,66.0,66.0,Lệch nhiều,pm25,95.46638912854641,60.821039364096535,161.04742080610458,55.41051968204827,1.5625,1.2000000000000002,0.035,1.0,95,63,5.0,3.0,7.0,2.0
HN_NC,2025-12-27 20:00:00,91,160.0,69.0,69.0,Lệch nhiều,pm25,93.76588769095683,61.21261664085505,159.83277692211203,55.60630832042753,1.25,1.2000000000000002,0.04,1.0,91,63,4.0,3.0,8.0,2.0
HN_NC,2025-12-27 21:00:00,88,159.0,71.0,71.0,Lệch nhiều,pm25,92.21965869686571,61.646561443407464,158.72832764061837,55.82328072170373,0.9375,1.2000000000000002,0.04,1.0,88,64,3.0,3.0,8.0,2.0
HN_NC,2025-12-27 22:00:00,89,158.0,69.0,69.0,Lệch nhiều,pm25,91.27152521158298,62.14868417154686,158.051089436845,56.07434208577343,1.25,1.2000000000000002,0.04,1.5,89,65,4.0,3.0,8.0,3.0
HN_NC,2025-12-27 23:00:00,94,159.0,65.0,65.0,Lệch nhiều,pm25,92.16907414248865,63.02070371415587,158.69219581606333,56.510351857077936,0.9375,1.6,0.04,1.5,94,67,3.0,4.0,8.0,3.0
HN_NC,2025-12-28 00:00:00,99,160.0,61.0,61.0,Lệch nhiều,pm25,94.43289500586917,63.96698898666183,160.30921071847797,56.983494493330916,0.9375,1.6,0.035,2.5,99,68,3.0,4.0,7.0,5.0
HN_NC,2025-12-28 01:00:00,103,162.0,59.0,59.0,Lệch nhiều,pm25,96.1986215161848,65.61257791929881,161.570443940132,57.80628895964941,0.625,2.0,0.035,2.0,103,71,2.0,5.0,7.0,4.0
HN_NC,2025-12-28 02:00:00,106,163.0,57.0,57.0,Lệch nhiều,pm25,97.99546818092112,67.38004689755392,162.8539058435151,58.69002344877696,0.625,3.2,0.035,17.0,106,73,2.0,8.0,7.0,34.0
HN_NC,2025-12-28 03:00:00,117,167.0,50.0,50.0,Lệch vừa,pm25,103.49096405871899,69.75839145858451,166.77926004194214,59.879195729292256,0.625,2.0,0.035,8.5,117,76,2.0,5.0,7.0,17.0
HN_NC,2025-12-28 04:00:00,132,175.0,43.0,43.0,Lệch vừa,pm25,114.64095421403448,72.2930998114689,174.74353872431035,61.14654990573445,0.9375,1.6,0.03,5.5,132,79,3.0,4.0,6.0,11.0
HN_NC,2025-12-28 05:00:00,142,183.0,41.0,41.0,Lệch vừa,pm25,126.3057870715529,74.19485322843711,183.07556219396636,62.097426614218556,0.9375,1.6,0.025,1.0,142,80,3.0,4.0,5.0,2.0
HN_NC,2025-12-28 06:00:00,140,187.0,47.0,47.0,Lệch vừa,pm25,131.57098035802818,75.45642186370992,186.8364145414487,62.72821093185496,0.9375,1.6,0.025,2.0,140,80,3.0,4.0,5.0,4.0
HN_NC,2025-12-28 07:00:00,131,187.0,56.0,56.0,Lệch nhiều,pm25,131.3979162284035,75.96387649361887,186.7127973060025,62.981938246809435,0.625,1.6,0.03,1.0,131,77,2.0,4.0,6.0,2.0
HN_NC,2025-12-28 08:00:00,124,185.0,61.0,61.0,Lệch nhiều,pm25,128.62502095034571,75.7937779293237,184.73215782167551,62.89688896466185,0.3125,1.6,0.045,1.0,124,75,1.0,4.0,9.0,2.0
HN_NC,2025-12-28 09:00:00,121,183.0,62.0,62.0,Lệch nhiều,pm25,125.78815709069775,75.72693638591545,182.70582649335554,62.863468192957725,0.3125,2.0,0.065,1.5,121,75,1.0,5.0,13.0,3.0
HN_NC,2025-12-28 10:00:00,125,183.0,58.0,58.0,Lệch nhiều,pm25,125.62975161636147,75.87500072079926,182.5926797259725,62.93750036039963,0.3125,2.4000000000000004,0.07,2.0,125,76,1.0,6.0,14.0,4.0
HN_NC,2025-12-28 11:00:00,132,184.0,52.0,52.0,Lệch nhiều,pm25,127.71365293243703,76.42189562805343,184.08118066602646,63.21094781402672,0.3125,2.8000000000000003,0.055,2.5,132,78,1.0,7.0,11.0,5.0
HN_NC,2025-12-28 12:00:00,137,186.0,49.0,49.0,Lệch vừa,pm25,130.37119086767837,77.9876792827728,185.9794220483417,63.9938396413864,0.3125,2.8000000000000003,0.06,3.5,137,84,1.0,7.0,12.0,7.0
HN_NC,2025-12-28 13:00:00,142,188.0,46.0,46.0,Lệch vừa,pm25,133.44435118644375,80.75552418275623,188.17453656174553,65.37776209137812,0.3125,2.8000000000000003,0.045,2.5,142,90,1.0,7.0,9.0,5.0
HN_NC,2025-12-28 14:00:00,144,189.0,45.0,45.0,Lệch vừa,pm25,135.1642699869517,82.75478666624007,189.4030499906798,66.37739333312004,0.9375,2.4000000000000004,0.04,2.0,144,91,3.0,6.0,8.0,4.0
HN_NC,2025-12-28 15:00:00,143,190.0,47.0,47.0,Lệch vừa,pm25,136.5790887239053,84.4917788094939,190.4136348027895,67.24588940474695,1.5625,2.4000000000000004,0.035,1.5,143,91,5.0,6.0,7.0,3.0
HN_NC,2025-12-28 16:00:00,138,191.0,53.0,53.0,Lệch nhiều,pm25,136.94157060175934,85.47595595431505,190.6725504298281,67.73797797715753,1.5625,2.0,0.04,2.0,138,89,5.0,5.0,8.0,4.0
HN_NC,2025-12-28 17:00:00,132,190.0,58.0,58.0,Lệch nhiều,pm25,135.92640734521905,85.68300928848358,189.94743381801362,67.84150464424178,1.5625,2.0,0.035,2.0,132,86,5.0,5.0,7.0,4.0
HN_NC,2025-12-28 18:00:00,128,189.0,61.0,61.0,Lệch nhiều,pm25,134.38932240729093,85.46370471525844,188.84951600520782,67.73185235762922,1.5625,2.0,0.05,2.0,128,84,5.0,5.0,10.0,4.0
HN_NC,2025-12-28 19:00:00,129,188.0,59.0,59.0,Lệch nhiều,pm25,133.48335093237458,85.14543958596438,188.2023935231247,67.57271979298218,0.9375,2.4000000000000004,0.055,2.5,129,83,3.0,6.0,11.0,5.0
HN_NC,2025-12-28 20:00:00,131,188.0,57.0,57.0,Lệch nhiều,pm25,133.24482383602955,84.92143773463549,188.0320170257354,67.46071886731775,0.625,3.2,0.065,3.0,131,83,2.0,8.0,13.0,6.0
HN_NC,2025-12-28 21:00:00,135,189.0,54.0,54.0,Lệch nhiều,pm25,134.0224537903389,85.33337604617412,188.5874669930992,67.66668802308706,0.3125,10.0,0.09,3.5,135,86,1.0,25.0,18.0,7.0
HN_NC,2025-12-28 22:00:00,145,190.0,45.0,45.0,Lệch vừa,pm25,136.06794296674974,86.21634154198624,190.04853069053553,68.10817077099313,0.3125,6.4,0.06,3.5,145,89,1.0,16.0,12.0,7.0
HN_NC,2025-12-28 23:00:00,152,192.0,40.0,40.0,Lệch vừa,pm25,139.04836022690174,87.3431661535043,192.17740016207267,68.67158307675214,0.625,4.0,0.05,3.0,152,92,2.0,10.0,10.0,6.0
HN_NC,2025-12-29 00:00:00,154,194.0,40.0,40.0,Lệch vừa,pm25,142.03683487998086,88.29347672556835,194.31202491427206,69.14673836278418,0.625,3.2,0.045,3.0,154,93,2.0,8.0,9.0,6.0
HN_NC,2025-12-29 01:00:00,154,196.0,42.0,42.0,Lệch vừa,pm25,144.30369757552359,89.13093096725822,195.93121255394541,69.56546548362911,0.3125,2.4000000000000004,0.04,3.0,154,94,1.0,6.0,8.0,6.0
HN_NC,2025-12-29 02:00:00,154,197.0,43.0,43.0,Lệch vừa,pm25,146.14665860169646,90.6252386974937,197.24761328692603,70.31261934874685,0.3125,2.0,0.04,3.0,154,97,1.0,5.0,8.0,6.0
HN_NC,2025-12-29 03:00:00,154,198.0,44.0,44.0,Lệch vừa,pm25,147.69906265916111,92.69934888256238,198.35647332797222,71.3496744412812,0.3125,2.0,0.035,2.5,154,100,1.0,5.0,7.0,5.0
HN_NC,2025-12-29 04:00:00,153,199.0,46.0,46.0,Lệch vừa,pm25,148.90291053807778,93.97392052888179,199.21636467005555,71.9869602644409,0.3125,2.0,0.035,3.0,153,99,1.0,5.0,7.0,6.0
HN_NC,2025-12-29 05:00:00,152,200.0,48.0,48.0,Lệch vừa,pm25,149.83764168092486,94.52181499532693,199.88402977208918,72.26090749766347,0.625,2.4000000000000004,0.04,3.0,152,96,2.0,6.0,8.0,6.0
HN_NC,2025-12-29 06:00:00,151,200.0,49.0,49.0,Lệch vừa,pm25,150.4109611713357,94.63656740247637,200.4109611713357,72.31828370123819,0.625,2.8000000000000003,0.04,2.5,151,94,2.0,7.0,8.0,5.0
HN_NC,2025-12-29 07:00:00,151,201.0,50.0,50.0,Lệch vừa,pm25,150.87633749686572,94.56181190041043,200.87633749686572,72.28090595020521,0.625,2.8000000000000003,0.04,2.0,151,93,2.0,7.0,8.0,4.0
HN_NC,2025-12-29 08:00:00,148,201.0,53.0,53.0,Lệch nhiều,pm25,150.83650560733201,94.29135473680853,200.83650560733201,72.14567736840426,0.3125,3.2,0.06,1.0,148,92,1.0,8.0,12.0,2.0
HN_NC,2025-12-29 09:00:00,137,200.0,63.0,63.0,Lệch nhiều,pm25,149.35490754964397,93.76948866116945,199.53921967831712,71.88474433058472,0.3125,3.2,0.06,2.5,137,89,1.0,8.0,12.0,5.0
HN_NC,2025-12-29 10:00:00,127,196.0,69.0,69.0,Lệch nhiều,pm25,144.37085647912554,91.56624377296905,195.97918319937537,70.78312188648452,0.625,3.2,0.055,3.5,127,83,2.0,8.0,11.0,7.0
HN_NC,2025-12-29 11:00:00,123,192.0,69.0,69.0,Lệch nhiều,pm25,139.02268814538976,88.73040644811935,192.15906296099269,69.36520322405968,0.9375,3.6,0.04,3.0,123,80,3.0,9.0,8.0,6.0
HN_NC,2025-12-29 12:00:00,120,188.0,68.0,68.0,Lệch nhiều,pm25,133.81999779823565,84.88735099472817,188.44285557016832,67.44367549736408,0.9375,3.2,0.045,2.5,120,76,3.0,8.0,9.0,5.0
HN_NC,2025-12-29 13:00:00,117,185.0,68.0,68.0,Lệch nhiều,pm25,128.78473824453175,79.87403444570995,184.84624160323696,64.93701722285498,0.3125,2.8000000000000003,0.055,2.5,117,71,1.0,7.0,11.0,5.0
HN_NC,2025-12-29 14:00:00,115,182.0,67.0,67.0,Lệch nhiều,pm25,124.55871227326215,76.60507651107436,181.82765162375867,63.30253825553718,0.625,2.4000000000000004,0.05,3.0,115,70,2.0,6.0,10.0,6.0
HN_NC,2025-12-29 15:00:00,114,180.0,66.0,66.0,Lệch nhiều,pm25,121.50819050926161,74.96526394239065,179.64870750661544,62.482631971195325,0.9375,2.0,0.04,2.5,114,71,3.0,5.0,8.0,5.0
HN_NC,2025-12-29 16:00:00,111,177.0,66.0,66.0,Lệch nhiều,pm25,118.00988326141847,74.11037962470778,177.1499166152989,62.05518981235389,1.25,2.4000000000000004,0.045,2.0,111,71,4.0,6.0,9.0,4.0
HN_NC,2025-12-29 17:00:00,110,175.0,65.0,65.0,Lệch nhiều,pm25,115.53234110973122,73.37305414041039,175.38024364980802,61.686527070205194,0.9375,2.4000000000000004,0.05,2.5,110,71,3.0,6.0,10.0,5.0
HN_NC,2025-12-29 18:00:00,110,174.0,64.0,64.0,Lệch nhiều,pm25,113.77585693411845,72.95514462670465,174.12561209579889,61.477572313352326,0.625,3.6,0.06,3.0,110,72,2.0,9.0,12.0,6.0
HN_NC,2025-12-29 19:00:00,111,174.0,63.0,63.0,Lệch nhiều,pm25,113.01979254443239,72.61268760490941,173.585566103166,61.306343802454705,1.25,2.0,0.045,2.5,111,72,4.0,5.0,9.0,5.0
HN_NC,2025-12-29 20:00:00,109,173.0,64.0,64.0,Lệch nhiều,pm25,112.47486422260026,71.31298852671723,173.19633158757162,60.65649426335862,1.25,1.6,0.04,2.0,109,68,4.0,4.0,8.0,4.0
HN_NC,2025-12-29 21:00:00,100,171.0,71.0,71.0,Lệch nhiều,pm25,109.2431175673622,69.4231124553784,170.88794111954442,59.7115562276892,1.25,1.2000000000000002,0.04,1.5,100,64,4.0,3.0,8.0,3.0
HN_NC,2025-12-29 22:00:00,88,166.0,78.0,78.0,Lệch nhiều,pm25,102.05552705056007,66.70452299136237,165.7539478932572,58.352261495681184,1.25,1.2000000000000002,0.045,1.5,88,60,4.0,3.0,9.0,3.0
HN_NC,2025-12-29 23:00:00,86,162.0,76.0,76.0,Lệch nhiều,pm25,97.33601427720617,65.50392551156503,162.38286734086157,57.751962755782515,0.9375,1.2000000000000002,0.045,2.0,86,60,3.0,3.0,9.0,4.0
HN_NC,2025-12-30 00:00:00,91,161.0,70.0,70.0,Lệch nhiều,pm25,95.93238736947313,65.41944142226993,161.3802766924808,57.70972071113496,0.625,1.2000000000000002,0.035,2.5,91,63,2.0,3.0,7.0,5.0
HN_NC,2025-12-30 01:00:00,97,162.0,65.0,65.0,Lệch nhiều,pm25,96.3375250417111,64.84776808586639,161.66966074407935,57.423884042933196,0.9375,1.2000000000000002,0.03,1.5,97,63,3.0,3.0,6.0,3.0
HN_NC,2025-12-30 02:00:00,101,162.0,61.0,61.0,Lệch nhiều,pm25,97.466048821374,64.39242777628328,162.4757491581243,57.19621388814164,0.9375,1.2000000000000002,0.035,1.5,101,63,3.0,3.0,7.0,3.0
HN_NC,2025-12-30 03:00:00,104,164.0,60.0,60.0,Lệch nhiều,pm25,99.00279266940454,64.17964418496399,163.57342333528896,57.089822092481995,0.9375,2.0,0.035,1.5,104,64,3.0,5.0,7.0,3.0
HN_NC,2025-12-30 04:00:00,107,165.0,58.0,58.0,Lệch nhiều,pm25,100.75974823688199,64.37776613370424,164.82839159777285,57.18888306685212,0.9375,4.0,0.035,1.5,107,66,3.0,10.0,7.0,3.0
HN_NC,2025-12-30 05:00:00,109,166.0,57.0,57.0,Lệch nhiều,pm25,102.60460648246061,64.73058856174093,166.14614748747186,57.365294280870465,0.625,3.2,0.03,1.5,109,67,2.0,8.0,6.0,3.0
HN_NC,2025-12-30 06:00:00,117,169.0,52.0,52.0,Lệch nhiều,pm25,106.88956805349781,65.0035531143517,169.206834323927,57.50177655717585,0.625,2.8000000000000003,0.035,2.0,117,67,2.0,7.0,7.0,4.0
HN_NC,2025-12-30 07:00:00,126,174.0,48.0,48.0,Lệch vừa,pm25,113.85693456862685,65.33176413937304,174.18352469187633,57.66588206968652,0.625,2.8000000000000003,0.04,2.0,126,69,2.0,7.0,8.0,4.0
HN_NC,2025-12-30 08:00:00,125,177.0,52.0,52.0,Lệch nhiều,pm25,117.44687302584457,65.67979490380263,176.74776644703184,57.839897451901315,0.3125,2.4000000000000004,0.055,2.0,125,68,1.0,6.0,11.0,4.0
HN_NC,2025-12-30 09:00:00,120,177.0,57.0,57.0,Lệch nhiều,pm25,118.32296123544253,65.94194541930014,177.3735437396018,57.97097270965007,0.3125,2.4000000000000004,0.08,2.0,120,67,1.0,6.0,16.0,4.0
HN_NC,2025-12-30 10:00:00,113,176.0,63.0,63.0,Lệch nhiều,pm25,116.71509690914259,66.12941745746538,176.22506922081612,58.06470872873269,0.625,4.0,0.06,3.0,113,66,2.0,10.0,12.0,6.0
HN_NC,2025-12-30 11:00:00,111,175.0,64.0,64.0,Lệch nhiều,pm25,114.920091232745,66.26898942914602,174.94292230910358,58.13449471457301,0.625,4.4,0.055,3.0,111,67,2.0,11.0,11.0,6.0
HN_NC,2025-12-30 12:00:00,110,174.0,64.0,64.0,Lệch nhiều,pm25,113.77054360859474,66.50829458549484,174.12181686328196,58.25414729274742,0.625,3.6,0.045,3.5,110,67,2.0,9.0,9.0,7.0
HN_NC,2025-12-30 13:00:00,107,173.0,66.0,66.0,Lệch nhiều,pm25,112.55816908825477,66.59589932113599,173.25583506303911,58.297949660567994,0.9375,2.4000000000000004,0.03,3.0,107,66,3.0,6.0,6.0,6.0
HN_NC,2025-12-30 14:00:00,100,171.0,71.0,71.0,Lệch nhiều,pm25,109.9091833973941,66.5572541114326,171.36370242671006,58.2786270557163,1.5625,1.6,0.035,2.0,100,65,5.0,4.0,7.0,4.0
HN_NC,2025-12-30 15:00:00,91,167.0,76.0,76.0,Lệch nhiều,pm25,103.61229670606099,66.19279978927973,166.865926218615,58.096399894639866,1.5625,1.6,0.035,1.5,91,63,5.0,4.0,7.0,3.0
HN_NC,2025-12-30 16:00:00,80,160.0,80.0,80.0,Lệch nhiều,pm25,93.348550455128,65.04531140826262,159.53467889652,57.52265570413131,1.5625,1.2000000000000002,0.03,1.5,80,60,5.0,3.0,6.0,3.0
HN_NC,2025-12-30 17:00:00,79,156.0,77.0,77.0,Lệch nhiều,pm25,87.76935640773635,64.17734432638846,155.54954029124025,57.08867216319423,1.5625,1.6,0.045,1.5,79,60,5.0,4.0,9.0,3.0
HN_NC,2025-12-30 18:00:00,77,152.0,75.0,75.0,Lệch nhiều,pm25,83.1928204853082,62.7392053501952,152.28058606093444,56.369602675097596,1.25,1.2000000000000002,0.05,2.0,77,58,4.0,3.0,10.0,4.0
HN_NC,2025-12-30 19:00:00,80,151.0,71.0,71.0,Lệch nhiều,pm25,82.0074340826219,61.89231652424536,151.43388148758706,55.94615826212268,0.625,1.2000000000000002,0.055,2.5,80,58,2.0,3.0,11.0,5.0
HN_NC,2025-12-30 20:00:00,78,151.0,73.0,73.0,Lệch nhiều,pm25,80.87519908746306,61.22221159646791,150.62514220533075,55.61110579823395,0.9375,1.2000000000000002,0.04,2.5,78,58,3.0,3.0,8.0,5.0
HN_NC,2025-12-30 21:00:00,74,148.0,74.0,74.0,Lệch nhiều,pm25,78.57794749315327,60.18378754173074,147.6299124885888,55.09189377086537,0.625,0.8,0.045,2.5,74,57,2.0,2.0,9.0,5.0
HN_NC,2025-12-30 22:00:00,70,142.0,72.0,72.0,Lệch nhiều,pm25,75.0686529534015,59.132433999285176,141.78108825566915,54.56621699964259,0.3125,1.2000000000000002,0.05,3.0,70,56,1.0,3.0,10.0,6.0
HN_NC,2025-12-30 23:00:00,72,140.0,68.0,68.0,Lệch nhiều,pm25,73.95581176025493,58.03022770431868,139.9263529337582,54.015113852159345,0.625,1.2000000000000002,0.045,3.0,72,55,2.0,3.0,9.0,6.0
HN_NC,2025-12-31 00:00:00,78,142.0,64.0,64.0,Lệch nhiều,pm25,75.454618900288,57.57424607090043,142.42436483381334,53.787123035450215,0.625,1.6,0.035,2.5,78,56,2.0,4.0,7.0,5.0
HN_NC,2025-12-31 01:00:00,83,146.0,63.0,63.0,Lệch nhiều,pm25,77.8324190533358,57.370756829068235,146.387365088893,53.685378414534114,0.625,1.6,0.03,2.0,83,57,2.0,4.0,6.0,4.0
HN_NC,2025-12-31 02:00:00,90,150.0,60.0,60.0,Lệch nhiều,pm25,80.50708254980695,57.39409393877085,150.36220182129068,53.697046969385426,0.625,1.2000000000000002,0.025,1.5,90,58,2.0,3.0,5.0,3.0
HN_NC,2025-12-31 03:00:00,91,152.0,61.0,61.0,Lệch nhiều,pm25,82.92852503831303,57.256571769545104,152.09180359879502,53.62828588477255,0.625,0.8,0.025,1.5,91,57,2.0,2.0,5.0,3.0
HN_NC,2025-12-31 04:00:00,89,153.0,64.0,64.0,Lệch nhiều,pm25,84.42277820698337,57.099390922563806,153.1591272907024,53.5496954612819,1.25,1.2000000000000002,0.025,1.0,89,57,4.0,3.0,5.0,2.0
HN_NC,2025-12-31 05:00:00,90,154.0,64.0,64.0,Lệch nhiều,pm25,85.82367152147599,56.85817093554926,154.15976537248284,53.42908546777463,1.25,1.2000000000000002,0.025,1.0,90,56,4.0,3.0,5.0,2.0
HN_NC,2025-12-31 06:00:00,91,155.0,64.0,64.0,Lệch nhiều,pm25,87.16309884820501,56.697731468510305,155.11649917728928,53.348865734255156,0.9375,1.2000000000000002,0.035,1.5,91,56,3.0,3.0,7.0,3.0
HN_NC,2025-12-31 07:00:00,93,156.0,63.0,63.0,Lệch nhiều,pm25,88.94257887955271,56.54559059459405,156.38755634253766,53.27279529729702,0.625,0.8,0.03,2.0,93,56,2.0,2.0,6.0,4.0
HN_NC,2025-12-31 08:00:00,89,156.0,67.0,67.0,Lệch nhiều,pm25,89.04980954442937,56.40131907622519,156.4641496745924,53.200659538112596,0.9375,0.8,0.05,1.5,89,56,3.0,2.0,10.0,3.0
HN_NC,2025-12-31 09:00:00,83,155.0,72.0,72.0,Lệch nhiều,pm25,87.629735331163,56.322535535372076,155.4498109508307,53.16126776768604,0.9375,0.8,0.045,1.5,83,56,3.0,2.0,9.0,3.0
HN_NC,2025-12-31 10:00:00,79,154.0,75.0,75.0,Lệch nhiều,pm25,85.73272880203766,56.1961028673217,154.09480628716975,53.09805143366085,0.625,0.8,0.055,2.0,79,55,2.0,2.0,11.0,4.0
HN_NC,2025-12-31 11:00:00,78,153.0,75.0,75.0,Lệch nhiều,pm25,84.89313232048801,56.13423547763264,153.4950945146343,53.06711773881632,0.9375,1.2000000000000002,0.035,2.0,78,55,3.0,3.0,7.0,4.0
HN_NC,2025-12-31 12:00:00,80,153.0,73.0,73.0,Lệch nhiều,pm25,84.1483872800141,56.12729226327233,152.96313377143863,53.06364613163616,1.25,1.2000000000000002,0.035,2.0,80,56,4.0,3.0,7.0,4.0
HN_NC,2025-12-31 13:00:00,79,152.0,73.0,73.0,Lệch nhiều,pm25,83.22906253499576,56.06268252308918,152.3064732392827,53.03134126154459,0.625,1.2000000000000002,0.065,2.0,79,56,2.0,3.0,13.0,4.0
HN_NC,2025-12-31 14:00:00,78,152.0,74.0,74.0,Lệch nhiều,pm25,82.1188462523676,55.96069296092257,151.513461608834,52.980346480461286,1.25,0.8,0.03,2.0,78,56,4.0,2.0,6.0,4.0
HN_NC,2025-12-31 15:00:00,73,149.0,76.0,76.0,Lệch nhiều,pm25,79.25927064009045,55.79584798048077,148.76545106681743,52.897923990240386,1.5625,0.8,0.03,1.0,73,55,5.0,2.0,6.0,2.0
HN_NC,2025-12-31 16:00:00,67,142.0,75.0,75.0,Lệch nhiều,pm25,74.96367859653752,55.651614242743456,141.6061309942292,52.825807121371724,1.875,0.8,0.035,1.5,67,55,6.0,2.0,7.0,3.0
HN_NC,2025-12-31 17:00:00,63,134.0,71.0,71.0,Lệch nhiều,pm25,70.46248766355964,55.56599828567187,134.10414610593273,52.78299914283593,1.25,0.8,0.045,1.5,63,55,4.0,2.0,9.0,3.0
HN_NC,2025-12-31 18:00:00,63,130.0,67.0,67.0,Lệch nhiều,pm25,67.97008794216431,55.36240379371125,129.95014657027386,52.681201896855626,1.875,0.8,0.035,1.5,63,54,6.0,2.0,7.0,3.0
HN_NC,2025-12-31 19:00:00,67,130.0,63.0,63.0,Lệch nhiều,pm25,68.04462939121888,55.18319888363549,130.07438231869813,52.59159944181775,1.25,0.8,0.055,1.5,67,54,4.0,2.0,11.0,3.0
HN_NC,2025-12-31 20:00:00,67,130.0,63.0,63.0,Lệch nhiều,pm25,68.29765879578366,55.01039414891957,130.49609799297278,52.50519707445979,0.9375,0.8,0.045,2.0,67,54,3.0,2.0,9.0,4.0
HN_NC,2025-12-31 21:00:00,65,130.0,65.0,65.0,Lệch nhiều,pm25,67.71432720027633,54.84376101187208,129.5238786671272,52.421880505936045,0.9375,0.8,0.04,2.5,65,54,3.0,2.0,8.0,5.0
HN_NC,2025-12-31 22:00:00,62,127.0,65.0,65.0,Lệch nhiều,pm25,66.10774348808432,54.74835287415504,126.8462391468072,52.37417643707752,0.9375,0.8,0.05,2.5,62,54,3.0,2.0,10.0,5.0
HN_NC,2025-12-31 23:00:00,62,125.0,63.0,63.0,Lệch nhiều,pm25,65.00616128742807,54.65635216992789,125.01026881238012,52.32817608496394,0.9375,0.8,0.03,2.5,62,54,3.0,2.0,6.0,5.0
HN_NVC,2025-12-25 00:00:00,58,,,,Không so sánh được,,,,,,,,,,58,45,,,,
HN_NVC,2025-12-25 01:00:00,42,97.0,55.0,55.0,Lệch nhiều,pm25,48.720000000000006,39.375,97.44000000000001,39.375,,,,,42,35,,,,
HN_NVC,2025-12-25 02:00:00,32,78.0,46.0,46.0,Lệch vừa,pm25,39.2363869314542,35.344670166628624,78.4727738629084,35.344670166628624,,,,,32,31,,,,
HN_NVC,2025-12-25 03:00:00,30,68.0,38.0,38.0,Lệch vừa,pm25,34.22202797202797,31.213235294117645,68.44405594405595,31.213235294117645,,,,,30,27,,,,
HN_NVC,2025-12-25 04:00:00,26,60.0,34.0,34.0,Lệch vừa,pm25,29.870967741935484,26.666421867798483,59.74193548387097,26.666421867798483,,,,,26,23,,,,
HN_NVC,2025-12-25 05:00:00,21,51.0,30.0,30.0,Lệch vừa,pm25,25.365079365079364,22.714285714285715,50.73015873015873,22.714285714285715,,,,,21,19,,,,
HN_NVC,2025-12-25 06:00:00,19,44.0,25.0,25.0,Khá sát,pm25,22.15748031496063,19.834645669291337,44.31496062992126,19.834645669291337,,,,,19,17,,,,
HN_NVC,2025-12-25 07:00:00,19,41.0,22.0,22.0,Khá sát,pm25,20.572549019607845,18.41176470588235,41.14509803921569,18.41176470588235,,,,,19,17,,,,
HN_NVC,2025-12-25 08:00:00,20,41.0,21.0,21.0,Khá sát,pm25,20.285714285714285,18.205479452054796,40.57142857142857,18.205479452054796,,,,,20,18,,,,
HN_NVC,2025-12-25 09:00:00,22,42.0,20.0,20.0,Khá sát,pm25,21.143695014662757,19.60410557184751,42.287390029325515,19.60410557184751,,,,,22,21,,,,
HN_NVC,2025-12-25 10:00:00,27,48.0,21.0,21.0,Khá sát,pm25,24.073277967757694,23.303859306301906,48.14655593551539,23.303859306301906,,,,,27,27,,,,
HN_NVC,2025-12-25 11:00:00,40,64.0,24.0,24.0,Khá sát,pm25,32.03858363858364,28.153113553113553,64.07716727716728,28.153113553113553,,,,,40,33,,,,
HN_NVC,2025-12-25 12:00:00,51,83.0,32.0,32.0,Lệch vừa,pm25,41.51843711843712,33.075702075702075,83.03687423687424,33.075702075702075,,,,,51,38,,,,
HN_NVC,2025-12-25 13:00:00,57,99.0,42.0,42.0,Lệch vừa,pm25,49.261050061050064,35.03809523809524,98.52210012210013,35.03809523809524,,,,,57,37,,,,
HN_NVC,2025-12-25 14:00:00,53,102.0,49.0,49.0,Lệch vừa,pm25,51.133089133089136,34.51941391941392,101.88848188848189,34.51941391941392,,,,,53,34,,,,
HN_NVC,2025-12-25 15:00:00,47,98.0,51.0,51.0,Lệch nhiều,pm25,49.06862026862027,32.26007326007326,98.13724053724054,32.26007326007326,,,,,47,30,,,,
HN_NVC,2025-12-25 16:00:00,43,92.0,49.0,49.0,Lệch vừa,pm25,46.03638583638584,30.630769230769232,92.07277167277168,30.630769230769232,,,,,43,29,,,,
HN_NVC,2025-12-25 17:00:00,40,86.0,46.0,46.0,Lệch vừa,pm25,43.02051282051282,29.316483516483515,86.04102564102564,29.316483516483515,,,,,40,28,,,,
HN_NVC,2025-12-25 18:00:00,48,91.0,43.0,43.0,Lệch vừa,pm25,45.51379731379731,29.15970695970696,91.02759462759462,29.15970695970696,,,,,48,29,,,,
HN_NVC,2025-12-25 19:00:00,62,106.0,44.0,44.0,Lệch vừa,pm25,53.76214896214896,33.582417582417584,106.27024827024827,33.582417582417584,,,,,62,38,,,,
HN_NVC,2025-12-25 20:00:00,78,126.0,48.0,48.0,Lệch vừa,pm25,65.88815628815628,41.294993894993894,126.48026048026047,41.294993894993894,,,,,78,49,,,,
HN_NVC,2025-12-25 21:00:00,87,144.0,57.0,57.0,Lệch nhiều,pm25,76.45201465201465,47.65152625152625,144.08669108669108,47.65152625152625,,,,,87,54,,,,
HN_NVC,2025-12-25 22:00:00,88,152.0,64.0,64.0,Lệch nhiều,pm25,82.23345543345543,50.49704015022391,151.595325309611,50.248520075111955,,,,,88,54,,,,
HN_NVC,2025-12-25 23:00:00,83,152.0,69.0,69.0,Lệch nhiều,pm25,82.62197802197802,52.187471071515006,151.87284144427002,51.0937355357575,,,,,83,54,,,,
HN_NVC,2025-12-26 00:00:00,80,151.0,71.0,71.0,Lệch nhiều,pm25,81.31452991452991,52.5814177203562,150.93894993894995,51.2907088601781,,,,,80,53,,,,
HN_NVC,2025-12-26 01:00:00,76,148.0,72.0,72.0,Lệch nhiều,pm25,78.65958485958485,52.30420487160719,147.76597476597476,51.1521024358036,,,,,76,52,,,,
HN_NVC,2025-12-26 02:00:00,66,137.0,71.0,71.0,Lệch nhiều,pm25,72.33137973137973,51.19768384743711,137.21896621896622,50.59884192371855,,,,,66,50,,,,
HN_NVC,2025-12-26 03:00:00,57,124.0,67.0,67.0,Lệch nhiều,pm25,64.66691086691087,49.17966969527092,124.44485144485145,49.17966969527092,,,,,57,47,,,,
HN_NVC,2025-12-26 04:00:00,54,116.0,62.0,62.0,Lệch nhiều,pm25,59.33479853479854,47.170147089336815,115.55799755799757,47.170147089336815,,,,,54,45,,,,
HN_NVC,2025-12-26 05:00:00,49,109.0,60.0,60.0,Lệch nhiều,pm25,55.213141713642095,44.84655345655446,108.68856952273683,44.84655345655446,,,,,49,42,,,,
HN_NVC,2025-12-26 06:00:00,43,97.0,54.0,54.0,Lệch nhiều,pm25,48.58363858363858,43.38711978639181,97.16727716727716,43.38711978639181,,,,,43,37,,,,
HN_NVC,2025-12-26 07:00:00,38,87.0,49.0,49.0,Lệch vừa,pm25,43.28888888888889,39.35130592179708,86.57777777777778,39.35130592179708,,,,,38,34,,,,
HN_NVC,2025-12-26 08:00:00,38,80.0,42.0,42.0,Lệch vừa,pm25,40.13943833943834,38.834946290984725,80.27887667887668,38.834946290984725,,,,,37,38,,,,
HN_NVC,2025-12-26 09:00:00,47,87.0,40.0,40.0,Lệch vừa,pm25,43.564835164835166,39.98986918062825,87.12967032967033,39.98986918062825,,,,,47,42,,,,
HN_NVC,2025-12-26 10:00:00,60,103.0,43.0,43.0,Lệch vừa,pm25,51.778998778998776,41.832483769198035,102.96499796499796,41.832483769198035,,,,,60,45,,,,
HN_NVC,2025-12-26 11:00:00,70,118.0,48.0,48.0,Lệch vừa,pm25,60.887912087912085,44.37632292256858,118.14652014652015,44.37632292256858,,,,,70,49,,,,
HN_NVC,2025-12-26 12:00:00,75,130.0,55.0,55.0,Lệch nhiều,pm25,67.94334554334554,46.59685654776656,129.90557590557592,46.59685654776656,,,,,75,51,,,,
HN_NVC,2025-12-26 13:00:00,84,143.0,59.0,59.0,Lệch nhiều,pm25,75.97264957264957,49.527395543695455,143.2877492877493,49.527395543695455,,,,,84,54,,,,
HN_NVC,2025-12-26 14:00:00,94,154.0,60.0,60.0,Lệch nhiều,pm25,84.98974358974358,52.829709863528734,153.56410256410257,51.41485493176437,,,,,94,57,,,,
HN_NVC,2025-12-26 15:00:00,96,157.0,61.0,61.0,Lệch nhiều,pm25,90.4996336996337,55.066295850478895,157.4997383568812,52.53314792523945,,,,,96,58,,,,
HN_NVC,2025-12-26 16:00:00,95,159.0,64.0,64.0,Lệch nhiều,pm25,92.75482295482296,55.874639431414714,159.11058782487353,52.93731971570736,,,,,95,57,,,,
HN_NVC,2025-12-26 17:00:00,90,158.0,68.0,68.0,Lệch nhiều,pm25,91.38241758241759,56.35054354828127,158.13029827315543,53.17527177414064,,,,,90,57,,,,
HN_NVC,2025-12-26 18:00:00,85,156.0,71.0,71.0,Lệch nhiều,pm25,88.196336996337,56.632934381916925,155.854526425955,53.31646719095846,,,,,85,57,,,,
HN_NVC,2025-12-26 19:00:00,99,160.0,61.0,61.0,Lệch nhiều,pm25,93.6056166056166,58.662248169672544,159.71829757544043,54.331124084836276,,,,,99,62,,,,
HN_NVC,2025-12-26 20:00:00,118,168.0,50.0,50.0,Lệch vừa,pm25,105.81269841269841,63.28784795732494,168.43764172335602,56.64392397866247,,,,,118,70,,,,
HN_NVC,2025-12-26 21:00:00,120,174.0,54.0,54.0,Lệch nhiều,pm25,112.91526251526251,65.81567127071973,173.51090179661608,57.907835635359866,,,,,120,71,,,,
HN_NVC,2025-12-26 22:00:00,106,170.0,64.0,64.0,Lệch nhiều,pm25,108.55181697030122,65.52238792938896,170.3941549787866,57.76119396469448,,,,,106,67,,,,
HN_NVC,2025-12-26 23:00:00,87,164.0,77.0,77.0,Lệch nhiều,pm25,100.04649624051262,64.56800316559038,164.31892588608045,57.28400158279519,,,,,87,63,,,,
HN_NVC,2025-12-27 00:00:00,78,159.0,81.0,81.0,Lệch nhiều,pm25,92.46367469752181,63.73310854243436,158.90262478394416,56.86655427121718,,,,,78,62,,,,
HN_NVC,2025-12-27 01:00:00,81,156.0,75.0,75.0,Lệch nhiều,pm25,88.44538197842007,63.29924777337614,156.0324156988715,56.64962388668807,,,,,81,62,,,,
HN_NVC,2025-12-27 02:00:00,96,158.0,62.0,62.0,Lệch nhiều,pm25,91.0935026692858,63.75641094844765,157.9239304780613,56.878205474223826,,,,,96,65,,,,
HN_NVC,2025-12-27 03:00:00,101,160.0,59.0,59.0,Lệch nhiều,pm25,94.57078769331765,64.32061237068818,160.4077054952269,57.16030618534409,,,,,101,66,,,,
HN_NVC,2025-12-27 04:00:00,97,161.0,64.0,64.0,Lệch nhiều,pm25,95.42501638396924,64.57637970967,161.0178688456923,57.288189854835,,,,,97,65,,,,
HN_NVC,2025-12-27 05:00:00,96,161.0,65.0,65.0,Lệch nhiều,pm25,95.63827379951825,64.78171405223286,161.17019557108446,57.39085702611643,,,,,96,65,,,,
HN_NVC,2025-12-27 06:00:00,95,161.0,66.0,66.0,Lệch nhiều,pm25,95.4348998862506,64.85790985164432,161.024928490179,57.42895492582216,,,,,95,64,,,,
HN_NVC,2025-12-27 07:00:00,89,159.0,70.0,70.0,Lệch nhiều,pm25,93.16266300949916,64.49563958875983,159.40190214964224,57.247819794379915,,,,,89,62,,,,
HN_NVC,2025-12-27 08:00:00,83,157.0,74.0,74.0,Lệch nhiều,pm25,89.53565424820135,63.70336859928911,156.8111816058581,56.85168429964455,,,,,83,61,,,,
HN_NVC,2025-12-27 09:00:00,87,157.0,70.0,70.0,Lệch nhiều,pm25,89.42879645027354,63.26498863546795,156.73485460733824,56.63249431773397,,,,,87,61,,,,
HN_NVC,2025-12-27 10:00:00,95,158.0,63.0,63.0,Lệch nhiều,pm25,90.84914970771275,62.97832037465282,157.74939264836627,56.489160187326405,,,,,95,62,,,,
HN_NVC,2025-12-27 11:00:00,103,160.0,57.0,57.0,Lệch nhiều,pm25,93.9343759967776,63.1038580832941,159.953125711984,56.55192904164705,,,,,103,64,,,,
HN_NVC,2025-12-27 12:00:00,112,164.0,52.0,52.0,Lệch nhiều,pm25,99.3827770525113,63.51581372204994,163.84484075179378,56.75790686102497,,,,,112,66,,,,
HN_NVC,2025-12-27 13:00:00,122,170.0,48.0,48.0,Lệch vừa,pm25,107.41695938908867,64.19725832240478,169.58354242077763,57.09862916120239,,,,,122,68,,,,
HN_NVC,2025-12-27 14:00:00,125,174.0,49.0,49.0,Lệch vừa,pm25,113.78177528965348,64.91878385819817,174.12983949260962,57.459391929099084,,,,,125,69,,,,
HN_NVC,2025-12-27 15:00:00,128,178.0,50.0,50.0,Lệch vừa,pm25,119.2246025466889,65.49464335767556,178.0175732476349,57.74732167883778,,,,,128,69,,,,
HN_NVC,2025-12-27 16:00:00,126,180.0,54.0,54.0,Lệch nhiều,pm25,121.66323143638422,66.31881372816059,179.75945102598874,58.159406864080296,,,,,126,70,,,,
HN_NVC,2025-12-27 17:00:00,127,181.0,54.0,54.0,Lệch nhiều,pm25,123.59999947584018,66.9446412075305,181.14285676845728,58.47232060376525,,,,,127,70,,,,
HN_NVC,2025-12-27 18:00:00,135,185.0,50.0,50.0,Lệch vừa,pm25,128.48620238665075,68.46653037770533,184.63300170475054,59.23326518885266,,,,,135,73,,,,
HN_NVC,2025-12-27 19:00:00,143,189.0,46.0,46.0,Lệch vừa,pm25,135.01426980155378,70.4946630284027,189.29590700110984,60.24733151420135,,,,,143,76,,,,
HN_NVC,2025-12-27 20:00:00,145,192.0,47.0,47.0,Lệch vừa,pm25,138.77060697350387,72.56314985249334,191.97900498107418,61.28157492624667,,,,,145,78,,,,
HN_NVC,2025-12-27 21:00:00,146,193.0,47.0,47.0,Lệch vừa,pm25,140.51491775951803,74.53239761872707,193.2249412567986,62.26619880936354,,,,,146,80,,,,
HN_NVC,2025-12-27 22:00:00,146,194.0,48.0,48.0,Lệch vừa,pm25,141.23903554011545,75.5471973768655,193.7421682429396,62.77359868843275,,,,,146,80,,,,
HN_NVC,2025-12-27 23:00:00,143,193.0,50.0,50.0,Lệch vừa,pm25,140.64580663339845,76.64431338041551,193.3184333095703,63.322156690207756,,,,,143,81,,,,
HN_NVC,2025-12-28 00:00:00,144,193.0,49.0,49.0,Lệch vừa,pm25,140.32701777844343,77.3257566147394,193.09072698460244,63.6628783073697,,,,,144,81,,,,
HN_NVC,2025-12-28 01:00:00,144,194.0,50.0,50.0,Lệch vừa,pm25,141.01086775341136,78.36042653784862,193.5791912524367,64.18021326892432,,,,,144,82,,,,
HN_NVC,2025-12-28 02:00:00,146,194.0,48.0,48.0,Lệch vừa,pm25,142.16764829430247,80.57772703825913,194.4054630673589,65.28886351912956,,,,,146,86,,,,
HN_NVC,2025-12-28 03:00:00,155,197.0,42.0,42.0,Lệch vừa,pm25,145.66113254356236,84.80109990817205,196.9008089596874,67.40054995408602,,,,,155,94,,,,
HN_NVC,2025-12-28 04:00:00,157,199.0,42.0,42.0,Lệch vừa,pm25,148.39183163747148,87.07033837290206,198.85130831247963,68.53516918645103,,,,,157,93,,,,
HN_NVC,2025-12-28 05:00:00,152,199.0,47.0,47.0,Lệch vừa,pm25,148.65591528826226,86.95182257519916,199.0399394916159,68.47591128759959,,,,,152,88,,,,
HN_NVC,2025-12-28 06:00:00,140,198.0,58.0,58.0,Lệch nhiều,pm25,147.42478995307147,85.71170782877537,198.16056425219392,67.8558539143877,,,,,140,82,,,,
HN_NVC,2025-12-28 07:00:00,129,196.0,67.0,67.0,Lệch nhiều,pm25,144.1216721868146,84.28369336351318,195.8011944191533,67.14184668175659,,,,,129,78,,,,
HN_NVC,2025-12-28 08:00:00,129,194.0,65.0,65.0,Lệch nhiều,pm25,141.12637190143704,83.21412853568114,193.66169421531217,66.60706426784057,,,,,129,78,,,,
HN_NVC,2025-12-28 09:00:00,134,193.0,59.0,59.0,Lệch nhiều,pm25,139.63159543060684,82.47652854250882,192.59399673614774,66.23826427125441,,,,,134,79,,,,
HN_NVC,2025-12-28 10:00:00,142,193.0,51.0,51.0,Lệch nhiều,pm25,139.97937566659184,82.2455060542871,192.84241119042275,66.12275302714355,,,,,142,81,,,,
HN_NVC,2025-12-28 11:00:00,147,194.0,47.0,47.0,Lệch vừa,pm25,141.3060719228262,82.41453359371275,193.79005137344728,66.20726679685637,,,,,147,83,,,,
HN_NVC,2025-12-28 12:00:00,152,195.0,43.0,43.0,Lệch vừa,pm25,143.36249006261983,83.12633334304361,195.2589214732999,66.5631666715218,,,,,152,86,,,,
HN_NVC,2025-12-28 13:00:00,159,198.0,39.0,39.0,Lệch vừa,pm25,146.59392581809706,84.64924559407567,197.56708987006934,67.32462279703783,,,,,159,91,,,,
HN_NVC,2025-12-28 14:00:00,165,201.0,36.0,36.0,Lệch vừa,pm25,151.2362835342458,86.99462880281517,201.2362835342458,68.49731440140758,,,,,165,96,,,,
HN_NVC,2025-12-28 15:00:00,167,205.0,38.0,38.0,Lệch vừa,pm25,155.16740132483721,90.67949663938958,205.16740132483721,70.33974831969479,,,,,167,101,,,,
HN_NVC,2025-12-28 16:00:00,169,209.0,40.0,40.0,Lệch vừa,pm25,158.81487577151827,95.93774470541479,208.81487577151827,72.9688723527074,,,,,169,107,,,,
HN_NVC,2025-12-28 17:00:00,170,212.0,42.0,42.0,Lệch vừa,pm25,161.81307259877144,99.55458322406305,211.81307259877144,74.77729161203152,,,,,170,108,,,,
HN_NVC,2025-12-28 18:00:00,169,214.0,45.0,45.0,Lệch vừa,pm25,163.8109647956709,102.04897432719925,213.8109647956709,76.02448716359962,,,,,169,108,,,,
HN_NVC,2025-12-28 19:00:00,170,216.0,46.0,46.0,Lệch vừa,pm25,165.67766794148662,104.32896186142051,215.67766794148662,77.16448093071025,,,,,170,109,,,,
HN_NVC,2025-12-28 20:00:00,175,218.0,43.0,43.0,Lệch vừa,pm25,168.17239430841153,107.8183996842177,218.17239430841153,78.90919984210885,,,,,175,114,,,,
HN_NVC,2025-12-28 21:00:00,177,220.0,43.0,43.0,Lệch vừa,pm25,169.76719667266843,109.91206163200428,219.76719667266843,79.95603081600214,,,,,177,115,,,,
HN_NVC,2025-12-28 22:00:00,178,221.0,43.0,43.0,Lệch vừa,pm25,171.37805985957874,111.22986109318589,221.37805985957874,80.61493054659294,,,,,178,115,,,,
HN_NVC,2025-12-28 23:00:00,178,223.0,45.0,45.0,Lệch vừa,pm25,172.53945504214093,112.3986725784847,222.53945504214093,81.19933628924235,,,,,178,116,,,,
HN_NVC,2025-12-29 00:00:00,180,224.0,44.0,44.0,Lệch vừa,pm25,173.7807957523715,113.93182765043203,223.7807957523715,81.965913825216,,,,,180,119,,,,
HN_NVC,2025-12-29 01:00:00,183,225.0,42.0,42.0,Lệch vừa,pm25,175.31607757713897,116.06606213078875,225.31607757713897,83.03303106539437,,,,,183,123,,,,
HN_NVC,2025-12-29 02:00:00,185,227.0,42.0,42.0,Lệch vừa,pm25,177.04512787059633,117.4407194346246,227.04512787059633,83.7203597173123,,,,,185,124,,,,
HN_NVC,2025-12-29 03:00:00,185,228.0,43.0,43.0,Lệch vừa,pm25,178.3246194473601,118.38913678668968,228.3246194473601,84.19456839334484,,,,,185,125,,,,
HN_NVC,2025-12-29 04:00:00,185,230.0,45.0,45.0,Lệch vừa,pm25,179.60764622737702,119.65151550761995,229.60764622737702,84.82575775380997,,,,,185,125,,,,
HN_NVC,2025-12-29 05:00:00,184,231.0,47.0,47.0,Lệch vừa,pm25,180.60500997137837,120.53379786852314,230.60500997137837,85.26689893426158,,,,,184,123,,,,
HN_NVC,2025-12-29 06:00:00,183,231.0,48.0,48.0,Lệch vừa,pm25,181.35987423599485,120.87155494041959,231.35987423599485,85.43577747020979,,,,,183,121,,,,
HN_NVC,2025-12-29 07:00:00,180,232.0,52.0,52.0,Lệch nhiều,pm25,181.51718007908565,120.67342526343917,231.51718007908565,85.33671263171959,,,,,180,119,,,,
HN_NVC,2025-12-29 08:00:00,175,231.0,56.0,56.0,Lệch nhiều,pm25,181.16490007481073,120.21087637357417,231.16490007481073,85.10543818678708,,,,,175,115,,,,
HN_NVC,2025-12-29 09:00:00,169,230.0,61.0,61.0,Lệch nhiều,pm25,179.75868911297732,118.82567993063687,229.75868911297732,84.41283996531843,,,,,169,110,,,,
HN_NVC,2025-12-29 10:00:00,162,227.0,65.0,65.0,Lệch nhiều,pm25,176.685275939274,116.38198073667704,226.685275939274,83.19099036833852,,,,,162,106,,,,
HN_NVC,2025-12-29 11:00:00,160,224.0,64.0,64.0,Lệch nhiều,pm25,173.6969893062652,114.1811217281938,223.6969893062652,82.0905608640969,,,,,160,105,,,,
HN_NVC,2025-12-29 12:00:00,158,221.0,63.0,63.0,Lệch nhiều,pm25,170.54156790821918,111.99060073403844,220.54156790821918,80.99530036701921,,,,,158,104,,,,
HN_NVC,2025-12-29 13:00:00,157,218.0,61.0,61.0,Lệch nhiều,pm25,167.6831383199203,109.4229493151708,217.6831383199203,79.7114746575854,,,,,157,102,,,,
HN_NVC,2025-12-29 14:00:00,153,214.0,61.0,61.0,Lệch nhiều,pm25,163.83013678428168,105.0440709158281,213.83013678428168,77.52203545791406,,,,,153,96,,,,
HN_NVC,2025-12-29 15:00:00,147,209.0,62.0,62.0,Lệch nhiều,pm25,158.8865807854051,99.72911497975917,208.8865807854051,74.86455748987959,,,,,147,90,,,,
HN_NVC,2025-12-29 16:00:00,140,203.0,63.0,63.0,Lệch nhiều,pm25,153.00726687919968,96.10524237797259,203.00726687919968,73.0526211889863,,,,,140,88,,,,
HN_NVC,2025-12-29 17:00:00,135,198.0,63.0,63.0,Lệch nhiều,pm25,147.28891551267432,93.42551309871776,198.06351108048165,71.71275654935889,,,,,135,87,,,,
HN_NVC,2025-12-29 18:00:00,135,196.0,61.0,61.0,Lệch nhiều,pm25,144.19905975553644,91.73050473916688,195.8564712539546,70.86525236958343,,,,,135,87,,,,
HN_NVC,2025-12-29 19:00:00,140,195.0,55.0,55.0,Lệch nhiều,pm25,143.47404751981145,91.3039026042449,195.3386053712939,70.65195130212246,,,,,140,89,,,,
HN_NVC,2025-12-29 20:00:00,146,196.0,50.0,50.0,Lệch vừa,pm25,144.28375665679164,91.52687167364522,195.91696904056545,70.76343583682261,,,,,146,91,,,,
HN_NVC,2025-12-29 21:00:00,153,197.0,44.0,44.0,Lệch vừa,pm25,146.06352987793923,92.10123862790789,197.18823562709946,71.05061931395394,,,,,153,94,,,,
HN_NVC,2025-12-29 22:00:00,155,198.0,43.0,43.0,Lệch vừa,pm25,147.38309886932288,92.4454558540997,198.1307849066592,71.22272792704985,,,,,155,95,,,,
HN_NVC,2025-12-29 23:00:00,157,199.0,42.0,42.0,Lệch vừa,pm25,148.69469218216676,92.67267829017284,199.06763727297624,71.33633914508641,,,,,157,95,,,,
HN_NVC,2025-12-30 00:00:00,155,200.0,45.0,45.0,Lệch vừa,pm25,149.44603062990356,92.60197278949286,199.60430759278825,71.30098639474643,,,,,155,94,,,,
HN_NVC,2025-12-30 01:00:00,151,200.0,49.0,49.0,Lệch vừa,pm25,149.49959022508153,91.83200390471316,199.6425644464868,70.91600195235658,,,,,151,91,,,,
HN_NVC,2025-12-30 02:00:00,144,199.0,55.0,55.0,Lệch nhiều,pm25,148.4826558970525,90.97904653606905,198.91618278360892,70.48952326803453,,,,,144,87,,,,
HN_NVC,2025-12-30 03:00:00,140,198.0,58.0,58.0,Lệch nhiều,pm25,147.102443724754,90.36891828060963,197.93031694625287,70.18445914030482,,,,,140,86,,,,
HN_NVC,2025-12-30 04:00:00,141,197.0,56.0,56.0,Lệch nhiều,pm25,146.2746899010084,89.67740551533538,197.339064215006,69.83870275766769,,,,,141,85,,,,
HN_NVC,2025-12-30 05:00:00,143,197.0,54.0,54.0,Lệch nhiều,pm25,146.03474158960748,88.86119998655309,197.16767256400533,69.43059999327654,,,,,143,84,,,,
HN_NVC,2025-12-30 06:00:00,147,198.0,51.0,51.0,Lệch nhiều,pm25,146.7967853512017,88.19550883458021,197.71198953657264,69.0977544172901,,,,,147,84,,,,
HN_NVC,2025-12-30 07:00:00,146,198.0,52.0,52.0,Lệch nhiều,pm25,146.930291127094,87.2330731413963,197.80735080506713,68.61653657069814,,,,,146,83,,,,
HN_NVC,2025-12-30 08:00:00,148,198.0,50.0,50.0,Lệch vừa,pm25,147.1193801086306,86.12998823040537,197.94241436330756,68.0649941152027,,,,,148,82,,,,
HN_NVC,2025-12-30 09:00:00,148,198.0,50.0,50.0,Lệch vừa,pm25,147.03158227422728,85.22602886952234,197.87970162444805,67.61301443476117,,,,,148,82,,,,
HN_NVC,2025-12-30 10:00:00,150,198.0,48.0,48.0,Lệch vừa,pm25,147.16985172125618,84.58261131591803,197.978465515183,67.29130565795901,,,,,150,83,,,,
HN_NVC,2025-12-30 11:00:00,150,198.0,48.0,48.0,Lệch vừa,pm25,147.1699037784307,84.41888554087608,197.97850269887908,67.20944277043805,,,,,150,85,,,,
HN_NVC,2025-12-30 12:00:00,151,198.0,47.0,47.0,Lệch vừa,pm25,147.16708283769586,84.44589397594861,197.97648774121132,67.2229469879743,,,,,151,86,,,,
HN_NVC,2025-12-30 13:00:00,150,198.0,48.0,48.0,Lệch vừa,pm25,147.32418256529107,84.50036197922692,198.08870183235075,67.25018098961345,,,,,150,87,,,,
HN_NVC,2025-12-30 14:00:00,146,198.0,52.0,52.0,Lệch nhiều,pm25,147.32626237733564,84.41797112530223,198.0901874123826,67.20898556265112,,,,,146,85,,,,
HN_NVC,2025-12-30 15:00:00,137,197.0,60.0,60.0,Lệch nhiều,pm25,146.38926324801292,84.05679590211673,197.42090232000925,67.02839795105837,,,,,137,82,,,,
HN_NVC,2025-12-30 16:00:00,122,194.0,72.0,72.0,Lệch nhiều,pm25,141.02548943514833,82.3527011771961,193.58963531082023,66.17635058859804,,,,,122,74,,,,
HN_NVC,2025-12-30 17:00:00,105,184.0,79.0,79.0,Lệch nhiều,pm25,127.69442915588104,78.61196613928341,184.06744939705789,64.30598306964171,,,,,105,68,,,,
HN_NVC,2025-12-30 18:00:00,92,172.0,80.0,80.0,Lệch nhiều,pm25,111.09660419641607,74.54129832546246,172.21186014029718,62.27064916273123,,,,,92,65,,,,
HN_NVC,2025-12-30 19:00:00,93,167.0,74.0,74.0,Lệch nhiều,pm25,103.97141815057657,71.98657022360025,167.12244153612613,60.99328511180013,,,,,93,65,,,,
HN_NVC,2025-12-30 20:00:00,99,166.0,67.0,67.0,Lệch nhiều,pm25,101.9787162415199,70.34651510496991,165.69908302965706,60.173257552484955,,,,,99,66,,,,
HN_NVC,2025-12-30 21:00:00,107,167.0,60.0,60.0,Lệch nhiều,pm25,103.89864789891153,69.3819482422013,167.0704627849368,59.69097412110065,,,,,107,67,,,,
HN_NVC,2025-12-30 22:00:00,113,170.0,57.0,57.0,Lệch nhiều,pm25,107.41687863023412,68.91416840220174,169.5834847358815,59.45708420110087,,,,,113,68,,,,
HN_NVC,2025-12-30 23:00:00,117,172.0,55.0,55.0,Lệch nhiều,pm25,111.12745051918351,68.8096631694423,172.23389322798823,59.40483158472115,,,,,117,69,,,,
HN_NVC,2025-12-31 00:00:00,121,175.0,54.0,54.0,Lệch nhiều,pm25,114.88743085272847,69.2452197846232,174.91959346623463,59.6226098923116,,,,,121,71,,,,
HN_NVC,2025-12-31 01:00:00,124,177.0,53.0,53.0,Lệch nhiều,pm25,118.04851148567883,69.55344306205617,177.17750820405632,59.77672153102809,,,,,124,71,,,,
HN_NVC,2025-12-31 02:00:00,127,179.0,52.0,52.0,Lệch nhiều,pm25,120.36992943457018,69.45120206817643,178.83566388183584,59.725601034088214,,,,,127,70,,,,
HN_NVC,2025-12-31 03:00:00,125,179.0,54.0,54.0,Lệch nhiều,pm25,120.5982323976207,69.06010832340709,178.99873742687194,59.530054161703546,,,,,125,70,,,,
HN_NVC,2025-12-31 04:00:00,123,179.0,56.0,56.0,Lệch nhiều,pm25,121.2660149872954,68.83265603797861,179.4757249909253,59.416328018989304,,,,,123,70,,,,
HN_NVC,2025-12-31 05:00:00,130,182.0,52.0,52.0,Lệch nhiều,pm25,124.1762886447561,69.36834824453689,181.5544918891115,59.684174122268445,,,,,130,72,,,,
HN_NVC,2025-12-31 06:00:00,144,187.0,43.0,43.0,Lệch vừa,pm25,132.00020266513837,71.76195451063289,187.14300190367027,60.880977255316445,,,,,144,79,,,,
HN_NVC,2025-12-31 07:00:00,154,193.0,39.0,39.0,Lệch vừa,pm25,140.01765512444246,75.75432863740133,192.86975366031604,62.877164318700665,,,,,154,86,,,,
HN_NVC,2025-12-31 08:00:00,157,196.0,39.0,39.0,Lệch vừa,pm25,144.59430863688047,80.39121439174076,196.13879188348605,65.19560719587038,,,,,157,91,,,,
HN_NVC,2025-12-31 09:00:00,157,198.0,41.0,41.0,Lệch vừa,pm25,147.11765100742488,83.5412690401902,197.94117929101776,66.7706345200951,,,,,157,92,,,,
HN_NVC,2025-12-31 10:00:00,156,199.0,43.0,43.0,Lệch vừa,pm25,148.85408091811206,85.35486838885802,199.18148637008005,67.67743419442901,,,,,156,91,,,,
HN_NVC,2025-12-31 11:00:00,151,199.0,48.0,48.0,Lệch vừa,pm25,148.87783738423207,85.93404159291717,199.19845527445148,67.96702079645858,,,,,151,88,,,,
HN_NVC,2025-12-31 12:00:00,144,198.0,54.0,54.0,Lệch nhiều,pm25,147.76929367595068,85.59316247833702,198.4066383399648,67.79658123916852,,,,,144,84,,,,
HN_NVC,2025-12-31 13:00:00,137,197.0,60.0,60.0,Lệch nhiều,pm25,145.59610975559323,84.58834299357417,196.854364111138,67.29417149678709,,,,,137,81,,,,
HN_NVC,2025-12-31 14:00:00,120,193.0,73.0,73.0,Lệch nhiều,pm25,139.51223480334525,82.34225109253055,192.5087391452466,66.17112554626527,,,,,120,75,,,,
HN_NVC,2025-12-31 15:00:00,106,183.0,77.0,77.0,Lệch nhiều,pm25,126.85151949186518,77.9708068301703,183.465371065618,63.98540341508515,,,,,106,67,,,,
HN_NVC,2025-12-31 16:00:00,94,172.0,78.0,78.0,Lệch nhiều,pm25,111.36998129284709,71.29038320809681,172.40712949489077,60.64519160404841,,,,,94,61,,,,
HN_NVC,2025-12-31 17:00:00,82,161.0,79.0,79.0,Lệch nhiều,pm25,95.2409025230696,65.05923700822659,160.88635894504972,57.529618504113294,,,,,82,57,,,,
HN_NVC,2025-12-31 18:00:00,81,156.0,75.0,75.0,Lệch nhiều,pm25,88.17361181208649,60.61588097753191,155.83829415149035,55.30794048876595,,,,,81,55,,,,
HN_NVC,2025-12-31 19:00:00,90,156.0,66.0,66.0,Lệch nhiều,pm25,89.046700977143,59.54032519359871,156.46192926938787,54.77016259679935,,,,,90,58,,,,
HN_NVC,2025-12-31 20:00:00,100,160.0,60.0,60.0,Lệch nhiều,pm25,94.33911815023475,60.10217186317809,160.24222725016767,55.05108593158904,,,,,100,61,,,,
HN_NVC,2025-12-31 21:00:00,105,164.0,59.0,59.0,Lệch nhiều,pm25,99.45210337569122,61.65342883376677,163.89435955406515,55.826714416883384,,,,,105,64,,,,
HN_NVC,2025-12-31 22:00:00,109,167.0,58.0,58.0,Lệch nhiều,pm25,103.76338690225948,62.90003554123628,166.9738477873282,56.45001777061814,,,,,109,65,,,,
HN_NVC,2025-12-31 23:00:00,111,169.0,58.0,58.0,Lệch nhiều,pm25,106.6851783413641,63.89610908278763,169.06084167240292,56.948054541393816,,,,,111,66,,,,
