timestamp,vn_aqi,pm10_aqi,pm25_aqi,station_id,station_name,pm10_obs,pm25_obs,silam_pm25,silam_pm10,silam_aqi,cmaq_pm25_approx
2025-12-25 00:00:00,60,54,60,HN_GP,Số 1 Giải Phóng - Bạch Mai,56.3925,24.6117,0.5,0.5,1.0,2.1459789276123047
2025-12-25 01:00:00,52,52,45,HN_GP,Số 1 Giải Phóng - Bạch Mai,44.9558,15.4433,6.751021862030029,9.10843276977539,1.0,2.462970495223999
2025-12-25 02:00:00,39,39,32,HN_GP,Số 1 Giải Phóng - Bạch Mai,26.0092,9.2725,10.047306060791016,13.830803871154783,2.0,2.6209890842437744
2025-12-25 03:00:00,27,27,21,HN_GP,Số 1 Giải Phóng - Bạch Mai,15.5667,5.0783,11.320032119750977,15.51098346710205,2.0,2.955118179321289
2025-12-25 04:00:00,22,22,14,HN_GP,Số 1 Giải Phóng - Bạch Mai,17.0042,3.5608,11.25767421722412,15.448625564575195,2.0,3.285691261291504
2025-12-25 05:00:00,20,20,17,HN_GP,Số 1 Giải Phóng - Bạch Mai,18.8492,10.4675,9.9487943649292,13.674084663391112,1.0,3.687155246734619
2025-12-25 06:00:00,24,22,24,HN_GP,Số 1 Giải Phóng - Bạch Mai,23.3875,15.7292,9.153844833374023,12.588096618652344,1.0,4.558811187744141
2025-12-25 07:00:00,24,21,24,HN_GP,Số 1 Giải Phóng - Bạch Mai,21.025,12.2417,9.284465789794922,12.718717575073242,1.0,6.256500244140625
2025-12-25 08:00:00,23,19,18,HN_GP,Số 1 Giải Phóng - Bạch Mai,17.2942,6.27,9.942466735839844,13.464030265808104,1.0,8.839436531066895
2025-12-25 09:00:00,24,21,14,HN_GP,Số 1 Giải Phóng - Bạch Mai,22.4408,4.3275,10.066710472106934,13.55916976928711,2.0,10.553655624389648
2025-12-25 10:00:00,24,24,13,HN_GP,Số 1 Giải Phóng - Bạch Mai,26.94,5.8925,9.550318717956545,12.809947967529297,1.0,16.364839553833008
2025-12-25 11:00:00,30,30,19,HN_GP,Số 1 Giải Phóng - Bạch Mai,36.2058,12.725,9.268287658691406,12.55702018737793,1.0,20.632057189941406
2025-12-25 12:00:00,33,33,26,HN_GP,Số 1 Giải Phóng - Bạch Mai,35.8358,16.905,10.36141586303711,14.203121185302734,2.0,18.465370178222656
2025-12-25 13:00:00,35,35,29,HN_GP,Số 1 Giải Phóng - Bạch Mai,37.1492,15.9225,11.448158264160156,15.813732147216797,2.0,16.81654167175293
2025-12-25 14:00:00,32,32,25,HN_GP,Số 1 Giải Phóng - Bạch Mai,29.2017,10.8142,11.739372253417969,16.279569625854492,2.0,17.398448944091797
2025-12-25 15:00:00,31,31,22,HN_GP,Số 1 Giải Phóng - Bạch Mai,30.44,9.2558,12.940957069396973,18.005023956298828,2.0,20.29609680175781
2025-12-25 16:00:00,33,33,21,HN_GP,Số 1 Giải Phóng - Bạch Mai,33.9533,10.0508,12.942265510559082,18.180953979492188,2.0,25.10794448852539
2025-12-25 17:00:00,38,38,27,HN_GP,Số 1 Giải Phóng - Bạch Mai,42.7092,16.2775,10.93606185913086,15.418051719665527,2.0,26.943523406982425
2025-12-25 18:00:00,41,41,35,HN_GP,Số 1 Giải Phóng - Bạch Mai,45.275,21.7125,10.728720664978027,14.861464500427246,2.0,23.664522171020508
2025-12-25 19:00:00,47,47,43,HN_GP,Số 1 Giải Phóng - Bạch Mai,51.7975,25.035,11.327638626098633,15.460382461547852,2.0,19.61781120300293
2025-12-25 20:00:00,48,48,45,HN_GP,Số 1 Giải Phóng - Bạch Mai,50.1017,23.58,11.87447452545166,16.181840896606445,2.0,16.548246383666992
2025-12-25 21:00:00,49,49,46,HN_GP,Số 1 Giải Phóng - Bạch Mai,49.1033,23.6042,12.217323303222656,16.582897186279297,2.0,14.639354705810549
2025-12-25 22:00:00,49,47,49,HN_GP,Số 1 Giải Phóng - Bạch Mai,45.8383,26.2283,13.09178352355957,17.631980895996094,2.0,13.472164154052734
2025-12-25 23:00:00,52,48,52,HN_GP,Số 1 Giải Phóng - Bạch Mai,48.2883,27.6808,14.99127197265625,20.05533790588379,2.0,14.20999526977539
2025-12-26 00:00:00,56,47,56,HN_GP,Số 1 Giải Phóng - Bạch Mai,46.9308,30.0608,66.03772735595703,81.40697479248047,5.0,2.715731143951416
2025-12-26 01:00:00,57,45,57,HN_GP,Số 1 Giải Phóng - Bạch Mai,42.025,28.88,69.87703704833984,85.30625915527344,5.0,3.2539103031158447
2025-12-26 02:00:00,49,40,49,HN_GP,Số 1 Giải Phóng - Bạch Mai,31.6408,20.7533,78.66055297851562,96.47935485839844,5.0,3.805823564529419
2025-12-26 03:00:00,44,37,44,HN_GP,Số 1 Giải Phóng - Bạch Mai,31.7742,18.9358,88.20231628417969,108.00210571289062,5.0,4.785524845123291
2025-12-26 04:00:00,39,34,39,HN_GP,Số 1 Giải Phóng - Bạch Mai,30.04,16.5108,96.19215393066406,116.80865478515624,5.0,6.18820858001709
2025-12-26 05:00:00,39,32,39,HN_GP,Số 1 Giải Phóng - Bạch Mai,30.5883,18.8358,104.57823181152344,125.19815826416016,5.0,6.745753765106201
2025-12-26 06:00:00,37,34,37,HN_GP,Số 1 Giải Phóng - Bạch Mai,36.8142,17.8258,114.21296691894533,133.67251586914062,5.0,7.1247968673706055
2025-12-26 07:00:00,37,37,36,HN_GP,Số 1 Giải Phóng - Bạch Mai,42.1558,17.7808,121.83141326904295,140.82847595214844,5.0,8.265923500061035
2025-12-26 08:00:00,41,41,38,HN_GP,Số 1 Giải Phóng - Bạch Mai,46.0392,19.78,119.87024688720705,138.05511474609375,5.0,10.721652030944824
2025-12-26 09:00:00,45,45,41,HN_GP,Số 1 Giải Phóng - Bạch Mai,50.3067,22.8517,114.6462631225586,132.42616271972656,5.0,13.660629272460938
2025-12-26 10:00:00,49,49,46,HN_GP,Số 1 Giải Phóng - Bạch Mai,53.8408,26.1108,40.11808776855469,48.26715850830078,4.0,21.7768497467041
2025-12-26 11:00:00,52,51,52,HN_GP,Số 1 Giải Phóng - Bạch Mai,54.6408,29.1225,136.2255401611328,158.5496826171875,5.0,35.07859802246094
2025-12-26 12:00:00,57,52,57,HN_GP,Số 1 Giải Phóng - Bạch Mai,54.6942,31.3675,169.25914001464844,198.39309692382807,5.0,46.79343032836914
2025-12-26 13:00:00,58,52,58,HN_GP,Số 1 Giải Phóng - Bạch Mai,54.2792,29.7592,187.5412139892578,221.67872619628903,5.0,58.12299346923828
2025-12-26 14:00:00,59,52,59,HN_GP,Số 1 Giải Phóng - Bạch Mai,53.94,29.5633,203.1024932861328,241.7198944091797,5.0,67.82035827636719
2025-12-26 15:00:00,55,52,55,HN_GP,Số 1 Giải Phóng - Bạch Mai,54.8975,25.945,193.89471435546875,234.5489044189453,5.0,63.57591247558594
2025-12-26 16:00:00,57,52,57,HN_GP,Số 1 Giải Phóng - Bạch Mai,55.7475,28.9217,188.5117034912109,230.9700469970703,5.0,43.34953689575195
2025-12-26 17:00:00,64,53,64,HN_GP,Số 1 Giải Phóng - Bạch Mai,56.86,35.565,178.42990112304688,217.6278839111328,5.0,31.09421157836914
2025-12-26 18:00:00,74,55,74,HN_GP,Số 1 Giải Phóng - Bạch Mai,65.9217,42.4708,138.5875244140625,161.63352966308594,5.0,23.25657844543457
2025-12-26 19:00:00,82,58,82,HN_GP,Số 1 Giải Phóng - Bạch Mai,75.4392,44.8658,123.48587799072266,138.61968994140625,5.0,18.926288604736328
2025-12-26 20:00:00,89,63,89,HN_GP,Số 1 Giải Phóng - Bạch Mai,89.1083,47.5383,125.16675567626952,138.5265350341797,5.0,19.015087127685547
2025-12-26 21:00:00,93,67,93,HN_GP,Số 1 Giải Phóng - Bạch Mai,93.4692,48.9992,127.66803741455078,140.47433471679688,5.0,21.742475509643555
2025-12-26 22:00:00,91,67,91,HN_GP,Số 1 Giải Phóng - Bạch Mai,86.9275,44.6983,129.04669189453125,142.11376953125,5.0,24.541584014892575
2025-12-26 23:00:00,91,67,91,HN_GP,Số 1 Giải Phóng - Bạch Mai,80.9642,45.9583,135.90293884277344,150.8617401123047,5.0,25.96987533569336
2025-12-27 00:00:00,89,66,89,HN_GP,Số 1 Giải Phóng - Bạch Mai,79.9742,42.7808,197.31838989257807,232.7149200439453,5.0,3.484225034713745
2025-12-27 01:00:00,88,65,88,HN_GP,Số 1 Giải Phóng - Bạch Mai,76.1858,43.4242,172.65858459472656,198.80308532714844,5.0,6.20906925201416
2025-12-27 02:00:00,89,65,89,HN_GP,Số 1 Giải Phóng - Bạch Mai,80.3375,45.6408,172.54986572265625,198.7171173095703,5.0,7.972038269042969
2025-12-27 03:00:00,96,67,96,HN_GP,Số 1 Giải Phóng - Bạch Mai,92.0275,51.94,171.34896850585938,197.61343383789065,5.0,9.749942779541016
2025-12-27 04:00:00,96,67,96,HN_GP,Số 1 Giải Phóng - Bạch Mai,83.2692,50.6925,161.27027893066406,185.09475708007807,5.0,12.118206024169922
2025-12-27 05:00:00,95,67,95,HN_GP,Số 1 Giải Phóng - Bạch Mai,82.6142,48.9958,156.71356201171875,178.89810180664062,5.0,14.0463228225708
2025-12-27 06:00:00,97,68,97,HN_GP,Số 1 Giải Phóng - Bạch Mai,92.79,51.2642,151.46690368652344,171.77964782714844,5.0,15.216951370239258
2025-12-27 07:00:00,97,68,97,HN_GP,Số 1 Giải Phóng - Bạch Mai,83.9767,48.755,162.59521484375,184.90953063964844,5.0,14.595672607421877
2025-12-27 08:00:00,93,66,93,HN_GP,Số 1 Giải Phóng - Bạch Mai,69.8542,39.3675,175.6431121826172,201.2640838623047,5.0,15.151410102844238
2025-12-27 09:00:00,89,64,89,HN_GP,Số 1 Giải Phóng - Bạch Mai,71.5,39.3358,165.72079467773438,185.0071563720703,5.0,16.225561141967773
2025-12-27 10:00:00,88,63,88,HN_GP,Số 1 Giải Phóng - Bạch Mai,71.8325,41.9883,162.83447265625,178.66763305664062,5.0,24.996734619140625
2025-12-27 11:00:00,90,64,90,HN_GP,Số 1 Giải Phóng - Bạch Mai,82.49,48.5117,195.7750244140625,215.1410217285156,5.0,37.54682540893555
2025-12-27 12:00:00,94,65,94,HN_GP,Số 1 Giải Phóng - Bạch Mai,84.0292,52.4425,237.1114959716797,264.7174987792969,5.0,38.73362350463867
2025-12-27 13:00:00,97,66,97,HN_GP,Số 1 Giải Phóng - Bạch Mai,84.8017,53.0675,246.33616638183597,277.0409240722656,5.0,24.26815795898437
2025-12-27 14:00:00,95,65,95,HN_GP,Số 1 Giải Phóng - Bạch Mai,78.2417,44.2042,221.29954528808597,248.98922729492188,5.0,15.446334838867188
2025-12-27 15:00:00,93,65,93,HN_GP,Số 1 Giải Phóng - Bạch Mai,78.3267,43.8475,192.90277099609372,215.5903778076172,5.0,16.293365478515625
2025-12-27 16:00:00,93,66,93,HN_GP,Số 1 Giải Phóng - Bạch Mai,86.1067,45.9592,180.16246032714844,201.33148193359372,5.0,19.426189422607425
2025-12-27 17:00:00,95,67,95,HN_GP,Số 1 Giải Phóng - Bạch Mai,94.08,50.795,175.180419921875,195.20147705078125,5.0,23.59532928466797
2025-12-27 18:00:00,99,69,99,HN_GP,Số 1 Giải Phóng - Bạch Mai,96.5342,54.5358,175.12149047851562,193.9219512939453,5.0,26.38032341003418
2025-12-27 19:00:00,103,71,103,HN_GP,Số 1 Giải Phóng - Bạch Mai,99.4517,56.7783,176.30014038085938,194.1982421875,5.0,29.223106384277344
2025-12-27 20:00:00,108,73,108,HN_GP,Số 1 Giải Phóng - Bạch Mai,104.4533,59.5442,179.5673370361328,197.1778106689453,5.0,29.39774703979492
2025-12-27 21:00:00,112,75,112,HN_GP,Số 1 Giải Phóng - Bạch Mai,108.0975,62.01,182.59548950195312,200.1512756347656,5.0,28.74888229370117
2025-12-27 22:00:00,116,76,116,HN_GP,Số 1 Giải Phóng - Bạch Mai,105.8092,65.0725,187.30401611328125,205.2707672119141,5.0,26.768218994140625
2025-12-27 23:00:00,128,77,128,HN_GP,Số 1 Giải Phóng - Bạch Mai,108.0617,74.3275,197.08595275878903,216.27117919921875,5.0,22.835941314697266
2025-12-28 00:00:00,138,78,138,HN_GP,Số 1 Giải Phóng - Bạch Mai,110.7808,79.2083,207.3804626464844,228.14422607421875,5.0,3.1284213066101074
2025-12-28 01:00:00,141,79,141,HN_GP,Số 1 Giải Phóng - Bạch Mai,111.7208,77.2517,233.2592315673828,263.7667236328125,5.0,6.049202919006348
2025-12-28 02:00:00,138,80,138,HN_GP,Số 1 Giải Phóng - Bạch Mai,112.1842,71.0317,242.1692352294922,272.2117919921875,5.0,8.971407890319824
2025-12-28 03:00:00,144,81,144,HN_GP,Số 1 Giải Phóng - Bạch Mai,119.8692,80.5325,239.07598876953125,270.698486328125,5.0,11.90290355682373
2025-12-28 04:00:00,156,88,156,HN_GP,Số 1 Giải Phóng - Bạch Mai,145.9083,99.2892,223.1962127685547,251.05226135253903,5.0,14.911075592041016
2025-12-28 05:00:00,161,90,161,HN_GP,Số 1 Giải Phóng - Bạch Mai,139.8717,104.1692,201.21966552734372,223.5360107421875,5.0,16.375715255737305
2025-12-28 06:00:00,160,89,160,HN_GP,Số 1 Giải Phóng - Bạch Mai,123.06,94.3883,179.55735778808594,197.03927612304688,5.0,16.69219970703125
2025-12-28 07:00:00,157,87,157,HN_GP,Số 1 Giải Phóng - Bạch Mai,116.3675,84.1158,165.57699584960938,180.13658142089844,5.0,16.568397521972656
2025-12-28 08:00:00,155,85,155,HN_GP,Số 1 Giải Phóng - Bạch Mai,114.1267,82.63,159.11241149902344,173.14932250976562,5.0,17.412384033203125
2025-12-28 09:00:00,154,85,154,HN_GP,Số 1 Giải Phóng - Bạch Mai,115.1475,83.1558,158.74266052246094,173.26968383789062,5.0,18.27627944946289
2025-12-28 10:00:00,154,85,154,HN_GP,Số 1 Giải Phóng - Bạch Mai,118.8475,85.405,166.58108520507812,182.24392700195312,5.0,20.26150131225586
2025-12-28 11:00:00,158,88,158,HN_GP,Số 1 Giải Phóng - Bạch Mai,143.1825,100.28,191.77362060546875,210.54981994628903,5.0,21.70265007019043
2025-12-28 12:00:00,164,93,164,HN_GP,Số 1 Giải Phóng - Bạch Mai,158.8708,112.9392,239.36593627929688,265.8796691894531,5.0,17.895122528076172
2025-12-28 13:00:00,172,98,172,HN_GP,Số 1 Giải Phóng - Bạch Mai,165.0992,124.4967,282.1982421875,318.3012084960937,5.0,10.963096618652344
2025-12-28 14:00:00,174,102,174,HN_GP,Số 1 Giải Phóng - Bạch Mai,167.3867,123.4383,286.44781494140625,328.16552734375,5.0,10.119168281555176
2025-12-28 15:00:00,175,104,175,HN_GP,Số 1 Giải Phóng - Bạch Mai,166.125,117.7875,290.9637145996094,336.5277709960937,5.0,11.118324279785156
2025-12-28 16:00:00,173,102,173,HN_GP,Số 1 Giải Phóng - Bạch Mai,147.9608,105.7642,336.55816650390625,387.28070068359375,5.0,13.368277549743652
2025-12-28 17:00:00,169,100,169,HN_GP,Số 1 Giải Phóng - Bạch Mai,142.3825,96.3467,385.1888732910156,438.564208984375,5.0,15.82261848449707
2025-12-28 18:00:00,166,99,166,HN_GP,Số 1 Giải Phóng - Bạch Mai,142.3775,96.3942,369.24267578125,422.9777221679688,5.0,34.01920700073242
2025-12-28 19:00:00,167,100,167,HN_GP,Số 1 Giải Phóng - Bạch Mai,153.91,105.7833,337.29376220703125,389.9277038574219,5.0,65.47904205322266
2025-12-28 20:00:00,171,102,171,HN_GP,Số 1 Giải Phóng - Bạch Mai,165.1592,121.7783,286.305419921875,332.64410400390625,5.0,264.495849609375
2025-12-28 21:00:00,179,109,179,HN_GP,Số 1 Giải Phóng - Bạch Mai,187.8183,137.5183,244.1563415527344,281.8666687011719,5.0,398.7184143066406
2025-12-28 22:00:00,186,114,186,HN_GP,Số 1 Giải Phóng - Bạch Mai,205.2342,150.0283,218.08457946777344,248.08267211914065,5.0,344.51123046875
2025-12-28 23:00:00,196,122,196,HN_GP,Số 1 Giải Phóng - Bạch Mai,217.6808,161.4542,208.82015991210935,233.5698089599609,5.0,314.41485595703125
2025-12-29 00:00:00,201,126,201,HN_GP,Số 1 Giải Phóng - Bạch Mai,218.4333,161.3775,232.60577392578125,258.31591796875,5.0,3.3419580459594727
2025-12-29 01:00:00,203,126,203,HN_GP,Số 1 Giải Phóng - Bạch Mai,201.8967,154.2675,265.7543640136719,294.210205078125,5.0,5.205573081970215
2025-12-29 02:00:00,200,124,200,HN_GP,Số 1 Giải Phóng - Bạch Mai,192.0775,146.3567,253.728759765625,285.1639099121094,5.0,5.701601028442383
2025-12-29 03:00:00,198,122,198,HN_GP,Số 1 Giải Phóng - Bạch Mai,185.3592,142.29,234.71774291992188,264.1416931152344,5.0,5.802034854888916
2025-12-29 04:00:00,195,119,195,HN_GP,Số 1 Giải Phóng - Bạch Mai,178.4608,136.7317,198.5216522216797,225.96286010742188,5.0,6.185487747192383
2025-12-29 05:00:00,193,119,193,HN_GP,Số 1 Giải Phóng - Bạch Mai,183.5758,136.1183,164.82814025878906,190.6001892089844,5.0,7.114583015441895
2025-12-29 06:00:00,194,121,194,HN_GP,Số 1 Giải Phóng - Bạch Mai,198.9217,141.7817,186.3666534423828,211.1389312744141,5.0,7.542205333709717
2025-12-29 07:00:00,195,121,195,HN_GP,Số 1 Giải Phóng - Bạch Mai,194.275,144.3567,146.32000732421875,172.2906951904297,5.0,8.84465217590332
2025-12-29 08:00:00,196,121,196,HN_GP,Số 1 Giải Phóng - Bạch Mai,186.22,143.4508,148.2058868408203,176.3258819580078,5.0,11.014920234680176
2025-12-29 09:00:00,195,120,195,HN_GP,Số 1 Giải Phóng - Bạch Mai,177.7692,135.66,127.59862518310548,147.59739685058594,5.0,12.39596939086914
2025-12-29 10:00:00,189,117,189,HN_GP,Số 1 Giải Phóng - Bạch Mai,172.1675,118.7,146.81785583496094,176.7646942138672,5.0,14.180734634399414
2025-12-29 11:00:00,184,115,184,HN_GP,Số 1 Giải Phóng - Bạch Mai,167.8275,113.4825,152.99266052246094,184.3192443847656,5.0,10.302034378051758
2025-12-29 12:00:00,179,110,179,HN_GP,Số 1 Giải Phóng - Bạch Mai,146.8433,107.2792,171.74171447753906,193.337646484375,5.0,7.24589729309082
2025-12-29 13:00:00,171,102,171,HN_GP,Số 1 Giải Phóng - Bạch Mai,130.1642,94.2075,173.18521118164062,207.01498413085935,5.0,7.787655830383301
2025-12-29 14:00:00,165,96,165,HN_GP,Số 1 Giải Phóng - Bạch Mai,125.2917,88.9225,207.98324584960935,237.5831298828125,5.0,9.430383682250977
2025-12-29 15:00:00,160,92,160,HN_GP,Số 1 Giải Phóng - Bạch Mai,123.5725,84.6592,179.8647003173828,208.7605743408203,5.0,12.915159225463867
2025-12-29 16:00:00,157,91,157,HN_GP,Số 1 Giải Phóng - Bạch Mai,130.4308,84.1417,211.60153198242188,257.6205749511719,5.0,17.0681095123291
2025-12-29 17:00:00,155,91,155,HN_GP,Số 1 Giải Phóng - Bạch Mai,131.0908,84.2683,152.7010498046875,167.00108337402344,5.0,50.59168243408203
2025-12-29 18:00:00,155,92,155,HN_GP,Số 1 Giải Phóng - Bạch Mai,137.3875,87.8875,150.85699462890625,163.82135009765625,5.0,432.5570983886719
2025-12-29 19:00:00,158,95,158,HN_GP,Số 1 Giải Phóng - Bạch Mai,149.0075,97.3225,204.68948364257807,251.25030517578125,5.0,401.679931640625
2025-12-29 20:00:00,158,93,158,HN_GP,Số 1 Giải Phóng - Bạch Mai,132.1833,91.5133,202.65187072753903,246.6497039794922,5.0,228.421142578125
2025-12-29 21:00:00,157,91,157,HN_GP,Số 1 Giải Phóng - Bạch Mai,122.155,87.1192,199.49850463867188,241.9547576904297,5.0,142.44314575195312
2025-12-29 22:00:00,157,90,157,HN_GP,Số 1 Giải Phóng - Bạch Mai,126.0467,87.3108,197.01808166503903,238.3984222412109,5.0,87.16502380371094
2025-12-29 23:00:00,157,90,157,HN_GP,Số 1 Giải Phóng - Bạch Mai,129.1325,94.8833,194.9736328125,234.59228515625,5.0,46.52510833740234
2025-12-30 00:00:00,159,91,159,HN_GP,Số 1 Giải Phóng - Bạch Mai,135.385,101.8842,131.95106506347656,145.5612030029297,5.0,2.344332456588745
2025-12-30 01:00:00,160,91,160,HN_GP,Số 1 Giải Phóng - Bạch Mai,132.6733,103.2258,131.70779418945312,146.8236541748047,5.0,2.7423253059387207
2025-12-30 02:00:00,161,90,161,HN_GP,Số 1 Giải Phóng - Bạch Mai,125.2217,100.5242,144.70375061035156,162.92222595214844,5.0,2.4509992599487305
2025-12-30 03:00:00,164,92,164,HN_GP,Số 1 Giải Phóng - Bạch Mai,142.9208,108.6033,143.9338836669922,161.3847198486328,5.0,2.9822194576263428
2025-12-30 04:00:00,168,95,168,HN_GP,Số 1 Giải Phóng - Bạch Mai,157.7358,116.3925,139.65196228027344,156.34432983398438,5.0,4.558932304382324
2025-12-30 05:00:00,171,96,171,HN_GP,Số 1 Giải Phóng - Bạch Mai,154.5725,121.0208,137.32757568359375,154.10174560546875,5.0,6.0174665451049805
2025-12-30 06:00:00,173,97,173,HN_GP,Số 1 Giải Phóng - Bạch Mai,147.4617,119.6933,135.46902465820312,152.54718017578125,5.0,6.612938404083252
2025-12-30 07:00:00,174,97,174,HN_GP,Số 1 Giải Phóng - Bạch Mai,143.8442,115.8192,136.06454467773438,153.28341674804688,5.0,6.8500165939331055
2025-12-30 08:00:00,174,97,174,HN_GP,Số 1 Giải Phóng - Bạch Mai,142.7742,113.0642,135.2249298095703,152.51605224609375,5.0,7.650846481323242
2025-12-30 09:00:00,172,96,172,HN_GP,Số 1 Giải Phóng - Bạch Mai,131.2108,104.46,137.87966918945312,156.13656616210938,5.0,8.202951431274414
2025-12-30 10:00:00,170,94,170,HN_GP,Số 1 Giải Phóng - Bạch Mai,124.4275,95.9333,152.0236358642578,173.3072967529297,5.0,9.963894844055176
2025-12-30 11:00:00,169,93,169,HN_GP,Số 1 Giải Phóng - Bạch Mai,131.6692,98.3467,174.244873046875,199.19332885742188,5.0,8.726828575134277
2025-12-30 12:00:00,166,92,166,HN_GP,Số 1 Giải Phóng - Bạch Mai,124.5683,93.9067,200.5341339111328,229.31787109375,5.0,7.920682907104492
2025-12-30 13:00:00,163,90,163,HN_GP,Số 1 Giải Phóng - Bạch Mai,120.8425,87.4083,224.3431854248047,256.79443359375,5.0,8.544334411621094
2025-12-30 14:00:00,158,88,158,HN_GP,Số 1 Giải Phóng - Bạch Mai,118.8242,81.8142,211.34097290039065,243.11595153808597,5.0,10.90683364868164
2025-12-30 15:00:00,152,86,152,HN_GP,Số 1 Giải Phóng - Bạch Mai,114.7675,73.2967,195.6485595703125,227.1099548339844,5.0,14.75066375732422
2025-12-30 16:00:00,140,83,140,HN_GP,Số 1 Giải Phóng - Bạch Mai,106.3033,65.9525,196.57321166992188,229.5706329345703,5.0,34.86054992675781
2025-12-30 17:00:00,130,80,130,HN_GP,Số 1 Giải Phóng - Bạch Mai,97.1467,62.39,197.1583404541016,230.93101501464844,5.0,400.1090393066406
2025-12-30 18:00:00,122,77,122,HN_GP,Số 1 Giải Phóng - Bạch Mai,95.1883,58.78,215.16265869140625,251.9877471923828,5.0,467.09576416015625
2025-12-30 19:00:00,120,77,120,HN_GP,Số 1 Giải Phóng - Bạch Mai,103.8625,60.6283,235.1934509277344,274.3139343261719,5.0,335.2817077636719
2025-12-30 20:00:00,123,76,123,HN_GP,Số 1 Giải Phóng - Bạch Mai,96.16,64.3392,238.6058654785156,277.6686706542969,5.0,273.77862548828125
2025-12-30 21:00:00,126,74,126,HN_GP,Số 1 Giải Phóng - Bạch Mai,90.2942,68.4325,233.4327850341797,273.2655029296875,5.0,211.39453125
2025-12-30 22:00:00,129,73,129,HN_GP,Số 1 Giải Phóng - Bạch Mai,93.15,70.1675,226.21568298339844,267.4094543457031,5.0,184.69847106933597
2025-12-30 23:00:00,139,74,139,HN_GP,Số 1 Giải Phóng - Bạch Mai,103.155,84.0033,228.9208221435547,265.2406616210937,5.0,195.4201812744141
2025-12-31 00:00:00,146,76,146,HN_GP,Số 1 Giải Phóng - Bạch Mai,107.6233,87.4633,112.47071075439452,127.34442901611328,5.0,28.28554344177246
2025-12-31 01:00:00,152,77,152,HN_GP,Số 1 Giải Phóng - Bạch Mai,109.635,90.3892,138.15762329101562,159.71746826171875,5.0,45.81093215942383
2025-12-31 02:00:00,152,75,152,HN_GP,Số 1 Giải Phóng - Bạch Mai,95.0492,84.1967,181.286865234375,210.57077026367188,5.0,46.78950119018555
2025-12-31 03:00:00,151,74,151,HN_GP,Số 1 Giải Phóng - Bạch Mai,88.2317,79.165,208.8673553466797,243.57786560058597,5.0,29.599445343017575
2025-12-31 04:00:00,150,72,150,HN_GP,Số 1 Giải Phóng - Bạch Mai,85.1425,77.7858,255.3193206787109,294.53173828125,5.0,15.005701065063477
2025-12-31 05:00:00,152,73,152,HN_GP,Số 1 Giải Phóng - Bạch Mai,98.9033,87.3192,196.10040283203125,224.97235107421875,5.0,11.19975757598877
2025-12-31 06:00:00,154,74,154,HN_GP,Số 1 Giải Phóng - Bạch Mai,107.1792,92.0467,153.38290405273438,176.42898559570312,5.0,11.18546199798584
2025-12-31 07:00:00,155,75,155,HN_GP,Số 1 Giải Phóng - Bạch Mai,102.5133,89.6875,142.97825622558594,165.49928283691406,5.0,13.04621124267578
2025-12-31 08:00:00,155,74,155,HN_GP,Số 1 Giải Phóng - Bạch Mai,97.525,85.9217,144.6553192138672,168.23876953125,5.0,18.76645851135254
2025-12-31 09:00:00,154,75,154,HN_GP,Số 1 Giải Phóng - Bạch Mai,102.3975,84.8617,117.48558807373048,135.88938903808594,5.0,24.546844482421875
2025-12-31 10:00:00,154,75,154,HN_GP,Số 1 Giải Phóng - Bạch Mai,104.3375,83.2825,83.77574920654297,97.38810729980467,5.0,12.982909202575684
2025-12-31 11:00:00,154,77,154,HN_GP,Số 1 Giải Phóng - Bạch Mai,110.6583,89.4167,78.91925811767578,94.14034271240234,5.0,8.628103256225586
2025-12-31 12:00:00,154,78,154,HN_GP,Số 1 Giải Phóng - Bạch Mai,112.22,86.3783,83.38584899902344,99.2389144897461,5.0,8.252723693847656
2025-12-31 13:00:00,153,78,153,HN_GP,Số 1 Giải Phóng - Bạch Mai,108.93,77.67,88.46089172363281,102.5193328857422,5.0,8.406510353088379
2025-12-31 14:00:00,148,76,148,HN_GP,Số 1 Giải Phóng - Bạch Mai,86.6375,65.575,95.24248504638672,115.00648498535156,5.0,9.1137056350708
2025-12-31 15:00:00,122,70,122,HN_GP,Số 1 Giải Phóng - Bạch Mai,71.5208,49.7517,84.60646057128906,95.49137878417967,5.0,11.234386444091797
2025-12-31 16:00:00,102,64,102,HN_GP,Số 1 Giải Phóng - Bạch Mai,63.8217,40.7858,80.55755615234375,91.94839477539062,5.0,14.926544189453123
2025-12-31 17:00:00,87,59,87,HN_GP,Số 1 Giải Phóng - Bạch Mai,60.4667,35.245,80.86306762695312,92.36271667480467,5.0,18.433025360107425
2025-12-31 18:00:00,76,57,76,HN_GP,Số 1 Giải Phóng - Bạch Mai,59.1858,32.2733,82.8782958984375,95.04654693603516,5.0,80.60333251953125
2025-12-31 19:00:00,77,58,77,HN_GP,Số 1 Giải Phóng - Bạch Mai,67.305,38.815,85.12651824951172,99.0047378540039,5.0,333.46142578125
2025-12-31 20:00:00,81,58,81,HN_GP,Số 1 Giải Phóng - Bạch Mai,68.5858,42.6575,96.77225494384766,112.85699462890624,5.0,279.0947265625
2025-12-31 21:00:00,85,60,85,HN_GP,Số 1 Giải Phóng - Bạch Mai,74.1333,44.6733,117.08666229248048,135.57542419433594,5.0,98.8964385986328
2025-12-31 22:00:00,89,61,89,HN_GP,Số 1 Giải Phóng - Bạch Mai,71.7808,46.5058,138.93605041503906,159.8082275390625,5.0,53.03160858154297
2025-12-31 23:00:00,95,61,95,HN_GP,Số 1 Giải Phóng - Bạch Mai,73.6875,50.7808,162.07119750976562,186.68081665039065,5.0,18.6430606842041
2025-12-25 00:00:00,43,43,43,HN_NC,Công viên Nhân Chính - Khuất Duy Tiến,30.7233,13.285,0.5,0.5,1.0,3.4055776596069336
2025-12-25 01:00:00,30,30,27,HN_NC,Công viên Nhân Chính - Khuất Duy Tiến,17.2625,5.7158,6.751021862030029,9.10843276977539,1.0,4.2223052978515625
2025-12-25 02:00:00,26,24,26,HN_NC,Công viên Nhân Chính - Khuất Duy Tiến,17.6975,12.2208,10.047306060791016,13.830803871154783,2.0,4.01069450378418
2025-12-25 03:00:00,32,24,32,HN_NC,Công viên Nhân Chính - Khuất Duy Tiến,25.23,18.6742,11.320032119750977,15.51098346710205,2.0,4.114203453063965
2025-12-25 04:00:00,32,24,32,HN_NC,Công viên Nhân Chính - Khuất Duy Tiến,24.4167,16.7092,11.25767421722412,15.448625564575195,2.0,3.9042677879333496
2025-12-25 05:00:00,25,20,25,HN_NC,Công viên Nhân Chính - Khuất Duy Tiến,15.1692,8.9083,9.9487943649292,13.674084663391112,1.0,3.827139377593994
2025-12-25 06:00:00,14,13,14,HN_NC,Công viên Nhân Chính - Khuất Duy Tiến,5.3667,1.6542,9.153844833374023,12.588096618652344,1.0,4.451772689819336
2025-12-25 07:00:00,7,7,5,HN_NC,Công viên Nhân Chính - Khuất Duy Tiến,1.9267,-1.6758,9.284465789794922,12.718717575073242,1.0,6.711610317230225
2025-12-25 08:00:00,10,10,3,HN_NC,Công viên Nhân Chính - Khuất Duy Tiến,11.9642,0.3025,9.942466735839844,13.464030265808104,1.0,10.635986328125
2025-12-25 09:00:00,21,21,14,HN_NC,Công viên Nhân Chính - Khuất Duy Tiến,31.8758,12.6942,10.066710472106934,13.55916976928711,2.0,12.373653411865234
2025-12-25 10:00:00,30,30,29,HN_NC,Công viên Nhân Chính - Khuất Duy Tiến,40.1842,21.8592,9.550318717956545,12.809947967529297,1.0,22.478965759277344
2025-12-25 11:00:00,31,31,29,HN_NC,Công viên Nhân Chính - Khuất Duy Tiến,31.3475,14.41,9.268287658691406,12.55702018737793,1.0,32.38492965698242
2025-12-25 12:00:00,28,28,20,HN_NC,Công viên Nhân Chính - Khuất Duy Tiến,24.645,5.5933,10.36141586303711,14.203121185302734,2.0,37.0063705444336
2025-12-25 13:00:00,26,26,12,HN_NC,Công viên Nhân Chính - Khuất Duy Tiến,24.6233,2.4117,11.448158264160156,15.813732147216797,2.0,35.58789825439453
2025-12-25 14:00:00,31,31,16,HN_NC,Công viên Nhân Chính - Khuất Duy Tiến,35.4567,9.9767,11.739372253417969,16.279569625854492,2.0,34.1002197265625
2025-12-25 15:00:00,33,33,29,HN_NC,Công viên Nhân Chính - Khuất Duy Tiến,35.9792,21.2775,12.940957069396973,18.005023956298828,2.0,34.53714370727539
2025-12-25 16:00:00,40,40,40,HN_NC,Công viên Nhân Chính - Khuất Duy Tiến,47.225,25.5242,12.942265510559082,18.180953979492188,2.0,33.20072937011719
2025-12-25 17:00:00,41,41,40,HN_NC,Công viên Nhân Chính - Khuất Duy Tiến,41.0083,19.5608,10.93606185913086,15.418051719665527,2.0,28.58590316772461
2025-12-25 18:00:00,35,35,32,HN_NC,Công viên Nhân Chính - Khuất Duy Tiến,28.8373,11.6836,10.728720664978027,14.861464500427246,2.0,22.69962501525879
2025-12-25 19:00:00,32,32,26,HN_NC,Công viên Nhân Chính - Khuất Duy Tiến,28.6267,10.0392,11.327638626098633,15.460382461547852,2.0,19.026931762695312
2025-12-25 20:00:00,35,35,30,HN_NC,Công viên Nhân Chính - Khuất Duy Tiến,38.1267,17.0842,11.87447452545166,16.181840896606445,2.0,16.51872444152832
2025-12-25 21:00:00,42,42,40,HN_NC,Công viên Nhân Chính - Khuất Duy Tiến,49.5583,25.2575,12.217323303222656,16.582897186279297,2.0,15.113926887512209
2025-12-25 22:00:00,55,46,55,HN_NC,Công viên Nhân Chính - Khuất Duy Tiến,50.6367,35.2325,13.09178352355957,17.631980895996094,2.0,14.20949363708496
2025-12-25 23:00:00,57,44,57,HN_NC,Công viên Nhân Chính - Khuất Duy Tiến,42.0264,28.96,14.99127197265625,20.05533790588379,2.0,14.961013793945312
2025-12-26 00:00:00,43,37,43,HN_NC,Công viên Nhân Chính - Khuất Duy Tiến,29.9258,14.6317,66.03772735595703,81.40697479248047,5.0,4.406858444213867
2025-12-26 01:00:00,34,29,34,HN_NC,Công viên Nhân Chính - Khuất Duy Tiến,21.3667,12.6417,69.87703704833984,85.30625915527344,5.0,5.679947853088379
2025-12-26 02:00:00,34,30,34,HN_NC,Công viên Nhân Chính - Khuất Duy Tiến,31.6958,17.045,78.66055297851562,96.47935485839844,5.0,5.250898361206055
2025-12-26 03:00:00,41,35,41,HN_NC,Công viên Nhân Chính - Khuất Duy Tiến,39.3533,23.575,88.20231628417969,108.00210571289062,5.0,5.880274772644043
2025-12-26 04:00:00,46,38,46,HN_NC,Công viên Nhân Chính - Khuất Duy Tiến,40.9475,26.1775,96.19215393066406,116.80865478515624,5.0,6.233423233032227
2025-12-26 05:00:00,44,32,44,HN_NC,Công viên Nhân Chính - Khuất Duy Tiến,26.735,20.715,104.57823181152344,125.19815826416016,5.0,6.852529525756836
2025-12-26 06:00:00,30,24,30,HN_NC,Công viên Nhân Chính - Khuất Duy Tiến,15.2125,8.4908,114.21296691894533,133.67251586914062,5.0,7.346293449401855
2025-12-26 07:00:00,22,22,20,HN_NC,Công viên Nhân Chính - Khuất Duy Tiến,19.8067,4.4992,121.83141326904295,140.82847595214844,5.0,9.405359268188477
2025-12-26 08:00:00,29,29,22,HN_NC,Công viên Nhân Chính - Khuất Duy Tiến,36.1683,12.44,119.87024688720705,138.05511474609375,5.0,13.580970764160156
2025-12-26 09:00:00,37,37,34,HN_NC,Công viên Nhân Chính - Khuất Duy Tiến,44.7867,23.3458,114.6462631225586,132.42616271972656,5.0,18.51866340637207
2025-12-26 10:00:00,45,44,45,HN_NC,Công viên Nhân Chính - Khuất Duy Tiến,50.33,27.2667,40.11808776855469,48.26715850830078,4.0,30.35548973083496
2025-12-26 11:00:00,50,50,48,HN_NC,Công viên Nhân Chính - Khuất Duy Tiến,56.455,26.2162,136.2255401611328,158.5496826171875,5.0,47.416725158691406
2025-12-26 12:00:00,51,51,40,HN_NC,Công viên Nhân Chính - Khuất Duy Tiến,52.4108,15.9392,169.25914001464844,198.39309692382807,5.0,60.53491973876953
2025-12-26 13:00:00,48,48,33,HN_NC,Công viên Nhân Chính - Khuất Duy Tiến,44.1308,12.4625,187.5412139892578,221.67872619628903,5.0,72.30421447753906
2025-12-26 14:00:00,48,48,39,HN_NC,Công viên Nhân Chính - Khuất Duy Tiến,47.605,22.7125,203.1024932861328,241.7198944091797,5.0,82.02650451660156
2025-12-26 15:00:00,54,51,54,HN_NC,Công viên Nhân Chính - Khuất Duy Tiến,54.4333,34.8975,193.89471435546875,234.5489044189453,5.0,88.48898315429688
2025-12-26 16:00:00,68,53,68,HN_NC,Công viên Nhân Chính - Khuất Duy Tiến,60.2633,40.6575,188.5117034912109,230.9700469970703,5.0,85.75978088378906
2025-12-26 17:00:00,68,54,68,HN_NC,Công viên Nhân Chính - Khuất Duy Tiến,58.4642,33.9075,178.42990112304688,217.6278839111328,5.0,71.85484313964844
2025-12-26 18:00:00,65,55,65,HN_NC,Công viên Nhân Chính - Khuất Duy Tiến,61.7267,30.8892,138.5875244140625,161.63352966308594,5.0,50.28897857666016
2025-12-26 19:00:00,64,56,64,HN_NC,Công viên Nhân Chính - Khuất Duy Tiến,67.1025,31.7533,123.48587799072266,138.61968994140625,5.0,35.847320556640625
2025-12-26 20:00:00,71,59,71,HN_NC,Công viên Nhân Chính - Khuất Duy Tiến,76.2933,39.2725,125.16675567626952,138.5265350341797,5.0,30.42450714111328
2025-12-26 21:00:00,77,63,77,HN_NC,Công viên Nhân Chính - Khuất Duy Tiến,82.4083,40.8508,127.66803741455078,140.47433471679688,5.0,30.021163940429688
2025-12-26 22:00:00,78,65,78,HN_NC,Công viên Nhân Chính - Khuất Duy Tiến,83.525,39.5167,129.04669189453125,142.11376953125,5.0,30.27898406982422
2025-12-26 23:00:00,71,63,71,HN_NC,Công viên Nhân Chính - Khuất Duy Tiến,71.5758,32.2883,135.90293884277344,150.8617401123047,5.0,30.47101593017578
2025-12-27 00:00:00,60,60,54,HN_NC,Công viên Nhân Chính - Khuất Duy Tiến,61.8825,18.6358,197.31838989257807,232.7149200439453,5.0,4.957128047943115
2025-12-27 01:00:00,57,57,46,HN_NC,Công viên Nhân Chính - Khuất Duy Tiến,58.57,18.585,172.65858459472656,198.80308532714844,5.0,7.934578895568848
2025-12-27 02:00:00,57,57,49,HN_NC,Công viên Nhân Chính - Khuất Duy Tiến,57.5625,25.7217,172.54986572265625,198.7171173095703,5.0,9.415748596191406
2025-12-27 03:00:00,67,59,67,HN_NC,Công viên Nhân Chính - Khuất Duy Tiến,76.4025,43.005,171.34896850585938,197.61343383789065,5.0,12.76793098449707
2025-12-27 04:00:00,84,61,84,HN_NC,Công viên Nhân Chính - Khuất Duy Tiến,81.805,50.5567,161.27027893066406,185.09475708007807,5.0,17.73008155822754
2025-12-27 05:00:00,83,61,83,HN_NC,Công viên Nhân Chính - Khuất Duy Tiến,71.6275,41.0475,156.71356201171875,178.89810180664062,5.0,22.798254013061523
2025-12-27 06:00:00,70,60,70,HN_NC,Công viên Nhân Chính - Khuất Duy Tiến,62.3425,28.7592,151.46690368652344,171.77964782714844,5.0,30.04338836669922
2025-12-27 07:00:00,62,58,62,HN_NC,Công viên Nhân Chính - Khuất Duy Tiến,60.4583,26.4958,162.59521484375,184.90953063964844,5.0,34.88357162475586
2025-12-27 08:00:00,58,57,58,HN_NC,Công viên Nhân Chính - Khuất Duy Tiến,61.8508,27.5283,175.6431121826172,201.2640838623047,5.0,37.88434219360352
2025-12-27 09:00:00,65,58,65,HN_NC,Công viên Nhân Chính - Khuất Duy Tiến,70.6625,35.41,165.72079467773438,185.0071563720703,5.0,42.72121047973633
2025-12-27 10:00:00,77,61,77,HN_NC,Công viên Nhân Chính - Khuất Duy Tiến,82.0742,44.4833,162.83447265625,178.66763305664062,5.0,66.10356903076172
2025-12-27 11:00:00,79,61,79,HN_NC,Công viên Nhân Chính - Khuất Duy Tiến,75.71,40.1475,195.7750244140625,215.1410217285156,5.0,86.99937438964844
2025-12-27 12:00:00,74,60,74,HN_NC,Công viên Nhân Chính - Khuất Duy Tiến,63.5458,34.7917,237.1114959716797,264.7174987792969,5.0,90.44224548339844
2025-12-27 13:00:00,90,60,90,HN_NC,Công viên Nhân Chính - Khuất Duy Tiến,67.305,52.6258,246.33616638183597,277.0409240722656,5.0,80.27530670166016
2025-12-27 14:00:00,103,61,103,HN_NC,Công viên Nhân Chính - Khuất Duy Tiến,77.9708,58.2308,221.29954528808597,248.98922729492188,5.0,51.55936050415039
2025-12-27 15:00:00,107,61,107,HN_NC,Công viên Nhân Chính - Khuất Duy Tiến,70.9292,56.3417,192.90277099609372,215.5903778076172,5.0,41.145111083984375
2025-12-27 16:00:00,102,60,102,HN_NC,Công viên Nhân Chính - Khuất Duy Tiến,68.145,47.9808,180.16246032714844,201.33148193359372,5.0,41.108158111572266
2025-12-27 17:00:00,96,61,96,HN_NC,Công viên Nhân Chính - Khuất Duy Tiến,76.4958,44.6367,175.180419921875,195.20147705078125,5.0,39.781837463378906
2025-12-27 18:00:00,93,62,93,HN_NC,Công viên Nhân Chính - Khuất Duy Tiến,79.9992,45.1908,175.12149047851562,193.9219512939453,5.0,34.16333770751953
2025-12-27 19:00:00,95,63,95,HN_NC,Công viên Nhân Chính - Khuất Duy Tiến,80.9575,48.2183,176.30014038085938,194.1982421875,5.0,34.494407653808594
2025-12-27 20:00:00,91,63,91,HN_NC,Công viên Nhân Chính - Khuất Duy Tiến,78.9283,42.7117,179.5673370361328,197.1778106689453,5.0,38.6173095703125
2025-12-27 21:00:00,88,64,88,HN_NC,Công viên Nhân Chính - Khuất Duy Tiến,84.0117,41.1325,182.59548950195312,200.1512756347656,5.0,39.23334884643555
2025-12-27 22:00:00,89,65,89,HN_NC,Công viên Nhân Chính - Khuất Duy Tiến,83.9167,45.5842,187.30401611328125,205.2707672119141,5.0,36.93818283081055
2025-12-27 23:00:00,94,67,94,HN_NC,Công viên Nhân Chính - Khuất Duy Tiến,92.9725,50.0767,197.08595275878903,216.27117919921875,5.0,33.03382873535156
2025-12-28 00:00:00,99,68,99,HN_NC,Công viên Nhân Chính - Khuất Duy Tiến,92.2417,55.5683,207.3804626464844,228.14422607421875,5.0,4.702618598937988
2025-12-28 01:00:00,103,71,103,HN_NC,Công viên Nhân Chính - Khuất Duy Tiến,101.3217,58.1008,233.2592315673828,263.7667236328125,5.0,7.840895652770996
2025-12-28 02:00:00,106,73,106,HN_NC,Công viên Nhân Chính - Khuất Duy Tiến,103.1183,58.0942,242.1692352294922,272.2117919921875,5.0,8.657454490661621
2025-12-28 03:00:00,117,76,117,HN_NC,Công viên Nhân Chính - Khuất Duy Tiến,110.9783,67.465,239.07598876953125,270.698486328125,5.0,9.116559028625488
2025-12-28 04:00:00,132,79,132,HN_NC,Công viên Nhân Chính - Khuất Duy Tiến,118.3933,78.2983,223.1962127685547,251.05226135253903,5.0,12.425043106079102
2025-12-28 05:00:00,142,80,142,HN_NC,Công viên Nhân Chính - Khuất Duy Tiến,114.6917,81.1542,201.21966552734372,223.5360107421875,5.0,17.596126556396484
2025-12-28 06:00:00,140,80,140,HN_NC,Công viên Nhân Chính - Khuất Duy Tiến,109.5708,72.975,179.55735778808594,197.03927612304688,5.0,21.57069396972656
2025-12-28 07:00:00,131,77,131,HN_NC,Công viên Nhân Chính - Khuất Duy Tiến,89.6108,63.3633,165.57699584960938,180.13658142089844,5.0,22.34145736694336
2025-12-28 08:00:00,124,75,124,HN_NC,Công viên Nhân Chính - Khuất Duy Tiến,90.4458,59.29,159.11241149902344,173.14932250976562,5.0,21.89472007751465
2025-12-28 09:00:00,121,75,121,HN_NC,Công viên Nhân Chính - Khuất Duy Tiến,98.7025,59.57,158.74266052246094,173.26968383789062,5.0,21.118072509765625
2025-12-28 10:00:00,125,76,125,HN_NC,Công viên Nhân Chính - Khuất Duy Tiến,106.7983,67.9892,166.58108520507812,182.24392700195312,5.0,28.116878509521484
2025-12-28 11:00:00,132,78,132,HN_NC,Công viên Nhân Chính - Khuất Duy Tiến,114.4292,76.6275,191.77362060546875,210.54981994628903,5.0,32.5538330078125
2025-12-28 12:00:00,137,84,137,HN_NC,Công viên Nhân Chính - Khuất Duy Tiến,140.6208,81.2958,239.36593627929688,265.8796691894531,5.0,32.62092590332031
2025-12-28 13:00:00,142,90,142,HN_NC,Công viên Nhân Chính - Khuất Duy Tiến,145.0692,81.7825,282.1982421875,318.3012084960937,5.0,25.256977081298828
2025-12-28 14:00:00,144,91,144,HN_NC,Công viên Nhân Chính - Khuất Duy Tiến,138.1425,80.3317,286.44781494140625,328.16552734375,5.0,22.179107666015625
2025-12-28 15:00:00,143,91,143,HN_NC,Công viên Nhân Chính - Khuất Duy Tiến,131.7717,73.5858,290.9637145996094,336.5277709960937,5.0,23.472904205322266
2025-12-28 16:00:00,138,89,138,HN_NC,Công viên Nhân Chính - Khuất Duy Tiến,120.44,64.1667,336.55816650390625,387.28070068359375,5.0,26.135929107666016
2025-12-28 17:00:00,132,86,132,HN_NC,Công viên Nhân Chính - Khuất Duy Tiến,114.7983,60.3808,385.1888732910156,438.564208984375,5.0,33.49284362792969
2025-12-28 18:00:00,128,84,128,HN_NC,Công viên Nhân Chính - Khuất Duy Tiến,112.3942,61.5258,369.24267578125,422.9777221679688,5.0,73.30022430419922
2025-12-28 19:00:00,129,83,129,HN_NC,Công viên Nhân Chính - Khuất Duy Tiến,111.8475,67.7275,337.29376220703125,389.9277038574219,5.0,172.91612243652344
2025-12-28 20:00:00,131,83,131,HN_NC,Công viên Nhân Chính - Khuất Duy Tiến,113.7083,71.9225,286.305419921875,332.64410400390625,5.0,287.7005310058594
2025-12-28 21:00:00,135,86,135,HN_NC,Công viên Nhân Chính - Khuất Duy Tiến,132.185,76.4875,244.1563415527344,281.8666687011719,5.0,343.1716003417969
2025-12-28 22:00:00,145,89,145,HN_NC,Công viên Nhân Chính - Khuất Duy Tiến,149.3,89.3183,218.08457946777344,248.08267211914065,5.0,362.9211120605469
2025-12-28 23:00:00,152,92,152,HN_NC,Công viên Nhân Chính - Khuất Duy Tiến,147.1675,91.8983,208.82015991210935,233.5698089599609,5.0,352.1321105957031
2025-12-29 00:00:00,154,93,154,HN_NC,Công viên Nhân Chính - Khuất Duy Tiến,140.5433,90.035,232.60577392578125,258.31591796875,5.0,5.6591973304748535
2025-12-29 01:00:00,154,94,154,HN_NC,Công viên Nhân Chính - Khuất Duy Tiến,146.3017,87.3492,265.7543640136719,294.210205078125,5.0,11.206321716308594
2025-12-29 02:00:00,154,97,154,HN_NC,Công viên Nhân Chính - Khuất Duy Tiến,155.7492,86.6358,253.728759765625,285.1639099121094,5.0,13.48044776916504
2025-12-29 03:00:00,154,100,154,HN_NC,Công viên Nhân Chính - Khuất Duy Tiến,159.335,85.2975,234.71774291992188,264.1416931152344,5.0,12.720085144042969
2025-12-29 04:00:00,153,99,153,HN_NC,Công viên Nhân Chính - Khuất Duy Tiến,144.2875,82.7533,198.5216522216797,225.96286010742188,5.0,11.250859260559082
2025-12-29 05:00:00,152,96,152,HN_NC,Công viên Nhân Chính - Khuất Duy Tiến,129.3275,77.5625,164.82814025878906,190.6001892089844,5.0,10.930514335632324
2025-12-29 06:00:00,151,94,151,HN_NC,Công viên Nhân Chính - Khuất Duy Tiến,129.3992,79.0883,186.3666534423828,211.1389312744141,5.0,12.301277160644531
2025-12-29 07:00:00,151,93,151,HN_NC,Công viên Nhân Chính - Khuất Duy Tiến,129.145,80.1358,146.32000732421875,172.2906951904297,5.0,13.929266929626465
2025-12-29 08:00:00,148,92,148,HN_NC,Công viên Nhân Chính - Khuất Duy Tiến,122.4758,69.5425,148.2058868408203,176.3258819580078,5.0,15.537129402160645
2025-12-29 09:00:00,137,89,137,HN_NC,Công viên Nhân Chính - Khuất Duy Tiến,114.2967,61.4692,127.59862518310548,147.59739685058594,5.0,16.93212127685547
2025-12-29 10:00:00,127,83,127,HN_NC,Công viên Nhân Chính - Khuất Duy Tiến,100.0542,58.2183,146.81785583496094,176.7646942138672,5.0,22.35077667236328
2025-12-29 11:00:00,123,80,123,HN_NC,Công viên Nhân Chính - Khuất Duy Tiến,102.83,58.1175,152.99266052246094,184.3192443847656,5.0,22.794309616088867
2025-12-29 12:00:00,120,76,120,HN_NC,Công viên Nhân Chính - Khuất Duy Tiến,91.7275,58.3875,171.74171447753906,193.337646484375,5.0,14.242554664611816
2025-12-29 13:00:00,117,71,117,HN_NC,Công viên Nhân Chính - Khuất Duy Tiến,83.5092,57.1292,173.18521118164062,207.01498413085935,5.0,15.019203186035156
2025-12-29 14:00:00,115,70,115,HN_NC,Công viên Nhân Chính - Khuất Duy Tiến,88.7825,56.5908,207.98324584960935,237.5831298828125,5.0,19.273500442504883
2025-12-29 15:00:00,114,71,114,HN_NC,Công viên Nhân Chính - Khuất Duy Tiến,93.0083,56.275,179.8647003173828,208.7605743408203,5.0,26.192834854125977
2025-12-29 16:00:00,111,71,111,HN_NC,Công viên Nhân Chính - Khuất Duy Tiến,87.2858,54.0083,211.60153198242188,257.6205749511719,5.0,32.97285079956055
2025-12-29 17:00:00,110,71,110,HN_NC,Công viên Nhân Chính - Khuất Duy Tiến,92.5517,54.2467,152.7010498046875,167.00108337402344,5.0,38.2899284362793
2025-12-29 18:00:00,110,72,110,HN_NC,Công viên Nhân Chính - Khuất Duy Tiến,99.0875,56.34,150.85699462890625,163.82135009765625,5.0,69.80403137207031
2025-12-29 19:00:00,111,72,111,HN_NC,Công viên Nhân Chính - Khuất Duy Tiến,92.2575,56.9083,204.68948364257807,251.25030517578125,5.0,120.33377075195312
2025-12-29 20:00:00,109,68,109,HN_NC,Công viên Nhân Chính - Khuất Duy Tiến,74.4933,51.8725,202.65187072753903,246.6497039794922,5.0,124.74055480957033
2025-12-29 21:00:00,100,64,100,HN_NC,Công viên Nhân Chính - Khuất Duy Tiến,63.135,40.23,199.49850463867188,241.9547576904297,5.0,132.8756103515625
2025-12-29 22:00:00,88,60,88,HN_NC,Công viên Nhân Chính - Khuất Duy Tiến,60.3233,35.7583,197.01808166503903,238.3984222412109,5.0,128.38722229003906
2025-12-29 23:00:00,86,60,86,HN_NC,Công viên Nhân Chính - Khuất Duy Tiến,70.9092,41.54,194.9736328125,234.59228515625,5.0,99.4994125366211
2025-12-30 00:00:00,91,63,91,HN_NC,Công viên Nhân Chính - Khuất Duy Tiến,82.235,49.895,131.95106506347656,145.5612030029297,5.0,5.100906848907471
2025-12-30 01:00:00,97,63,97,HN_NC,Công viên Nhân Chính - Khuất Duy Tiến,76.9617,53.215,131.70779418945312,146.8236541748047,5.0,7.477528572082519
2025-12-30 02:00:00,101,63,101,HN_NC,Công viên Nhân Chính - Khuất Duy Tiến,74.0833,54.5558,144.70375061035156,162.92222595214844,5.0,4.987785339355469
2025-12-30 03:00:00,104,64,104,HN_NC,Công viên Nhân Chính - Khuất Duy Tiến,82.7208,54.9408,143.9338836669922,161.3847198486328,5.0,3.985854625701904
2025-12-30 04:00:00,107,66,107,HN_NC,Công viên Nhân Chính - Khuất Duy Tiến,88.6792,56.7192,139.65196228027344,156.34432983398438,5.0,4.87992525100708
2025-12-30 05:00:00,109,67,109,HN_NC,Công viên Nhân Chính - Khuất Duy Tiến,86.4875,57.7567,137.32757568359375,154.10174560546875,5.0,6.258244037628174
2025-12-30 06:00:00,117,67,117,HN_NC,Công viên Nhân Chính - Khuất Duy Tiến,88.2358,65.6533,135.46902465820312,152.54718017578125,5.0,6.863826751708984
2025-12-30 07:00:00,126,69,126,HN_NC,Công viên Nhân Chính - Khuất Duy Tiến,93.6892,70.1275,136.06454467773438,153.28341674804688,5.0,8.908236503601074
2025-12-30 08:00:00,125,68,125,HN_NC,Công viên Nhân Chính - Khuất Duy Tiến,83.6892,64.0025,135.2249298095703,152.51605224609375,5.0,11.159749984741213
2025-12-30 09:00:00,120,67,120,HN_NC,Công viên Nhân Chính - Khuất Duy Tiến,76.6308,58.7758,137.87966918945312,156.13656616210938,5.0,12.65959358215332
2025-12-30 10:00:00,113,66,113,HN_NC,Công viên Nhân Chính - Khuất Duy Tiến,78.9108,52.23,152.0236358642578,173.3072967529297,5.0,20.355934143066406
2025-12-30 11:00:00,111,67,111,HN_NC,Công viên Nhân Chính - Khuất Duy Tiến,83.9517,51.1392,174.244873046875,199.19332885742188,5.0,22.236839294433597
2025-12-30 12:00:00,110,67,110,HN_NC,Công viên Nhân Chính - Khuất Duy Tiến,85.9108,52.7833,200.5341339111328,229.31787109375,5.0,20.19599151611328
2025-12-30 13:00:00,107,66,107,HN_NC,Công viên Nhân Chính - Khuất Duy Tiến,73.845,50.91,224.3431854248047,256.79443359375,5.0,19.666004180908203
2025-12-30 14:00:00,100,65,100,HN_NC,Công viên Nhân Chính - Khuất Duy Tiến,72.7692,44.45,211.34097290039065,243.11595153808597,5.0,21.32469749450684
2025-12-30 15:00:00,91,63,91,HN_NC,Công viên Nhân Chính - Khuất Duy Tiến,67.6408,40.7467,195.6485595703125,227.1099548339844,5.0,24.588165283203125
2025-12-30 16:00:00,80,60,80,HN_NC,Công viên Nhân Chính - Khuất Duy Tiến,62.9975,35.2717,196.57321166992188,229.5706329345703,5.0,32.26719284057617
2025-12-30 17:00:00,79,60,79,HN_NC,Công viên Nhân Chính - Khuất Duy Tiến,66.135,38.6008,197.1583404541016,230.93101501464844,5.0,153.9505615234375
2025-12-30 18:00:00,77,58,77,HN_NC,Công viên Nhân Chính - Khuất Duy Tiến,61.6525,38.1483,215.16265869140625,251.9877471923828,5.0,258.3691711425781
2025-12-30 19:00:00,80,58,80,HN_NC,Công viên Nhân Chính - Khuất Duy Tiến,64.1392,40.855,235.1934509277344,274.3139343261719,5.0,149.76834106445312
2025-12-30 20:00:00,78,58,78,HN_NC,Công viên Nhân Chính - Khuất Duy Tiến,64.1567,38.0475,238.6058654785156,277.6686706542969,5.0,102.7966079711914
2025-12-30 21:00:00,74,57,74,HN_NC,Công viên Nhân Chính - Khuất Duy Tiến,59.14,33.1708,233.4327850341797,273.2655029296875,5.0,82.55260467529297
2025-12-30 22:00:00,70,56,70,HN_NC,Công viên Nhân Chính - Khuất Duy Tiến,57.32,31.8933,226.21568298339844,267.4094543457031,5.0,96.19795989990234
2025-12-30 23:00:00,72,55,72,HN_NC,Công viên Nhân Chính - Khuất Duy Tiến,59.9275,38.0808,228.9208221435547,265.2406616210937,5.0,124.3017120361328
2025-12-31 00:00:00,78,56,78,HN_NC,Công viên Nhân Chính - Khuất Duy Tiến,66.9583,43.7575,112.47071075439452,127.34442901611328,5.0,36.02016830444336
2025-12-31 01:00:00,83,57,83,HN_NC,Công viên Nhân Chính - Khuất Duy Tiến,69.1725,47.5467,138.15762329101562,159.71746826171875,5.0,73.0055923461914
2025-12-31 02:00:00,90,58,90,HN_NC,Công viên Nhân Chính - Khuất Duy Tiến,70.9983,50.5242,181.286865234375,210.57077026367188,5.0,87.59750366210938
2025-12-31 03:00:00,91,57,91,HN_NC,Công viên Nhân Chính - Khuất Duy Tiến,63.5267,46.335,208.8673553466797,243.57786560058597,5.0,74.4356918334961
2025-12-31 04:00:00,89,57,89,HN_NC,Công viên Nhân Chính - Khuất Duy Tiến,59.4108,43.1242,255.3193206787109,294.53173828125,5.0,43.08395767211914
2025-12-31 05:00:00,90,56,90,HN_NC,Công viên Nhân Chính - Khuất Duy Tiến,57.4083,45.1283,196.10040283203125,224.97235107421875,5.0,19.947660446166992
2025-12-31 06:00:00,91,56,91,HN_NC,Công viên Nhân Chính - Khuất Duy Tiến,57.7642,46.31,153.38290405273438,176.42898559570312,5.0,16.566558837890625
2025-12-31 07:00:00,93,56,93,HN_NC,Công viên Nhân Chính - Khuất Duy Tiến,63.5817,47.6467,142.97825622558594,165.49928283691406,5.0,18.27354621887207
2025-12-31 08:00:00,89,56,89,HN_NC,Công viên Nhân Chính - Khuất Duy Tiến,60.1133,41.34,144.6553192138672,168.23876953125,5.0,20.76430320739746
2025-12-31 09:00:00,83,56,83,HN_NC,Công viên Nhân Chính - Khuất Duy Tiến,59.5267,36.3425,117.48558807373048,135.88938903808594,5.0,24.765182495117188
2025-12-31 10:00:00,79,55,79,HN_NC,Công viên Nhân Chính - Khuất Duy Tiến,59.5117,34.0617,83.77574920654297,97.38810729980467,5.0,30.942317962646484
2025-12-31 11:00:00,78,55,78,HN_NC,Công viên Nhân Chính - Khuất Duy Tiến,59.5133,37.7108,78.91925811767578,94.14034271240234,5.0,34.06546401977539
2025-12-31 12:00:00,80,56,80,HN_NC,Công viên Nhân Chính - Khuất Duy Tiến,65.4442,41.7775,83.38584899902344,99.2389144897461,5.0,26.582305908203125
2025-12-31 13:00:00,79,56,79,HN_NC,Công viên Nhân Chính - Khuất Duy Tiến,64.9775,39.6517,88.46089172363281,102.5193328857422,5.0,18.741405487060547
2025-12-31 14:00:00,78,56,78,HN_NC,Công viên Nhân Chính - Khuất Duy Tiến,59.9225,37.195,95.24248504638672,115.00648498535156,5.0,19.36541748046875
2025-12-31 15:00:00,73,55,73,HN_NC,Công viên Nhân Chính - Khuất Duy Tiến,57.5925,31.7683,84.60646057128906,95.49137878417967,5.0,23.599891662597656
2025-12-31 16:00:00,67,55,67,HN_NC,Công viên Nhân Chính - Khuất Duy Tiến,56.6808,29.4525,80.55755615234375,91.94839477539062,5.0,30.798118591308597
2025-12-31 17:00:00,63,55,63,HN_NC,Công viên Nhân Chính - Khuất Duy Tiến,56.375,29.0017,80.86306762695312,92.36271667480467,5.0,37.09134292602539
2025-12-31 18:00:00,63,54,63,HN_NC,Công viên Nhân Chính - Khuất Duy Tiến,56.2908,31.8875,82.8782958984375,95.04654693603516,5.0,38.61664581298828
2025-12-31 19:00:00,67,54,67,HN_NC,Công viên Nhân Chính - Khuất Duy Tiến,56.2583,35.7817,85.12651824951172,99.0047378540039,5.0,460.1863403320313
2025-12-31 20:00:00,67,54,67,HN_NC,Công viên Nhân Chính - Khuất Duy Tiến,56.2467,33.2925,96.77225494384766,112.85699462890624,5.0,562.6171264648438
2025-12-31 21:00:00,65,54,65,HN_NC,Công viên Nhân Chính - Khuất Duy Tiến,56.24,30.0225,117.08666229248048,135.57542419433594,5.0,497.378173828125
2025-12-31 22:00:00,62,54,62,HN_NC,Công viên Nhân Chính - Khuất Duy Tiến,56.24,28.6867,138.93605041503906,159.8082275390625,5.0,381.1425476074219
2025-12-31 23:00:00,62,54,62,HN_NC,Công viên Nhân Chính - Khuất Duy Tiến,57.5133,30.5858,162.07119750976562,186.68081665039065,5.0,87.9518814086914
2025-12-25 00:00:00,58,45,58,HN_NVC,556 Nguyễn Văn Cừ,31.5825,16.8583,0.5,0.5,1.0,2.1459789276123047
2025-12-25 01:00:00,42,35,42,HN_NVC,556 Nguyễn Văn Cừ,24.8133,12.975,6.751021862030029,9.10843276977539,1.0,2.462970495223999
2025-12-25 02:00:00,32,31,32,HN_NVC,556 Nguyễn Văn Cừ,27.6,11.1333,10.047306060791016,13.830803871154783,2.0,2.6209890842437744
2025-12-25 03:00:00,30,27,30,HN_NVC,556 Nguyễn Văn Cừ,23.1275,14.2692,11.320032119750977,15.51098346710205,2.0,2.955118179321289
2025-12-25 04:00:00,26,23,26,HN_NVC,556 Nguyễn Văn Cừ,19.4542,10.4392,11.25767421722412,15.448625564575195,2.0,3.285691261291504
2025-12-25 05:00:00,21,19,21,HN_NVC,556 Nguyễn Văn Cừ,13.7483,8.1342,9.9487943649292,13.674084663391112,1.0,3.687155246734619
2025-12-25 06:00:00,19,17,19,HN_NVC,556 Nguyễn Văn Cừ,15.9408,8.655,9.153844833374023,12.588096618652344,1.0,4.558811187744141
2025-12-25 07:00:00,19,17,19,HN_NVC,556 Nguyễn Văn Cừ,16.9383,9.325,9.284465789794922,12.718717575073242,1.0,6.256500244140625
2025-12-25 08:00:00,20,18,20,HN_NVC,556 Nguyễn Văn Cừ,19.6133,10.6267,9.942466735839844,13.464030265808104,1.0,8.839436531066895
2025-12-25 09:00:00,22,21,22,HN_NVC,556 Nguyễn Văn Cừ,24.6425,12.0,10.066710472106934,13.55916976928711,2.0,10.553655624389648
2025-12-25 10:00:00,27,27,27,HN_NVC,556 Nguyễn Văn Cừ,32.0658,15.995,9.550318717956545,12.809947967529297,1.0,16.364839553833008
2025-12-25 11:00:00,40,33,40,HN_NVC,556 Nguyễn Văn Cừ,39.6517,26.7133,9.268287658691406,12.55702018737793,1.0,20.632057189941406
2025-12-25 12:00:00,51,38,51,HN_NVC,556 Nguyễn Văn Cừ,42.1042,30.8142,10.36141586303711,14.203121185302734,2.0,18.465370178222656
2025-12-25 13:00:00,57,37,57,HN_NVC,556 Nguyễn Văn Cừ,36.4717,31.825,11.448158264160156,15.813732147216797,2.0,16.81654167175293
2025-12-25 14:00:00,53,34,53,HN_NVC,556 Nguyễn Văn Cừ,30.5117,23.9283,11.739372253417969,16.279569625854492,2.0,17.398448944091797
2025-12-25 15:00:00,47,30,47,HN_NVC,556 Nguyễn Văn Cừ,25.5633,20.4958,12.940957069396973,18.005023956298828,2.0,20.29609680175781
2025-12-25 16:00:00,43,29,43,HN_NVC,556 Nguyễn Văn Cừ,28.37,19.4842,12.942265510559082,18.180953979492188,2.0,25.10794448852539
2025-12-25 17:00:00,40,28,40,HN_NVC,556 Nguyễn Văn Cừ,27.1333,19.0475,10.93606185913086,15.418051719665527,2.0,26.943523406982425
2025-12-25 18:00:00,48,29,48,HN_NVC,556 Nguyễn Văn Cừ,30.9158,27.975,10.728720664978027,14.861464500427246,2.0,23.664522171020508
2025-12-25 19:00:00,62,38,62,HN_NVC,556 Nguyễn Văn Cừ,46.6983,38.1567,11.327638626098633,15.460382461547852,2.0,19.61781120300293
2025-12-25 20:00:00,78,49,78,HN_NVC,556 Nguyễn Văn Cừ,60.1375,46.8692,11.87447452545166,16.181840896606445,2.0,16.548246383666992
2025-12-25 21:00:00,87,54,87,HN_NVC,556 Nguyễn Văn Cừ,66.375,47.8617,12.217323303222656,16.582897186279297,2.0,14.639354705810549
2025-12-25 22:00:00,88,54,88,HN_NVC,556 Nguyễn Văn Cừ,60.175,44.5042,13.09178352355957,17.631980895996094,2.0,13.472164154052734
2025-12-25 23:00:00,83,54,83,HN_NVC,556 Nguyễn Văn Cừ,55.8308,39.0658,14.99127197265625,20.05533790588379,2.0,14.20999526977539
2025-12-26 00:00:00,80,53,80,HN_NVC,556 Nguyễn Văn Cừ,53.3742,38.53,66.03772735595703,81.40697479248047,5.0,2.715731143951416
2025-12-26 01:00:00,76,52,76,HN_NVC,556 Nguyễn Văn Cừ,53.5967,35.955,69.87703704833984,85.30625915527344,5.0,3.2539103031158447
2025-12-26 02:00:00,66,50,66,HN_NVC,556 Nguyễn Văn Cừ,46.8133,27.8442,78.66055297851562,96.47935485839844,5.0,3.805823564529419
2025-12-26 03:00:00,57,47,57,HN_NVC,556 Nguyễn Văn Cừ,42.99,24.0633,88.20231628417969,108.00210571289062,5.0,4.785524845123291
2025-12-26 04:00:00,54,45,54,HN_NVC,556 Nguyễn Văn Cừ,44.07,25.05,96.19215393066406,116.80865478515624,5.0,6.18820858001709
2025-12-26 05:00:00,49,42,49,HN_NVC,556 Nguyễn Văn Cừ,38.1617,22.5867,104.57823181152344,125.19815826416016,5.0,6.745753765106201
2025-12-26 06:00:00,43,37,43,HN_NVC,556 Nguyễn Văn Cừ,32.4633,17.8342,114.21296691894533,133.67251586914062,5.0,7.1247968673706055
2025-12-26 07:00:00,38,34,38,HN_NVC,556 Nguyễn Văn Cừ,31.5858,16.8008,121.83141326904295,140.82847595214844,5.0,8.265923500061035
2025-12-26 08:00:00,38,38,37,HN_NVC,556 Nguyễn Văn Cừ,41.4017,18.3825,119.87024688720705,138.05511474609375,5.0,10.721652030944824
2025-12-26 09:00:00,47,42,47,HN_NVC,556 Nguyễn Văn Cừ,46.11,27.8767,114.6462631225586,132.42616271972656,5.0,13.660629272460938
2025-12-26 10:00:00,60,45,60,HN_NVC,556 Nguyễn Văn Cừ,48.8375,37.0808,40.11808776855469,48.26715850830078,4.0,21.7768497467041
2025-12-26 11:00:00,70,49,70,HN_NVC,556 Nguyễn Văn Cừ,55.45,40.0325,136.2255401611328,158.5496826171875,5.0,35.07859802246094
2025-12-26 12:00:00,75,51,75,HN_NVC,556 Nguyễn Văn Cừ,56.5633,40.36,169.25914001464844,198.39309692382807,5.0,46.79343032836914
2025-12-26 13:00:00,84,54,84,HN_NVC,556 Nguyễn Văn Cừ,63.7217,45.8217,187.5412139892578,221.67872619628903,5.0,58.12299346923828
2025-12-26 14:00:00,94,57,94,HN_NVC,556 Nguyễn Văn Cừ,69.5075,51.9333,203.1024932861328,241.7198944091797,5.0,67.82035827636719
2025-12-26 15:00:00,96,58,96,HN_NVC,556 Nguyễn Văn Cừ,67.8492,48.68,193.89471435546875,234.5489044189453,5.0,63.57591247558594
2025-12-26 16:00:00,95,57,95,HN_NVC,556 Nguyễn Văn Cừ,63.4742,46.8525,188.5117034912109,230.9700469970703,5.0,43.34953689575195
2025-12-26 17:00:00,90,57,90,HN_NVC,556 Nguyễn Văn Cừ,61.9183,42.32,178.42990112304688,217.6278839111328,5.0,31.09421157836914
2025-12-26 18:00:00,85,57,85,HN_NVC,556 Nguyễn Văn Cừ,65.5933,40.1467,138.5875244140625,161.63352966308594,5.0,23.25657844543457
2025-12-26 19:00:00,99,62,99,HN_NVC,556 Nguyễn Văn Cừ,84.395,56.1125,123.48587799072266,138.61968994140625,5.0,18.926288604736328
2025-12-26 20:00:00,118,70,118,HN_NVC,556 Nguyễn Văn Cừ,104.325,72.72,125.16675567626952,138.5265350341797,5.0,19.015087127685547
2025-12-26 21:00:00,120,71,120,HN_NVC,556 Nguyễn Văn Cừ,95.3242,63.4283,127.66803741455078,140.47433471679688,5.0,21.742475509643555
2025-12-26 22:00:00,106,67,106,HN_NVC,556 Nguyễn Văn Cừ,75.1483,44.3325,129.04669189453125,142.11376953125,5.0,24.541584014892575
2025-12-26 23:00:00,87,63,87,HN_NVC,556 Nguyễn Văn Cừ,67.3683,33.5658,135.90293884277344,150.8617401123047,5.0,25.96987533569336
2025-12-27 00:00:00,78,62,78,HN_NVC,556 Nguyễn Văn Cừ,69.1992,34.28,197.31838989257807,232.7149200439453,5.0,3.484225034713745
2025-12-27 01:00:00,81,62,81,HN_NVC,556 Nguyễn Văn Cừ,75.2983,41.9692,172.65858459472656,198.80308532714844,5.0,6.20906925201416
2025-12-27 02:00:00,96,65,96,HN_NVC,556 Nguyễn Văn Cừ,88.3792,55.8692,172.54986572265625,198.7171173095703,5.0,7.972038269042969
2025-12-27 03:00:00,101,66,101,HN_NVC,556 Nguyễn Văn Cừ,85.3142,52.6283,171.34896850585938,197.61343383789065,5.0,9.749942779541016
2025-12-27 04:00:00,97,65,97,HN_NVC,556 Nguyễn Văn Cừ,77.3767,46.4492,161.27027893066406,185.09475708007807,5.0,12.118206024169922
2025-12-27 05:00:00,96,65,96,HN_NVC,556 Nguyễn Văn Cừ,80.36,47.6208,156.71356201171875,178.89810180664062,5.0,14.0463228225708
2025-12-27 06:00:00,95,64,95,HN_NVC,556 Nguyễn Văn Cừ,75.7933,47.1025,151.46690368652344,171.77964782714844,5.0,15.216951370239258
2025-12-27 07:00:00,89,62,89,HN_NVC,556 Nguyễn Văn Cừ,65.91,41.4775,162.59521484375,184.90953063964844,5.0,14.595672607421877
2025-12-27 08:00:00,83,61,83,HN_NVC,556 Nguyễn Văn Cừ,64.4675,38.2408,175.6431121826172,201.2640838623047,5.0,15.151410102844238
2025-12-27 09:00:00,87,61,87,HN_NVC,556 Nguyễn Văn Cừ,73.0458,45.7242,165.72079467773438,185.0071563720703,5.0,16.225561141967773
2025-12-27 10:00:00,95,62,95,HN_NVC,556 Nguyễn Văn Cừ,81.5592,52.9492,162.83447265625,178.66763305664062,5.0,24.996734619140625
2025-12-27 11:00:00,103,64,103,HN_NVC,556 Nguyễn Văn Cừ,86.4125,57.8067,195.7750244140625,215.1410217285156,5.0,37.54682540893555
2025-12-27 12:00:00,112,66,112,HN_NVC,556 Nguyễn Văn Cừ,90.5233,64.5283,237.1114959716797,264.7174987792969,5.0,38.73362350463867
2025-12-27 13:00:00,122,68,122,HN_NVC,556 Nguyễn Văn Cừ,93.78,69.82,246.33616638183597,277.0409240722656,5.0,24.26815795898437
2025-12-27 14:00:00,125,69,125,HN_NVC,556 Nguyễn Văn Cừ,91.2067,67.5567,221.29954528808597,248.98922729492188,5.0,15.446334838867188
2025-12-27 15:00:00,128,69,128,HN_NVC,556 Nguyễn Văn Cừ,91.5742,68.7917,192.90277099609372,215.5903778076172,5.0,16.293365478515625
2025-12-27 16:00:00,126,70,126,HN_NVC,556 Nguyễn Văn Cừ,90.2967,64.1592,180.16246032714844,201.33148193359372,5.0,19.426189422607425
2025-12-27 17:00:00,127,70,127,HN_NVC,556 Nguyễn Văn Cừ,93.4358,66.2167,175.180419921875,195.20147705078125,5.0,23.59532928466797
2025-12-27 18:00:00,135,73,135,HN_NVC,556 Nguyễn Văn Cừ,102.8658,76.1425,175.12149047851562,193.9219512939453,5.0,26.38032341003418
2025-12-27 19:00:00,143,76,143,HN_NVC,556 Nguyễn Văn Cừ,108.8808,81.0333,176.30014038085938,194.1982421875,5.0,29.223106384277344
2025-12-27 20:00:00,145,78,145,HN_NVC,556 Nguyễn Văn Cừ,115.8825,79.1825,179.5673370361328,197.1778106689453,5.0,29.39774703979492
2025-12-27 21:00:00,146,80,146,HN_NVC,556 Nguyễn Văn Cừ,119.03,81.4908,182.59548950195312,200.1512756347656,5.0,28.74888229370117
2025-12-27 22:00:00,146,80,146,HN_NVC,556 Nguyễn Văn Cừ,117.0092,79.485,187.30401611328125,205.2707672119141,5.0,26.768218994140625
2025-12-27 23:00:00,143,81,143,HN_NVC,556 Nguyễn Văn Cừ,115.0242,74.1242,197.08595275878903,216.27117919921875,5.0,22.835941314697266
2025-12-28 00:00:00,144,81,144,HN_NVC,556 Nguyễn Văn Cừ,116.1608,78.1758,207.3804626464844,228.14422607421875,5.0,3.1284213066101074
2025-12-28 01:00:00,144,82,144,HN_NVC,556 Nguyễn Văn Cừ,118.6242,75.7808,233.2592315673828,263.7667236328125,5.0,6.049202919006348
2025-12-28 02:00:00,146,86,146,HN_NVC,556 Nguyễn Văn Cừ,135.4075,81.9825,242.1692352294922,272.2117919921875,5.0,8.971407890319824
2025-12-28 03:00:00,155,94,155,HN_NVC,556 Nguyễn Văn Cừ,154.8,101.1,239.07598876953125,270.698486328125,5.0,11.90290355682373
2025-12-28 04:00:00,157,93,157,HN_NVC,556 Nguyễn Văn Cừ,137.8058,94.2083,223.1962127685547,251.05226135253903,5.0,14.911075592041016
2025-12-28 05:00:00,152,88,152,HN_NVC,556 Nguyễn Văn Cừ,108.195,72.6817,201.21966552734372,223.5360107421875,5.0,16.375715255737305
2025-12-28 06:00:00,140,82,140,HN_NVC,556 Nguyễn Văn Cừ,94.21,60.5158,179.55735778808594,197.03927612304688,5.0,16.69219970703125
2025-12-28 07:00:00,129,78,129,HN_NVC,556 Nguyễn Văn Cừ,95.105,58.8808,165.57699584960938,180.13658142089844,5.0,16.568397521972656
2025-12-28 08:00:00,129,78,129,HN_NVC,556 Nguyễn Văn Cừ,105.1083,67.9033,159.11241149902344,173.14932250976562,5.0,17.412384033203125
2025-12-28 09:00:00,134,79,134,HN_NVC,556 Nguyễn Văn Cừ,109.79,74.1983,158.74266052246094,173.26968383789062,5.0,18.27627944946289
2025-12-28 10:00:00,142,81,142,HN_NVC,556 Nguyễn Văn Cừ,119.3917,81.845,166.58108520507812,182.24392700195312,5.0,20.26150131225586
2025-12-28 11:00:00,147,83,147,HN_NVC,556 Nguyễn Văn Cừ,120.7883,82.9092,191.77362060546875,210.54981994628903,5.0,21.70265007019043
2025-12-28 12:00:00,152,86,152,HN_NVC,556 Nguyễn Văn Cừ,129.7792,90.285,239.36593627929688,265.8796691894531,5.0,17.895122528076172
2025-12-28 13:00:00,159,91,159,HN_NVC,556 Nguyễn Văn Cừ,147.5283,103.5758,282.1982421875,318.3012084960937,5.0,10.963096618652344
2025-12-28 14:00:00,165,96,165,HN_NVC,556 Nguyễn Văn Cừ,156.3625,108.8325,286.44781494140625,328.16552734375,5.0,10.119168281555176
2025-12-28 15:00:00,167,101,167,HN_NVC,556 Nguyễn Văn Cừ,163.24,108.1292,290.9637145996094,336.5277709960937,5.0,11.118324279785156
2025-12-28 16:00:00,169,107,169,HN_NVC,556 Nguyễn Văn Cừ,174.7442,109.1525,336.55816650390625,387.28070068359375,5.0,13.368277549743652
2025-12-28 17:00:00,170,108,170,HN_NVC,556 Nguyễn Văn Cừ,169.45,108.74,385.1888732910156,438.564208984375,5.0,15.82261848449707
2025-12-28 18:00:00,169,108,169,HN_NVC,556 Nguyễn Văn Cừ,165.4017,104.1317,369.24267578125,422.9777221679688,5.0,34.01920700073242
2025-12-28 19:00:00,170,109,170,HN_NVC,556 Nguyễn Văn Cừ,173.425,112.0625,337.29376220703125,389.9277038574219,5.0,65.47904205322266
2025-12-28 20:00:00,175,114,175,HN_NVC,556 Nguyễn Văn Cừ,190.4242,124.63,286.305419921875,332.64410400390625,5.0,264.495849609375
2025-12-28 21:00:00,177,115,177,HN_NVC,556 Nguyễn Văn Cừ,187.6158,125.495,244.1563415527344,281.8666687011719,5.0,398.7184143066406
2025-12-28 22:00:00,178,115,178,HN_NVC,556 Nguyễn Văn Cừ,178.9058,120.395,218.08457946777344,248.08267211914065,5.0,344.51123046875
2025-12-28 23:00:00,178,116,178,HN_NVC,556 Nguyễn Văn Cừ,185.155,124.6742,208.82015991210935,233.5698089599609,5.0,314.41485595703125
2025-12-29 00:00:00,180,119,180,HN_NVC,556 Nguyễn Văn Cừ,205.1475,133.2275,232.60577392578125,258.31591796875,5.0,3.3419580459594727
2025-12-29 01:00:00,183,123,183,HN_NVC,556 Nguyễn Văn Cừ,214.4717,136.3958,265.7543640136719,294.210205078125,5.0,5.205573081970215
2025-12-29 02:00:00,185,124,185,HN_NVC,556 Nguyễn Văn Cừ,210.21,135.9667,253.728759765625,285.1639099121094,5.0,5.701601028442383
2025-12-29 03:00:00,185,125,185,HN_NVC,556 Nguyễn Văn Cừ,205.8425,129.7067,234.71774291992188,264.1416931152344,5.0,5.802034854888916
2025-12-29 04:00:00,185,125,185,HN_NVC,556 Nguyễn Văn Cừ,195.8758,125.48,198.5216522216797,225.96286010742188,5.0,6.185487747192383
2025-12-29 05:00:00,184,123,184,HN_NVC,556 Nguyễn Văn Cừ,182.58,122.3692,164.82814025878906,190.6001892089844,5.0,7.114583015441895
2025-12-29 06:00:00,183,121,183,HN_NVC,556 Nguyễn Văn Cừ,178.5875,118.8975,186.3666534423828,211.1389312744141,5.0,7.542205333709717
2025-12-29 07:00:00,180,119,180,HN_NVC,556 Nguyễn Văn Cừ,171.3958,109.9533,146.32000732421875,172.2906951904297,5.0,8.84465217590332
2025-12-29 08:00:00,175,115,175,HN_NVC,556 Nguyễn Văn Cừ,160.2617,100.3942,148.2058868408203,176.3258819580078,5.0,11.014920234680176
2025-12-29 09:00:00,169,110,169,HN_NVC,556 Nguyễn Văn Cừ,152.7133,92.9792,127.59862518310548,147.59739685058594,5.0,12.39596939086914
2025-12-29 10:00:00,162,106,162,HN_NVC,556 Nguyễn Văn Cừ,146.4242,85.1075,146.81785583496094,176.7646942138672,5.0,14.180734634399414
2025-12-29 11:00:00,160,105,160,HN_NVC,556 Nguyễn Văn Cừ,153.8217,87.6242,152.99266052246094,184.3192443847656,5.0,10.302034378051758
2025-12-29 12:00:00,158,104,158,HN_NVC,556 Nguyễn Văn Cừ,153.365,89.1908,171.74171447753906,193.337646484375,5.0,7.24589729309082
2025-12-29 13:00:00,157,102,157,HN_NVC,556 Nguyễn Văn Cừ,145.165,87.0083,173.18521118164062,207.01498413085935,5.0,7.787655830383301
2025-12-29 14:00:00,153,96,153,HN_NVC,556 Nguyễn Văn Cừ,128.9508,76.7908,207.98324584960935,237.5831298828125,5.0,9.430383682250977
2025-12-29 15:00:00,147,90,147,HN_NVC,556 Nguyễn Văn Cừ,115.2142,71.0117,179.8647003173828,208.7605743408203,5.0,12.915159225463867
2025-12-29 16:00:00,140,88,140,HN_NVC,556 Nguyễn Văn Cừ,115.5792,68.7267,211.60153198242188,257.6205749511719,5.0,17.0681095123291
2025-12-29 17:00:00,135,87,135,HN_NVC,556 Nguyễn Văn Cừ,118.9033,66.9617,152.7010498046875,167.00108337402344,5.0,50.59168243408203
2025-12-29 18:00:00,135,87,135,HN_NVC,556 Nguyễn Văn Cừ,123.4642,70.0992,150.85699462890625,163.82135009765625,5.0,432.5570983886719
2025-12-29 19:00:00,140,89,140,HN_NVC,556 Nguyễn Văn Cừ,132.4458,77.5675,204.68948364257807,251.25030517578125,5.0,401.679931640625
2025-12-29 20:00:00,146,91,146,HN_NVC,556 Nguyễn Văn Cừ,142.7017,86.9542,202.65187072753903,246.6497039794922,5.0,228.421142578125
2025-12-29 21:00:00,153,94,153,HN_NVC,556 Nguyễn Văn Cừ,154.4075,96.2283,199.49850463867188,241.9547576904297,5.0,142.44314575195312
2025-12-29 22:00:00,155,95,155,HN_NVC,556 Nguyễn Văn Cừ,148.6083,94.475,197.01808166503903,238.3984222412109,5.0,87.16502380371094
2025-12-29 23:00:00,157,95,157,HN_NVC,556 Nguyễn Văn Cừ,143.1317,94.3867,194.9736328125,234.59228515625,5.0,46.52510833740234
2025-12-30 00:00:00,155,94,155,HN_NVC,556 Nguyễn Văn Cừ,128.5167,81.5167,131.95106506347656,145.5612030029297,5.0,2.344332456588745
2025-12-30 01:00:00,151,91,151,HN_NVC,556 Nguyễn Văn Cừ,115.7475,71.2867,131.70779418945312,146.8236541748047,5.0,2.7423253059387207
2025-12-30 02:00:00,144,87,144,HN_NVC,556 Nguyễn Văn Cừ,108.72,65.3367,144.70375061035156,162.92222595214844,5.0,2.4509992599487305
2025-12-30 03:00:00,140,86,140,HN_NVC,556 Nguyễn Văn Cừ,112.9517,69.25,143.9338836669922,161.3847198486328,5.0,2.9822194576263428
2025-12-30 04:00:00,141,85,141,HN_NVC,556 Nguyễn Văn Cừ,116.9208,75.2867,139.65196228027344,156.34432983398438,5.0,4.558932304382324
2025-12-30 05:00:00,143,84,143,HN_NVC,556 Nguyễn Văn Cừ,113.63,78.8433,137.32757568359375,154.10174560546875,5.0,6.0174665451049805
2025-12-30 06:00:00,147,84,147,HN_NVC,556 Nguyễn Văn Cừ,116.5667,82.6667,135.46902465820312,152.54718017578125,5.0,6.612938404083252
2025-12-30 07:00:00,146,83,146,HN_NVC,556 Nguyễn Văn Cừ,109.7625,77.2042,136.06454467773438,153.28341674804688,5.0,6.8500165939331055
2025-12-30 08:00:00,148,82,148,HN_NVC,556 Nguyễn Văn Cừ,112.3692,80.3458,135.2249298095703,152.51605224609375,5.0,7.650846481323242
2025-12-30 09:00:00,148,82,148,HN_NVC,556 Nguyễn Văn Cừ,114.69,80.2408,137.87966918945312,156.13656616210938,5.0,8.202951431274414
2025-12-30 10:00:00,150,83,150,HN_NVC,556 Nguyễn Văn Cừ,125.1125,82.0758,152.0236358642578,173.3072967529297,5.0,9.963894844055176
2025-12-30 11:00:00,150,85,150,HN_NVC,556 Nguyễn Văn Cừ,134.705,83.4175,174.244873046875,199.19332885742188,5.0,8.726828575134277
2025-12-30 12:00:00,151,86,151,HN_NVC,556 Nguyễn Văn Cừ,133.4292,83.7408,200.5341339111328,229.31787109375,5.0,7.920682907104492
2025-12-30 13:00:00,150,87,150,HN_NVC,556 Nguyễn Văn Cừ,124.3342,77.0692,224.3431854248047,256.79443359375,5.0,8.544334411621094
2025-12-30 14:00:00,146,85,146,HN_NVC,556 Nguyễn Văn Cừ,110.6475,67.5692,211.34097290039065,243.11595153808597,5.0,10.90683364868164
2025-12-30 15:00:00,137,82,137,HN_NVC,556 Nguyễn Văn Cừ,95.7275,60.2117,195.6485595703125,227.1099548339844,5.0,14.75066375732422
2025-12-30 16:00:00,122,74,122,HN_NVC,556 Nguyễn Văn Cừ,80.9125,51.96,196.57321166992188,229.5706329345703,5.0,34.86054992675781
2025-12-30 17:00:00,105,68,105,HN_NVC,556 Nguyễn Văn Cừ,73.0517,44.7375,197.1583404541016,230.93101501464844,5.0,400.1090393066406
2025-12-30 18:00:00,92,65,92,HN_NVC,556 Nguyễn Văn Cừ,72.8892,39.4442,215.16265869140625,251.9877471923828,5.0,467.09576416015625
2025-12-30 19:00:00,93,65,93,HN_NVC,556 Nguyễn Văn Cừ,80.5575,47.2233,235.1934509277344,274.3139343261719,5.0,335.2817077636719
2025-12-30 20:00:00,99,66,99,HN_NVC,556 Nguyễn Văn Cừ,86.03,52.6467,238.6058654785156,277.6686706542969,5.0,273.77862548828125
2025-12-30 21:00:00,107,67,107,HN_NVC,556 Nguyễn Văn Cừ,87.3842,58.3575,233.4327850341797,273.2655029296875,5.0,211.39453125
2025-12-30 22:00:00,113,68,113,HN_NVC,556 Nguyễn Văn Cừ,88.9925,62.1042,226.21568298339844,267.4094543457031,5.0,184.69847106933597
2025-12-30 23:00:00,117,69,117,HN_NVC,556 Nguyễn Văn Cừ,90.7125,62.345,228.9208221435547,265.2406616210937,5.0,195.4201812744141
2025-12-31 00:00:00,121,71,121,HN_NVC,556 Nguyễn Văn Cừ,95.5158,64.7567,112.47071075439452,127.34442901611328,5.0,28.28554344177246
2025-12-31 01:00:00,124,71,124,HN_NVC,556 Nguyễn Văn Cừ,96.1608,68.3067,138.15762329101562,159.71746826171875,5.0,45.81093215942383
2025-12-31 02:00:00,127,70,127,HN_NVC,556 Nguyễn Văn Cừ,91.3783,68.745,181.286865234375,210.57077026367188,5.0,46.78950119018555
2025-12-31 03:00:00,125,70,125,HN_NVC,556 Nguyễn Văn Cừ,85.4792,62.5792,208.8673553466797,243.57786560058597,5.0,29.599445343017575
2025-12-31 04:00:00,123,70,123,HN_NVC,556 Nguyễn Văn Cừ,89.5725,62.4817,255.3193206787109,294.53173828125,5.0,15.005701065063477
2025-12-31 05:00:00,130,72,130,HN_NVC,556 Nguyễn Văn Cừ,105.135,72.6375,196.10040283203125,224.97235107421875,5.0,11.19975757598877
2025-12-31 06:00:00,144,79,144,HN_NVC,556 Nguyễn Văn Cừ,127.7292,86.965,153.38290405273438,176.42898559570312,5.0,11.18546199798584
2025-12-31 07:00:00,154,86,154,HN_NVC,556 Nguyễn Văn Cừ,143.4792,97.3167,142.97825622558594,165.49928283691406,5.0,13.04621124267578
2025-12-31 08:00:00,157,91,157,HN_NVC,556 Nguyễn Văn Cừ,143.3533,96.6658,144.6553192138672,168.23876953125,5.0,18.76645851135254
2025-12-31 09:00:00,157,92,157,HN_NVC,556 Nguyễn Văn Cừ,137.805,93.0692,117.48558807373048,135.88938903808594,5.0,24.546844482421875
2025-12-31 10:00:00,156,91,156,HN_NVC,556 Nguyễn Văn Cừ,129.3358,84.5567,83.77574920654297,97.38810729980467,5.0,12.982909202575684
2025-12-31 11:00:00,151,88,151,HN_NVC,556 Nguyễn Văn Cừ,115.0775,71.1758,78.91925811767578,94.14034271240234,5.0,8.628103256225586
2025-12-31 12:00:00,144,84,144,HN_NVC,556 Nguyễn Văn Cừ,109.4692,67.18,83.38584899902344,99.2389144897461,5.0,8.252723693847656
2025-12-31 13:00:00,137,81,137,HN_NVC,556 Nguyễn Văn Cừ,100.5883,64.09,88.46089172363281,102.5193328857422,5.0,8.406510353088379
2025-12-31 14:00:00,120,75,120,HN_NVC,556 Nguyễn Văn Cừ,85.0942,52.7217,95.24248504638672,115.00648498535156,5.0,9.1137056350708
2025-12-31 15:00:00,106,67,106,HN_NVC,556 Nguyễn Văn Cừ,70.1208,46.6767,84.60646057128906,95.49137878417967,5.0,11.234386444091797
2025-12-31 16:00:00,94,61,94,HN_NVC,556 Nguyễn Văn Cừ,60.4767,40.48,80.55755615234375,91.94839477539062,5.0,14.926544189453123
2025-12-31 17:00:00,82,57,82,HN_NVC,556 Nguyễn Văn Cừ,54.8533,35.0133,80.86306762695312,92.36271667480467,5.0,18.433025360107425
2025-12-31 18:00:00,81,55,81,HN_NVC,556 Nguyễn Văn Cừ,58.5117,40.2708,82.8782958984375,95.04654693603516,5.0,80.60333251953125
2025-12-31 19:00:00,90,58,90,HN_NVC,556 Nguyễn Văn Cừ,70.7425,49.3267,85.12651824951172,99.0047378540039,5.0,333.46142578125
2025-12-31 20:00:00,100,61,100,HN_NVC,556 Nguyễn Văn Cừ,78.8042,55.5025,96.77225494384766,112.85699462890624,5.0,279.0947265625
2025-12-31 21:00:00,105,64,105,HN_NVC,556 Nguyễn Văn Cừ,82.235,56.3158,117.08666229248048,135.57542419433594,5.0,98.8964385986328
2025-12-31 22:00:00,109,65,109,HN_NVC,556 Nguyễn Văn Cừ,84.635,57.7275,138.93605041503906,159.8082275390625,5.0,53.03160858154297
2025-12-31 23:00:00,111,66,111,HN_NVC,556 Nguyễn Văn Cừ,83.1675,58.3642,162.07119750976562,186.68081665039065,5.0,18.6430606842041
