timestamp,station_id,pm25_nowcast,aqi_pm25,aqi_o3,aqi_no2,aqi_so2,aqi_co,vn_aqi,dominant,level,color
20251225_0,HN_NVC,1.2406069040298462,2.4812138080596924,0.01376637816429135,4.743428507936187e-05,1.6916437016334384e-05,0.00037710439413785903,2.4812138080596924,PM2.5,Tốt,green
20251225_1,HN_NVC,1.2032917141914368,2.4065834283828735,0.0134415179491043,4.540061490843072e-05,3.2117579394252973e-06,0.00037738647311925857,2.4065834283828735,PM2.5,Tốt,green
20251225_10,HN_NVC,0.8623073611940656,1.7246147223881312,0.01434904523193835,0.00041458845953455,4.8253037675749516e-06,0.0004418761655688285,1.7246147223881312,PM2.5,Tốt,green
20251225_11,HN_NVC,0.808614706993103,1.617229413986206,0.0140784457325935,0.0004138899676036,5.101726492284798e-06,0.000437907241284847,1.617229413986206,PM2.5,Tốt,green
20251225_12,HN_NVC,0.8885147533109111,1.7770295066218222,0.01526499725878235,0.00039233962888825,4.199174873065204e-06,0.00042950551956892,1.7770295066218222,PM2.5,Tốt,green
20251225_13,HN_NVC,1.167877993886433,2.335755987772866,0.01611310616135595,0.0003580889315344,2.9700095183216035e-06,0.000421793162822723,2.335755987772866,PM2.5,Tốt,green
20251225_14,HN_NVC,1.4883396165577445,2.976679233115489,0.0160823334008455,0.0003431489167269,3.730189928319306e-06,0.00041449312120676,2.976679233115489,PM2.5,Tốt,green
20251225_15,HN_NVC,1.7038805667091819,3.4077611334183637,0.01597381383180615,0.0003523146151565,4.814717613044195e-06,0.0004140728712081905,3.4077611334183637,PM2.5,Tốt,green
20251225_16,HN_NVC,1.9510230133911401,3.9020460267822803,0.0160737112164497,0.00037576747126875,5.943571159150452e-06,0.000419042520225048,3.9020460267822803,PM2.5,Tốt,green
20251225_17,HN_NVC,2.3011599720864466,4.602319944172893,0.0160143598914146,0.0004217053938191,7.647555321455002e-06,0.000430445596575737,4.602319944172893,PM2.5,Tốt,green
20251225_18,HN_NVC,2.9053157684450097,5.810631536890019,0.01586511358618735,0.00050910876598205,6.361888517858461e-06,0.000436916947364807,5.810631536890019,PM2.5,Tốt,green
20251225_19,HN_NVC,3.7298832253222063,7.459766450644413,0.0155588239431381,0.0006049278890714,3.972684862674215e-06,0.000442729853093624,7.459766450644413,PM2.5,Tốt,green
20251225_2,HN_NVC,2.3146342003884044,4.629268400776809,0.01410855539143085,5.962249633735e-05,1.1056315088353585e-06,0.00038202520459890355,4.629268400776809,PM2.5,Tốt,green
20251225_20,HN_NVC,3.5204891325935486,7.040978265187097,0.01414058357477185,0.0007877096068114,6.486183701781556e-06,0.00045270439237356155,7.040978265187097,PM2.5,Tốt,green
20251225_21,HN_NVC,4.608262981541719,9.216525963083438,0.0116125494241714,0.00116445636376735,0.00010083289816972001,0.000456963889300823,9.216525963083438,PM2.5,Tốt,green
20251225_22,HN_NVC,5.522140315266028,11.044280630532056,0.0098736062645912,0.00147127523086965,0.0005015216767787601,0.00046195991337299346,11.044280630532056,PM2.5,Tốt,green
20251225_23,HN_NVC,5.904863972599835,11.80972794519967,0.00920682866126295,0.0015622827922925,0.0007366870529949601,0.0004656985029578205,11.80972794519967,PM2.5,Tốt,green
20251225_3,HN_NVC,3.268136156376756,6.536272312753512,0.01464129518717525,7.49862811062e-05,1.7824911992647686e-06,0.0003867964446544645,6.536272312753512,PM2.5,Tốt,green
20251225_4,HN_NVC,1.9751662656355544,3.950332531271109,0.01507823076099155,7.938287308205e-05,2.492293788236566e-06,0.000392169579863548,3.950332531271109,PM2.5,Tốt,green
20251225_5,HN_NVC,1.3491081784496377,2.6982163568992754,0.0152780683711171,8.88424692675e-05,3.4150227293139325e-06,0.0003996602818369865,2.6982163568992754,PM2.5,Tốt,green
20251225_6,HN_NVC,0.9295468773451772,1.8590937546903543,0.0152777163311839,0.00012167380191385,4.304637695895508e-06,0.000408351495862007,1.8590937546903543,PM2.5,Tốt,green
20251225_7,HN_NVC,0.727966574143723,1.455933148287446,0.01522900909185405,0.0001871287677204,4.502143929130398e-06,0.00041847508400678603,1.455933148287446,PM2.5,Tốt,green
20251225_8,HN_NVC,0.6437010921401418,1.2874021842802836,0.01512371283024545,0.00025277724489565,5.4238185839494695e-06,0.00042623739689588545,1.2874021842802836,PM2.5,Tốt,green
20251225_9,HN_NVC,0.6030673566318694,1.2061347132637388,0.0148357022553682,0.0003507774963509,5.73232064198237e-06,0.00043624959886074056,1.2061347132637388,PM2.5,Tốt,green
20251226_0,HN_NVC,0.9365374753763389,1.8730749507526778,0.0140585508197546,4.518162313615904e-05,1.6848526138346644e-05,0.00037790160626173,1.8730749507526778,PM2.5,Tốt,green
20251226_1,HN_NVC,1.085521116943732,2.171042233887464,0.0136573743075132,4.720762080978602e-05,3.0103605240583423e-06,0.00037851169705390905,2.171042233887464,PM2.5,Tốt,green
20251226_10,HN_NVC,1.1882016008444614,2.3764032016889227,0.01424707937985655,0.00071943749208,1.971992896869779e-05,0.000549390390515327,2.3764032016889227,PM2.5,Tốt,green
20251226_11,HN_NVC,1.423119603903448,2.846239207806896,0.01290405262261625,0.0009737990912981,2.2234523203223944e-05,0.000573383532464504,2.846239207806896,PM2.5,Tốt,green
20251226_12,HN_NVC,1.8631678320986012,3.7263356641972023,0.01239689253270625,0.0010055494494736,1.6388324729632588e-05,0.0005606810376048085,3.7263356641972023,PM2.5,Tốt,green
20251226_13,HN_NVC,2.2575410708402974,4.515082141680595,0.01241781469434495,0.0009001331636682,8.309874829137698e-06,0.0005279839038848875,4.515082141680595,PM2.5,Tốt,green
20251226_14,HN_NVC,2.4310651771460408,4.8621303542920815,0.01251617074012755,0.0007754290709272,5.364514800021425e-06,0.0004948412999510766,4.8621303542920815,PM2.5,Tốt,green
20251226_15,HN_NVC,2.3763748526282074,4.752749705256415,0.0128767117857933,0.00062379072187465,5.640555173158646e-06,0.00046233084052801096,4.752749705256415,PM2.5,Tốt,green
20251226_16,HN_NVC,2.2231656954693126,4.446331390938625,0.0133098857477307,0.0005009036394767,6.562261114595458e-06,0.0004436774924397465,4.446331390938625,PM2.5,Tốt,green
20251226_17,HN_NVC,2.1027429836428064,4.205485967285613,0.01328782271593805,0.00047816691221665,7.422452472383157e-06,0.00045328039675951,4.205485967285613,PM2.5,Tốt,green
20251226_18,HN_NVC,2.2408061826330985,4.481612365266197,0.01313935872167345,0.000511760066729,4.99219422636088e-06,0.00047223906964063603,4.481612365266197,PM2.5,Tốt,green
20251226_19,HN_NVC,2.4453611277544165,4.890722255508833,0.01334358286112545,0.0004902810323983,3.2693827961338687e-06,0.000469448938965797,4.890722255508833,PM2.5,Tốt,green
20251226_2,HN_NVC,1.7019044476696568,3.4038088953393135,0.0140240741893649,6.06529356446e-05,1.209775382449152e-06,0.0003833475336432455,3.4038088953393135,PM2.5,Tốt,green
20251226_20,HN_NVC,2.101843887924129,4.203687775848258,0.01381157618016,0.000455424626125,2.8097476388211364e-06,0.0004602560773491855,4.203687775848258,PM2.5,Tốt,green
20251226_21,HN_NVC,2.1417934140006265,4.283586828001253,0.0142564699053764,0.0004379692545626,3.126990850432776e-06,0.0004549717903137205,4.283586828001253,PM2.5,Tốt,green
20251226_22,HN_NVC,2.0854659672621843,4.1709319345243685,0.014343561604619,0.0004562991671264,3.95511815440841e-06,0.000457632504403591,4.1709319345243685,PM2.5,Tốt,green
20251226_23,HN_NVC,2.190457975878966,4.380915951757932,0.0141790537163615,0.00047211578930725,3.961798211093992e-06,0.0004678769037127495,4.380915951757932,PM2.5,Tốt,green
20251226_3,HN_NVC,1.4353668328752156,2.870733665750431,0.0146924695000052,7.603393169115e-05,1.950919431692455e-06,0.0003901681303977965,2.870733665750431,PM2.5,Tốt,green
20251226_4,HN_NVC,1.0752168844034384,2.150433768806877,0.01536459941416975,9.26575157791e-05,3.0963499739300462e-06,0.00040307536721229554,2.150433768806877,PM2.5,Tốt,green
20251226_5,HN_NVC,0.9327241982004727,1.8654483964009454,0.01594313234090805,0.0001138545485446,4.522075687418692e-06,0.0004232288897037505,1.8654483964009454,PM2.5,Tốt,green
20251226_6,HN_NVC,0.8619839934639005,1.723967986927801,0.0163551941514015,0.0001354030537186,6.41131482552737e-06,0.000444737523794174,1.723967986927801,PM2.5,Tốt,green
20251226_7,HN_NVC,0.7757032332693992,1.5514064665387983,0.0167822390794754,0.00016942623187785,8.627684292150662e-06,0.000470647849142551,1.5514064665387983,PM2.5,Tốt,green
20251226_8,HN_NVC,0.7871154676572453,1.5742309353144905,0.0167407765984535,0.00023362760839515,1.1110249761259186e-05,0.000494796447455883,1.5742309353144905,PM2.5,Tốt,green
20251226_9,HN_NVC,0.947576605400323,1.895153210800646,0.0159007646143436,0.0003865660692099,1.3393237895797939e-05,0.000515976510941982,1.895153210800646,PM2.5,Tốt,green
20251227_0,HN_NVC,1.1187929853851541,2.2375859707703083,0.0137964831665158,4.704785169451498e-05,1.7647983622737228e-05,0.000377441346645355,2.2375859707703083,PM2.5,Tốt,green
20251227_1,HN_NVC,1.1892438902523055,2.378487780504611,0.013281418941915,4.92074468638748e-05,4.603091656463221e-06,0.0003770554065704345,2.378487780504611,PM2.5,Tốt,green
20251227_10,HN_NVC,1.089059040630839,2.178118081261678,0.01280584093183275,0.001057967194356,1.2538213923107833e-05,0.00059198971837759,2.178118081261678,PM2.5,Tốt,green
20251227_11,HN_NVC,1.16424210266607,2.32848420533214,0.01255231536924835,0.0010662683052942,1.3707028119824827e-05,0.0005883700773119925,2.32848420533214,PM2.5,Tốt,green
20251227_12,HN_NVC,1.3650179073778554,2.730035814755711,0.01239039003849025,0.00100469787139445,1.4357396867126227e-05,0.000573053918778896,2.730035814755711,PM2.5,Tốt,green
20251227_13,HN_NVC,1.4828005994778122,2.9656011989556244,0.0123241767287254,0.00090429390547795,1.2537700240500272e-05,0.000547426156699657,2.9656011989556244,PM2.5,Tốt,green
20251227_14,HN_NVC,1.4415660171718387,2.8831320343436775,0.01257968973368405,0.0008397125639021,1.0518505587242545e-05,0.0005320622771978375,2.8831320343436775,PM2.5,Tốt,green
20251227_15,HN_NVC,1.462161228042528,2.924322456085056,0.0129930097609758,0.00077565293759105,9.610407141735778e-06,0.0005220597609877585,2.924322456085056,PM2.5,Tốt,green
20251227_16,HN_NVC,1.5582946859145486,3.116589371829097,0.0132589470595121,0.0006919440347701,1.101948000723496e-05,0.000509618781507015,3.116589371829097,PM2.5,Tốt,green
20251227_17,HN_NVC,1.7115087293006561,3.4230174586013122,0.01353345345705745,0.00062878464814275,1.2799368414562196e-05,0.000509201735258102,3.4230174586013122,PM2.5,Tốt,green
20251227_18,HN_NVC,1.8835276009544493,3.7670552019088985,0.01368736661970615,0.0005990014760755,1.0478330659680069e-05,0.000506469570100307,3.7670552019088985,PM2.5,Tốt,green
20251227_19,HN_NVC,2.150053729126014,4.300107458252028,0.01338137872517105,0.0006547252414748,8.107396570267156e-06,0.0005140694975852965,4.300107458252028,PM2.5,Tốt,green
20251227_2,HN_NVC,1.6226958865793342,3.2453917731586683,0.0135323945432901,5.5975466239e-05,1.3423467862594408e-06,0.0003800928220152855,3.2453917731586683,PM2.5,Tốt,green
20251227_20,HN_NVC,2.201191545682658,4.402383091365316,0.01314523257315155,0.00068644894054155,6.25840766588226e-06,0.0005173311755061145,4.402383091365316,PM2.5,Tốt,green
20251227_21,HN_NVC,2.5857733778027825,5.171546755605565,0.0131533173844218,0.000607872440014,5.326118480297737e-06,0.0004978066682815549,5.171546755605565,PM2.5,Tốt,green
20251227_22,HN_NVC,2.7624252877101503,5.524850575420301,0.01310697477310895,0.0005493281641975,5.535057789529674e-06,0.00047603290528059,5.524850575420301,PM2.5,Tốt,green
20251227_23,HN_NVC,2.785934776031345,5.57186955206269,0.01262961793690915,0.00053651601774615,5.80158484808635e-06,0.00046657912433147405,5.57186955206269,PM2.5,Tốt,green
20251227_3,HN_NVC,1.8917346695549468,3.7834693391098937,0.01424885541200635,6.669373397015e-05,1.7026542991516182e-06,0.0003875474631786345,3.7834693391098937,PM2.5,Tốt,green
20251227_4,HN_NVC,1.377935278226459,2.755870556452918,0.0150872906669974,8.06494717835e-05,2.7703730665962215e-06,0.000399961248040199,2.755870556452918,PM2.5,Tốt,green
20251227_5,HN_NVC,1.0174122970473927,2.0348245940947853,0.01594877056777475,9.78242169367e-05,3.903776450897567e-06,0.000420074425637722,2.0348245940947853,PM2.5,Tốt,green
20251227_6,HN_NVC,0.7798551752162649,1.5597103504325298,0.0163171403110027,0.0001306499034399,5.053354107076303e-06,0.00044138174504041654,1.5597103504325298,PM2.5,Tốt,green
20251227_7,HN_NVC,0.664189509972839,1.328379019945678,0.01595208793878555,0.0001952337188413,7.16576396371238e-06,0.0004642451554536815,1.328379019945678,PM2.5,Tốt,green
20251227_8,HN_NVC,0.7028286356920143,1.4056572713840285,0.01539494842290875,0.00033497874392195,8.588306809542702e-06,0.000513852536678314,1.4056572713840285,PM2.5,Tốt,green
20251227_9,HN_NVC,0.7507131661542024,1.5014263323084047,0.01402470376342535,0.0006438209675252,1.0195297363679856e-05,0.0005584989488124846,1.5014263323084047,PM2.5,Tốt,green
20251228_0,HN_NVC,1.018522890263279,2.037045780526558,0.01378311216831205,5.391759987105e-05,1.9300040730740878e-05,0.000376723855733871,2.037045780526558,PM2.5,Tốt,green
20251228_1,HN_NVC,1.1136079209482568,2.2272158418965136,0.01310500036925075,5.555204188565e-05,1.3185893476475028e-05,0.00037575326859951,2.2272158418965136,PM2.5,Tốt,green
20251228_10,HN_NVC,1.141737932396168,2.283475864792336,0.014784368686378,0.0005085478769615,2.4583935737609866e-05,0.00055064857006073,2.283475864792336,PM2.5,Tốt,green
20251228_11,HN_NVC,1.245988181921152,2.491976363842304,0.01321611832827325,0.0007561763632111,3.128332900814712e-05,0.0006013759598135945,2.491976363842304,PM2.5,Tốt,green
20251228_12,HN_NVC,1.458676652099041,2.917353304198082,0.01289232075214385,0.0008635025587864,2.8598596691153945e-05,0.0006232882291078564,2.917353304198082,PM2.5,Tốt,green
20251228_13,HN_NVC,1.6823332815379888,3.3646665630759776,0.0128150880336761,0.0008070636540651,1.987077121157199e-05,0.00059855043888092,3.3646665630759776,PM2.5,Tốt,green
20251228_14,HN_NVC,1.8554125283372853,3.7108250566745706,0.01262285280972715,0.00071276846574615,9.550094546284528e-06,0.000558032691478729,3.7108250566745706,PM2.5,Tốt,green
20251228_15,HN_NVC,2.0723213553283095,4.144642710656619,0.01238857861608265,0.0006481134332716,7.2385075327474626e-06,0.0005267821624875066,4.144642710656619,PM2.5,Tốt,green
20251228_16,HN_NVC,2.265788726448576,4.531577452897152,0.0123635614290833,0.0006077486905269,8.660562889417633e-06,0.000510379783809185,4.531577452897152,PM2.5,Tốt,green
20251228_17,HN_NVC,2.4721999882487298,4.9443999764974595,0.01224828790873285,0.0005956543027423,1.0511104483157398e-05,0.0005139048770070075,4.9443999764974595,PM2.5,Tốt,green
20251228_18,HN_NVC,2.791752419978271,5.583504839956542,0.0119277378544211,0.0006068368675187,8.67063135956414e-06,0.0005252022668719291,5.583504839956542,PM2.5,Tốt,green
20251228_19,HN_NVC,3.1033866590341512,6.2067733180683025,0.01139424368739125,0.0006544400239363,6.65450279484503e-06,0.000531332865357399,6.2067733180683025,PM2.5,Tốt,green
20251228_2,HN_NVC,2.1720267967717843,4.344053593543569,0.01303560100495815,5.66047528991e-05,7.522624218836427e-06,0.00037596724927425353,4.344053593543569,PM2.5,Tốt,green
20251228_20,HN_NVC,2.7374570064637833,5.474914012927567,0.01111603341996665,0.0006887151394039,5.365879769669846e-06,0.0005276614427566525,5.474914012927567,PM2.5,Tốt,green
20251228_21,HN_NVC,2.8883127672477227,5.776625534495445,0.01121682580560445,0.00069422827800735,5.3050662245368585e-06,0.000525092594325542,5.776625534495445,PM2.5,Tốt,green
20251228_22,HN_NVC,2.8669346095878128,5.7338692191756255,0.01111095678061245,0.0007263786392286,5.950676495558582e-06,0.000532574839890003,5.7338692191756255,PM2.5,Tốt,green
20251228_23,HN_NVC,2.833610776929192,5.667221553858384,0.01080106664448975,0.00075030344305555,6.2344646721612665e-06,0.0005415083840489385,5.667221553858384,PM2.5,Tốt,green
20251228_3,HN_NVC,2.032077740109156,4.064155480218312,0.01336708571761845,6.230070721355e-05,4.4948472350370146e-06,0.0003798400610685345,4.064155480218312,PM2.5,Tốt,green
20251228_4,HN_NVC,1.6090905641315911,3.2181811282631823,0.01417325809597965,7.013454160185e-05,5.150825018063188e-06,0.000391269028186798,3.2181811282631823,PM2.5,Tốt,green
20251228_5,HN_NVC,1.3680701046781807,2.7361402093563614,0.0150991817936301,8.327350224135e-05,6.801001291023567e-06,0.00040857374668121303,2.7361402093563614,PM2.5,Tốt,green
20251228_6,HN_NVC,1.2349700245956217,2.4699400491912433,0.01615332439541815,0.00010893068974835,9.761229739524425e-06,0.0004400716722011565,2.4699400491912433,PM2.5,Tốt,green
20251228_7,HN_NVC,1.1541370048336639,2.3082740096673278,0.017245190218091,0.000145964208059,1.3276579556986691e-05,0.000476505011320114,2.3082740096673278,PM2.5,Tốt,green
20251228_8,HN_NVC,1.1090852191887788,2.2181704383775576,0.01755766198039055,0.0001985199487535,1.574885245645419e-05,0.0005040035769343375,2.2181704383775576,PM2.5,Tốt,green
20251228_9,HN_NVC,1.105710033735804,2.211420067471608,0.01667649671435355,0.0003012709203176,1.8053839448839428e-05,0.0005234181508421895,2.211420067471608,PM2.5,Tốt,green
20251229_0,HN_NVC,1.2002622429122272,2.4005244858244543,0.01385265868157145,6.07908441452e-05,2.2203322441782805e-05,0.00037663396447896953,2.4005244858244543,PM2.5,Tốt,green
20251229_1,HN_NVC,1.205581612115378,2.411163224230756,0.01319407951086755,6.543572089865e-05,1.953409519046545e-05,0.0003745169937610625,2.411163224230756,PM2.5,Tốt,green
20251229_10,HN_NVC,1.7453370179303254,3.4906740358606507,0.01714658364653585,0.00049445964395995,3.9257793105207384e-05,0.0005706377699971195,3.4906740358606507,PM2.5,Tốt,green
20251229_11,HN_NVC,2.2434475320599456,4.486895064119891,0.01604534685611725,0.0007310524815693,4.11776738474e-05,0.0006219126656651495,4.486895064119891,PM2.5,Tốt,green
20251229_12,HN_NVC,2.742974766241034,5.485949532482068,0.01508373767137525,0.0008579966961406,3.888404171448201e-05,0.0006395735591650005,5.485949532482068,PM2.5,Tốt,green
20251229_13,HN_NVC,3.29521054892604,6.59042109785208,0.0143082486465573,0.00086929416283965,3.4831379889510575e-05,0.000636503621935844,6.59042109785208,PM2.5,Tốt,green
20251229_14,HN_NVC,3.830614186293913,7.661228372587826,0.01395223569124935,0.00086515891598535,3.326381265651435e-05,0.000638155788183212,7.661228372587826,PM2.5,Tốt,green
20251229_15,HN_NVC,4.280850249186831,8.561700498373662,0.0138804484158754,0.00085106631740925,2.9649061616510153e-05,0.000643841028213501,8.561700498373662,PM2.5,Tốt,green
20251229_16,HN_NVC,4.541212973955641,9.082425947911283,0.0139018492773175,0.00081869185669345,2.623886975925416e-05,0.000646163374185562,9.082425947911283,PM2.5,Tốt,green
20251229_17,HN_NVC,4.696009815103114,9.392019630206228,0.0135290352627635,0.0008245671051554,3.148553369101137e-05,0.000666380077600479,9.392019630206228,PM2.5,Tốt,green
20251229_18,HN_NVC,4.927537149387401,9.855074298774802,0.01264194585382935,0.0008314354345202,2.43541129748337e-05,0.000662170201539993,9.855074298774802,PM2.5,Tốt,green
20251229_19,HN_NVC,5.190289654982105,10.38057930996421,0.01203880086541175,0.0007780031301081,1.5482922026421875e-05,0.000628334209322929,10.38057930996421,PM2.5,Tốt,green
20251229_2,HN_NVC,3.1817701093152038,6.3635402186304075,0.01347634475678205,6.251082231755e-05,2.0041437528561802e-05,0.000375317260622978,6.3635402186304075,PM2.5,Tốt,green
20251229_20,HN_NVC,3.9800357331868637,7.960071466373727,0.01158672384917735,0.0006603326182812,1.2906907068099827e-05,0.0005667560920119285,7.960071466373727,PM2.5,Tốt,green
20251229_21,HN_NVC,3.7699614760057685,7.539922952011537,0.01144336629658935,0.00052903610048815,1.2883600720670075e-05,0.000498053021728992,7.539922952011537,PM2.5,Tốt,green
20251229_22,HN_NVC,3.1163820060618193,6.2327640121236385,0.0116622047498822,0.00044515612535175,1.315124536631629e-05,0.000453052707016468,6.2327640121236385,PM2.5,Tốt,green
20251229_23,HN_NVC,2.60540831126864,5.21081662253728,0.0118380859494209,0.00043032821849915,1.4385119720827788e-05,0.00043352171778678853,5.21081662253728,PM2.5,Tốt,green
20251229_3,HN_NVC,1.8721710609137938,3.7443421218275876,0.0136520406231284,6.067095091565e-05,1.7770455451682212e-05,0.000375893339514732,3.7443421218275876,PM2.5,Tốt,green
20251229_4,HN_NVC,1.4986367424765785,2.997273484953157,0.013846549205482,5.804125612485e-05,1.2518439325504006e-05,0.0003780431300401685,2.997273484953157,PM2.5,Tốt,green
20251229_5,HN_NVC,1.324361209846096,2.648722419692192,0.01429196074604985,6.32633527857e-05,9.617989417165519e-06,0.000385831743478775,2.648722419692192,PM2.5,Tốt,green
20251229_6,HN_NVC,1.2446571640042594,2.489314328008519,0.0151961799710989,7.75209191488e-05,1.1147384066134692e-05,0.0004027379304170605,2.489314328008519,PM2.5,Tốt,green
20251229_7,HN_NVC,1.2033955770825582,2.4067911541651164,0.01632677018642425,0.0001039503404172,1.702076988294721e-05,0.00042727511376142505,2.4067911541651164,PM2.5,Tốt,green
20251229_8,HN_NVC,1.2023471181354826,2.404694236270965,0.0173669084906578,0.0001501285296399,2.9119019745849074e-05,0.00046117939054965954,2.404694236270965,PM2.5,Tốt,green
20251229_9,HN_NVC,1.3797161524985737,2.7594323049971474,0.01799812912940975,0.0002576656115707,3.7206514389254155e-05,0.00051031369715929,2.7594323049971474,PM2.5,Tốt,green
20251230_0,HN_NVC,1.3336527383080041,2.6673054766160083,0.0134760634973645,7.137603824955e-05,2.0748875977005815e-05,0.0003750259056687355,2.6673054766160083,PM2.5,Tốt,green
20251230_1,HN_NVC,1.2715257227784693,2.5430514455569386,0.0127848898991942,7.233163341875e-05,1.746893831295893e-05,0.000372882597148418,2.5430514455569386,PM2.5,Tốt,green
20251230_10,HN_NVC,1.664862634614565,3.32972526922913,0.01609792932868,0.000538561376743,2.820719382725656e-05,0.0005708297342061995,3.32972526922913,PM2.5,Tốt,green
20251230_11,HN_NVC,1.828573373419091,3.657146746838182,0.01451780088245865,0.000793187180534,3.807601169683039e-05,0.000623841397464275,3.657146746838182,PM2.5,Tốt,green
20251230_12,HN_NVC,1.9836732363800396,3.967346472760079,0.01389856077730655,0.00086296041263265,3.8868666160851716e-05,0.0006402711570262905,3.967346472760079,PM2.5,Tốt,green
20251230_13,HN_NVC,2.371349350989811,4.742698701979622,0.013717470690608,0.00081691972445695,2.6546616572886707e-05,0.0006120237708091735,4.742698701979622,PM2.5,Tốt,green
20251230_14,HN_NVC,2.7346549588390903,5.4693099176781805,0.0131896240636706,0.00077248836169015,1.4987132453825325e-05,0.0005757894366979595,5.4693099176781805,PM2.5,Tốt,green
20251230_15,HN_NVC,2.9070399976912,5.8140799953824,0.01282926648855205,0.0007282757433131,1.6018906899262222e-05,0.0005486827343702315,5.8140799953824,PM2.5,Tốt,green
20251230_16,HN_NVC,3.015303516649938,6.030607033299876,0.0126245347782969,0.00068187859142195,1.7435605695936828e-05,0.000536139495670795,6.030607033299876,PM2.5,Tốt,green
20251230_17,HN_NVC,3.1730202828280363,6.3460405656560726,0.01238214410841465,0.0006500243907794,1.7478606605436652e-05,0.000529394894838333,6.3460405656560726,PM2.5,Tốt,green
20251230_18,HN_NVC,3.257288133937943,6.514576267875886,0.0120821613818407,0.00062479148618875,1.4419257058762018e-05,0.0005139894410967824,6.514576267875886,PM2.5,Tốt,green
20251230_19,HN_NVC,3.1427877171717866,6.285575434343573,0.011807095259428,0.00057917984668165,1.1825237015727909e-05,0.000489186607301235,6.285575434343573,PM2.5,Tốt,green
20251230_2,HN_NVC,2.1634057248468364,4.326811449693673,0.01322788465768095,6.166372622825e-05,1.862086792243645e-05,0.000374566279351711,4.326811449693673,PM2.5,Tốt,green
20251230_20,HN_NVC,2.397955137935168,4.795910275870336,0.011677379719913,0.000540132750757,1.1409977014409379e-05,0.0004666593298316,4.795910275870336,PM2.5,Tốt,green
20251230_21,HN_NVC,2.316339756601168,4.632679513202336,0.0114962477236986,0.0005066925077699,1.2394801888149232e-05,0.00044758889824151953,4.632679513202336,PM2.5,Tốt,green
20251230_22,HN_NVC,2.0568594382359433,4.113718876471887,0.0112036559730768,0.0004638108948711,1.4130181807558985e-05,0.00042624764144420606,4.113718876471887,PM2.5,Tốt,green
20251230_23,HN_NVC,1.7995532086480668,3.5991064172961336,0.0109577719122171,0.0004238709225319,1.4153745723888278e-05,0.00040929723531007756,3.5991064172961336,PM2.5,Tốt,green
20251230_3,HN_NVC,1.5027320475805372,3.0054640951610745,0.0134289963170886,6.175650923975e-05,1.3359703007154167e-05,0.00037632517516613,3.0054640951610745,PM2.5,Tốt,green
20251230_4,HN_NVC,1.350963377341246,2.701926754682492,0.01384660974144935,6.532949919345e-05,8.347920811502263e-06,0.0003830110654234885,2.701926754682492,PM2.5,Tốt,green
20251230_5,HN_NVC,1.2367059153951567,2.4734118307903135,0.01473362650722265,7.65636359574e-05,9.375820809509605e-06,0.0003994496911764145,2.4734118307903135,PM2.5,Tốt,green
20251230_6,HN_NVC,1.1597406609736665,2.319481321947333,0.01590306311845775,9.79941905825e-05,1.3651196786668153e-05,0.0004247447848320005,2.319481321947333,PM2.5,Tốt,green
20251230_7,HN_NVC,1.2024851889255137,2.4049703778510274,0.01707789860665795,0.00013482966460285,1.6147598216775805e-05,0.00046016048640012703,2.4049703778510274,PM2.5,Tốt,green
20251230_8,HN_NVC,1.4140710702018133,2.8281421404036267,0.01782991178333755,0.00019455548317635,1.7406663391739134e-05,0.0004979674518108366,2.8281421404036267,PM2.5,Tốt,green
20251230_9,HN_NVC,1.6589328447686593,3.3178656895373186,0.0177507363259792,0.0003058240690734,2.1103498875163498e-05,0.0005302054435014725,3.3178656895373186,PM2.5,Tốt,green
20251231_0,HN_NVC,1.4647200941893934,2.929440188378787,0.0135553171858191,6.64854524075e-05,2.044459106400609e-05,0.000375326797366142,2.929440188378787,PM2.5,Tốt,green
20251231_1,HN_NVC,1.333849772428855,2.66769954485771,0.0129119399935007,6.95451890351e-05,1.8140178872272374e-05,0.00037308305501937856,2.66769954485771,PM2.5,Tốt,green
20251231_10,HN_NVC,1.510581509794621,3.021163019589242,0.0169776901602745,0.00042418038356115,8.022477850316e-05,0.0005433171242475505,3.021163019589242,PM2.5,Tốt,green
20251231_11,HN_NVC,2.305147170030736,4.610294340061472,0.0163498297333717,0.00075096345972265,6.134716677476001e-05,0.0006308342516422271,4.610294340061472,PM2.5,Tốt,green
20251231_12,HN_NVC,2.827453343655746,5.654906687311492,0.014266824349761,0.0010307773482054,6.322823464868e-05,0.000684291124343872,5.654906687311492,PM2.5,Tốt,green
20251231_13,HN_NVC,3.002024944710644,6.004049889421288,0.01303564757108685,0.0010190968168899,6.106892833484e-05,0.0006663379073143005,6.004049889421288,PM2.5,Tốt,green
20251231_14,HN_NVC,2.9561589865457445,5.912317973091489,0.01308414246886965,0.00084687379421665,4.193111963104001e-05,0.0006153625249862671,5.912317973091489,PM2.5,Tốt,green
20251231_15,HN_NVC,2.844742120578612,5.689484241157224,0.0133378356695175,0.0007058704504743,2.7016582316718998e-05,0.000579789876937866,5.689484241157224,PM2.5,Tốt,green
20251231_16,HN_NVC,2.907024330271906,5.814048660543812,0.01260432880371805,0.0006912269745953,2.388430148130283e-05,0.000575091131031513,5.814048660543812,PM2.5,Tốt,green
20251231_17,HN_NVC,3.2192263988057044,6.438452797611409,0.01201070006936785,0.00074953492730855,2.513469953555614e-05,0.0005952950939536095,6.438452797611409,PM2.5,Tốt,green
20251231_18,HN_NVC,3.6021743804398327,7.2043487608796655,0.01148562785238025,0.00078012322774155,2.3140729172155262e-05,0.000607500039041042,7.2043487608796655,PM2.5,Tốt,green
20251231_19,HN_NVC,3.9149009867319986,7.829801973463997,0.01108013466000555,0.0007576078060083,2.09208665182814e-05,0.0006066863238811491,7.829801973463997,PM2.5,Tốt,green
20251231_2,HN_NVC,2.5395375495719676,5.079075099143935,0.01347627025097605,6.40598736936e-05,2.1437827672343702e-05,0.000374753251671791,5.079075099143935,PM2.5,Tốt,green
20251231_20,HN_NVC,3.535597409142388,7.071194818284776,0.01071760989725585,0.00075804669177155,1.8397842359263455e-05,0.000603096857666969,7.071194818284776,PM2.5,Tốt,green
20251231_21,HN_NVC,4.180750115421374,8.361500230842749,0.0103865610435605,0.0007759523577988,1.818060118239373e-05,0.000601474829018116,8.361500230842749,PM2.5,Tốt,green
20251231_22,HN_NVC,4.512559046704545,9.02511809340909,0.0102882385253906,0.00076633220305665,2.0283425692468887e-05,0.00059251070022583,9.02511809340909,PM2.5,Tốt,green
20251231_23,HN_NVC,4.556010557065226,9.112021114130451,0.0101785734295845,0.00071416061837225,2.1047983318567278e-05,0.0005754194781184195,9.112021114130451,PM2.5,Tốt,green
20251231_3,HN_NVC,2.845716611631624,5.691433223263248,0.0137591091915965,6.414829113055e-05,2.177655405830592e-05,0.0003752821683883665,5.691433223263248,PM2.5,Tốt,green
20251231_4,HN_NVC,1.9910690248230876,3.982138049646175,0.01394846104085445,6.221278454175e-05,1.943198149092496e-05,0.00037702113389968855,3.982138049646175,PM2.5,Tốt,green
20251231_5,HN_NVC,1.5701351207109016,3.140270241421803,0.01421285606920715,6.436952389775e-05,1.5407359751407056e-05,0.0003833032771945,3.140270241421803,PM2.5,Tốt,green
20251231_6,HN_NVC,1.3646706874553973,2.7293413749107946,0.0147246746346354,7.512974843845e-05,1.5084692859090866e-05,0.000397463999688625,2.7293413749107946,PM2.5,Tốt,green
20251231_7,HN_NVC,1.2574383524311332,2.5148767048622664,0.01552423276007175,9.32504990487e-05,1.7450848827138542e-05,0.0004181889444589615,2.5148767048622664,PM2.5,Tốt,green
20251231_8,HN_NVC,1.1889615550291552,2.3779231100583105,0.0163639411330223,0.0001274672540603,2.444731944706291e-05,0.000441438369452953,2.3779231100583105,PM2.5,Tốt,green
20251231_9,HN_NVC,1.172496852071294,2.344993704142588,0.0169903617352247,0.00021510293299795,4.816685686816e-05,0.000476715713739395,2.344993704142588,PM2.5,Tốt,green
20251225_0,HN_NC,1.2233879566192627,2.4467759132385254,0.01427236478775735,3.512781040626578e-05,6.558391760336235e-06,0.0003797003254294395,2.4467759132385254,PM2.5,Tốt,green
20251225_1,HN_NC,1.0726849436759949,2.1453698873519897,0.0144199701026082,6.766682054145e-05,4.4692346818919763e-07,0.0003830781206488605,2.1453698873519897,PM2.5,Tốt,green
20251225_10,HN_NC,0.859176735040968,1.718353470081936,0.01426464226096865,0.00043453849502835,3.831419962807558e-06,0.000444410517811775,1.718353470081936,PM2.5,Tốt,green
20251225_11,HN_NC,0.8848180473828487,1.7696360947656975,0.0153799001127481,0.0004128195287194,2.6266481654602105e-06,0.000437294021248817,1.7696360947656975,PM2.5,Tốt,green
20251225_12,HN_NC,1.1211344933831662,2.2422689867663324,0.0164934433996677,0.00039227138040585,1.6117874110932466e-06,0.00042881794273853303,2.2422689867663324,PM2.5,Tốt,green
20251225_13,HN_NC,1.4751215548742385,2.950243109748477,0.0165531225502491,0.00036440580151975,1.3326965927262792e-06,0.00042062990367412555,2.950243109748477,PM2.5,Tốt,green
20251225_14,HN_NC,1.718490320866502,3.436980641733004,0.01647987402975555,0.00037054810672995,2.07466036954429e-06,0.00041850142180919645,3.436980641733004,PM2.5,Tốt,green
20251225_15,HN_NC,1.930631670297361,3.861263340594722,0.0164506286382675,0.00039954247768035,2.466648220433854e-06,0.0004206854104995725,3.861263340594722,PM2.5,Tốt,green
20251225_16,HN_NC,2.2327303555147053,4.465460711029411,0.01616347953677175,0.0004676423850469,3.4835622500395404e-06,0.00042649120092391946,4.465460711029411,PM2.5,Tốt,green
20251225_17,HN_NC,2.8164729929855956,5.632945985971191,0.01570714265108105,0.000593418139033,4.580336826620625e-06,0.00043687999248504596,5.632945985971191,PM2.5,Tốt,green
20251225_18,HN_NC,3.695003557391556,7.390007114783112,0.01555266138166185,0.00070131756365295,2.966970168927219e-06,0.00044668249785900104,7.390007114783112,PM2.5,Tốt,green
20251225_19,HN_NC,4.212707574201591,8.425415148403182,0.0144656542688608,0.0008955820230767,2.6092857297044247e-06,0.0004548266157507895,8.425415148403182,PM2.5,Tốt,green
20251225_2,HN_NC,2.46295327493996,4.92590654987992,0.01451720017939805,0.00010403612395745,1.1955472473346163e-06,0.00038834117352962454,4.92590654987992,PM2.5,Tốt,green
20251225_20,HN_NC,4.072235886852674,8.144471773705348,0.01185338012874125,0.00131797022186215,7.170361932364e-05,0.000460221245884895,8.144471773705348,PM2.5,Tốt,green
20251225_21,HN_NC,5.219934700027345,10.43986940005469,0.0101234372705221,0.00161978357937185,0.00044512180611488007,0.000465498678386211,10.43986940005469,PM2.5,Tốt,green
20251225_22,HN_NC,5.849141363521198,11.698282727042397,0.0094740968197584,0.0017126651946455,0.00070365499705076,0.00047214873135089855,11.698282727042397,PM2.5,Tốt,green
20251225_23,HN_NC,5.883039567263863,11.766079134527725,0.0089142238721251,0.00180252152495085,0.0006251159589737601,0.000486098602414131,11.766079134527725,PM2.5,Tốt,green
20251225_3,HN_NC,3.341372055128235,6.68274411025647,0.0145779475569725,0.0001314413093496,1.9152837921865287e-06,0.0003958261758089065,6.68274411025647,PM2.5,Tốt,green
20251225_4,HN_NC,2.0927430390438317,4.1854860780876635,0.0145004466176033,0.0001672213693382,3.3319505746476356e-06,0.00040326412767171854,4.1854860780876635,PM2.5,Tốt,green
20251225_5,HN_NC,1.2973360684619573,2.5946721369239145,0.0145275443792343,0.0002151163498638,3.658955756691285e-06,0.0004089440405368805,2.5946721369239145,PM2.5,Tốt,green
20251225_6,HN_NC,0.8775899841671898,1.7551799683343796,0.0146174971014261,0.00028545231907625,4.1821611375780774e-06,0.00042669694870710355,1.7551799683343796,PM2.5,Tốt,green
20251225_7,HN_NC,0.7250177516750946,1.4500355033501893,0.01488253753632305,0.0003298851952422,4.1819817852228885e-06,0.0004391684755682945,1.4500355033501893,PM2.5,Tốt,green
20251225_8,HN_NC,0.6519561080268887,1.3039122160537775,0.0149484248831868,0.00037836772389705,3.6617126170312987e-06,0.00044294759631156904,1.3039122160537775,PM2.5,Tốt,green
20251225_9,HN_NC,0.62864330858538,1.25728661717076,0.0146503373980522,0.00043121544877065,4.506194818532095e-06,0.0004466957971453665,1.25728661717076,PM2.5,Tốt,green
20251226_0,HN_NC,0.9899524918114891,1.9799049836229783,0.01417901925742625,4.2232197301927954e-05,5.439784581540152e-06,0.00037963118404150004,1.9799049836229783,PM2.5,Tốt,green
20251226_1,HN_NC,1.0264295253124867,2.0528590506249733,0.01407599356025455,9.90403059404e-05,4.2306764953536917e-07,0.00038407739251852,2.0528590506249733,PM2.5,Tốt,green
20251226_10,HN_NC,1.5120687575567335,3.024137515113467,0.01256974227726455,0.0012800168478861,1.6123327077366413e-05,0.000610099211335182,3.024137515113467,PM2.5,Tốt,green
20251226_11,HN_NC,2.138382154623085,4.27676430924617,0.0126637071371078,0.0011700300965458,7.1377340645995e-06,0.0005810045078396795,4.27676430924617,PM2.5,Tốt,green
20251226_12,HN_NC,2.5879192799147814,5.175838559829563,0.01284675300121305,0.00103535910602655,2.8752421712852085e-06,0.0005481302365660665,5.175838559829563,PM2.5,Tốt,green
20251226_13,HN_NC,2.7408831520394963,5.481766304078993,0.0130193261429667,0.00093272823141885,1.4055078281671742e-06,0.0005201071128249165,5.481766304078993,PM2.5,Tốt,green
20251226_14,HN_NC,2.5797931276398263,5.1595862552796525,0.0138107109814882,0.0006484491168521,1.2859859452873934e-06,0.00046887557953596105,5.1595862552796525,PM2.5,Tốt,green
20251226_15,HN_NC,2.2969082127924514,4.593816425584903,0.01432373374700545,0.00047580432146785,1.3393286280916074e-06,0.0004424692690372465,4.593816425584903,PM2.5,Tốt,green
20251226_16,HN_NC,2.158128591393085,4.31625718278617,0.0143131790682673,0.0004579415253829,1.9289354895590805e-06,0.0004464048892259595,4.31625718278617,PM2.5,Tốt,green
20251226_17,HN_NC,2.3224799642341623,4.6449599284683245,0.01434986572712655,0.0005066637531854,1.7387021216563882e-06,0.000462728403508663,4.6449599284683245,PM2.5,Tốt,green
20251226_18,HN_NC,2.456753066578773,4.913506133157546,0.0146811110898852,0.00047381850890815,1.0856610970222391e-06,0.000459015518426895,4.913506133157546,PM2.5,Tốt,green
20251226_19,HN_NC,2.3766480665940506,4.753296133188101,0.01507772784680125,0.0004458765615709,1.0348579053243157e-06,0.00044997055083513256,4.753296133188101,PM2.5,Tốt,green
20251226_2,HN_NC,1.556907185093387,3.113814370186774,0.01449172664433715,0.0001003553770715,4.7450280362681955e-07,0.00038953520357608746,3.113814370186774,PM2.5,Tốt,green
20251226_20,HN_NC,1.739682085435469,3.479364170870938,0.01534001436084505,0.0004331147356424,1.1143923984491268e-06,0.00045116581022739403,3.479364170870938,PM2.5,Tốt,green
20251226_21,HN_NC,1.7812939810956645,3.562587962191329,0.0153329940512776,0.0004721446020994,1.811118272598833e-06,0.000457056015729904,3.562587962191329,PM2.5,Tốt,green
20251226_22,HN_NC,2.0138140606792856,4.027628121358571,0.01525790151208635,0.0005462713888846,2.368739114899654e-06,0.00047191500663757303,4.027628121358571,PM2.5,Tốt,green
20251226_23,HN_NC,2.320515223096724,4.641030446193448,0.01500135380774735,0.0006085564382374,1.649740806897171e-06,0.0004880910739302635,4.641030446193448,PM2.5,Tốt,green
20251226_3,HN_NC,1.514821666908497,3.029643333816994,0.01462399214506145,0.00012294492626095,9.591525667929092e-07,0.00040149535983800854,3.029643333816994,PM2.5,Tốt,green
20251226_4,HN_NC,1.139136820223742,2.278273640447484,0.01479088235646485,0.00016301411960735,1.5494857507292182e-06,0.00042070802301168403,2.278273640447484,PM2.5,Tốt,green
20251226_5,HN_NC,0.9567547854631957,1.9135095709263914,0.0152963614091277,0.00016419203893745,2.660488826222718e-06,0.000432825945317745,1.9135095709263914,PM2.5,Tốt,green
20251226_6,HN_NC,0.869139317394904,1.738278634789808,0.0158933755010366,0.0001802246115403,5.0063139497069645e-06,0.0004413303732872005,1.738278634789808,PM2.5,Tốt,green
20251226_7,HN_NC,0.9916975470252961,1.9833950940505922,0.015906348824501,0.00026246297056785,8.676281868247316e-06,0.000460914261639118,1.9833950940505922,PM2.5,Tốt,green
20251226_8,HN_NC,1.2129947537467594,2.4259895074935187,0.01525651849806305,0.00043836320401165,1.1824585089925677e-05,0.0004959963262081145,2.4259895074935187,PM2.5,Tốt,green
20251226_9,HN_NC,1.4318905371740478,2.8637810743480956,0.01382052432745695,0.0008054659119807,1.7685696366243065e-05,0.0005680270120501515,2.8637810743480956,PM2.5,Tốt,green
20251227_0,HN_NC,1.3480454965971038,2.6960909931942076,0.01414208859205245,3.706628558575176e-05,7.482198270736262e-06,0.000378851257264614,2.6960909931942076,PM2.5,Tốt,green
20251227_1,HN_NC,1.158211869780106,2.316423739560212,0.01381119061261415,6.73662507324e-05,6.767337708879495e-07,0.0003812328726053235,2.316423739560212,PM2.5,Tốt,green
20251227_10,HN_NC,1.3924032582759276,2.784806516551855,0.0130079453811049,0.00128697953186925,9.198850602842868e-06,0.0005924900993704795,2.784806516551855,PM2.5,Tốt,green
20251227_11,HN_NC,1.6127395331204593,3.2254790662409185,0.01290213875472545,0.00120028131641445,9.140167094301432e-06,0.00058100052177906,3.2254790662409185,PM2.5,Tốt,green
20251227_12,HN_NC,1.5031812873369899,3.0063625746739797,0.01286050677299495,0.00108057109173385,6.232556188479066e-06,0.0005616834014654155,3.0063625746739797,PM2.5,Tốt,green
20251227_13,HN_NC,1.3444138401593917,2.6888276803187834,0.0130852600559592,0.00099407555535435,4.036918835481629e-06,0.00054663997143507,2.6888276803187834,PM2.5,Tốt,green
20251227_14,HN_NC,1.3840116781047267,2.7680233562094534,0.0135763622820377,0.00088185805361715,2.4164990463759753e-06,0.000533965229988098,2.7680233562094534,PM2.5,Tốt,green
20251227_15,HN_NC,1.561234966666416,3.122469933332832,0.01411552261561155,0.00075053551699965,1.4788716725888663e-06,0.0005160159990191459,3.122469933332832,PM2.5,Tốt,green
20251227_16,HN_NC,1.778993028278607,3.557986056557214,0.01447522081434725,0.0006382126593962,1.3217957530287095e-06,0.000498590767383575,3.557986056557214,PM2.5,Tốt,green
20251227_17,HN_NC,2.01278766796848,4.02557533593696,0.01404791604727505,0.00075955659849565,3.1482180929742757e-06,0.000521549731492996,4.02557533593696,PM2.5,Tốt,green
20251227_18,HN_NC,2.3212536806879753,4.642507361375951,0.0132205411791801,0.000993441673927,4.3279222154524176e-06,0.000568031296133995,4.642507361375951,PM2.5,Tốt,green
20251227_19,HN_NC,2.5533178165573194,5.106635633114639,0.01354796066880225,0.000826841162052,3.2268922950606794e-06,0.000542240850627422,5.106635633114639,PM2.5,Tốt,green
20251227_2,HN_NC,1.8142012486964354,3.628402497392871,0.01434906292706725,8.86842681211e-05,9.404002412338741e-07,0.0003878403827548025,3.628402497392871,PM2.5,Tốt,green
20251227_20,HN_NC,2.5090817873294537,5.0181635746589075,0.0137861631810665,0.00065794237889345,2.4813769414322453e-06,0.000506894439458847,5.0181635746589075,PM2.5,Tốt,green
20251227_21,HN_NC,2.873954016326839,5.747908032653678,0.01387265138328075,0.00059192575281485,2.6728281227406115e-06,0.0004871115833520885,5.747908032653678,PM2.5,Tốt,green
20251227_22,HN_NC,3.0256096331045597,6.051219266209119,0.0137085113674402,0.0006288743461482,4.784926932188683e-06,0.000490326881408691,6.051219266209119,PM2.5,Tốt,green
20251227_23,HN_NC,3.0470546903482143,6.094109380696429,0.01381870824843645,0.0005835042102262,3.891271626343951e-06,0.0004872109368443485,6.094109380696429,PM2.5,Tốt,green
20251227_3,HN_NC,2.076316750733698,4.152633501467396,0.01484321802854535,0.00012272618187125,2.2023863493814132e-06,0.00040072079747915246,4.152633501467396,PM2.5,Tốt,green
20251227_4,HN_NC,1.5361301467241093,3.0722602934482186,0.0151186706498265,0.0001597671944182,4.139176235185005e-06,0.0004197027534246445,3.0722602934482186,PM2.5,Tốt,green
20251227_5,HN_NC,1.1210133691701551,2.2420267383403103,0.0150689501315355,0.00021090733935125,6.170017877593637e-06,0.00043409127742052053,2.2420267383403103,PM2.5,Tốt,green
20251227_6,HN_NC,1.1027452938140385,2.205490587628077,0.01463519036769865,0.0003493913100101,9.189834236167373e-06,0.000457549579441547,2.205490587628077,PM2.5,Tốt,green
20251227_7,HN_NC,1.347722733559335,2.69544546711867,0.0139239132404327,0.00066394236637275,1.0337340063415469e-05,0.0005136089026927946,2.69544546711867,PM2.5,Tốt,green
20251227_8,HN_NC,1.538678462921627,3.077356925843254,0.0132702961564064,0.0010558220092207,1.0040261258836836e-05,0.00057072889059782,3.077356925843254,PM2.5,Tốt,green
20251227_9,HN_NC,1.5871620995366675,3.174324199073335,0.01310749538242815,0.00129230832681055,9.10961753106676e-06,0.0006006999313831325,3.174324199073335,PM2.5,Tốt,green
20251228_0,HN_NC,1.4358158952878364,2.8716317905756727,0.01390020456165075,4.4351323595037684e-05,1.4496354560833425e-05,0.00037836860865354507,2.8716317905756727,PM2.5,Tốt,green
20251228_1,HN_NC,1.3787146075159056,2.757429215031811,0.0132502531632781,5.82564753131e-05,4.850333789363505e-06,0.000379398763179779,2.757429215031811,PM2.5,Tốt,green
20251228_10,HN_NC,1.546228278862251,3.092456557724502,0.01503166556358335,0.0006608208059333,1.7001187370624393e-05,0.0005828602239489554,3.092456557724502,PM2.5,Tốt,green
20251228_11,HN_NC,1.903832552750323,3.807665105500646,0.01375310774892565,0.0010892283171415,2.5727882166393103e-05,0.000663408041000366,3.807665105500646,PM2.5,Tốt,green
20251228_12,HN_NC,2.2557190602224533,4.5114381204449066,0.0128912841901183,0.00114351185038685,1.8684333190321924e-05,0.0006636156886816025,4.5114381204449066,PM2.5,Tốt,green
20251228_13,HN_NC,2.502223019707625,5.00444603941525,0.01281983871012925,0.00089660380035635,4.551839083433151e-06,0.0005850666761398315,5.00444603941525,PM2.5,Tốt,green
20251228_14,HN_NC,2.617358582185738,5.234717164371476,0.01282507088035345,0.00070873828371985,2.4536273485864515e-06,0.000531000457704067,5.234717164371476,PM2.5,Tốt,green
20251228_15,HN_NC,2.564996887796237,5.129993775592474,0.0130385002121329,0.00057035329518835,2.5722387363202873e-06,0.0004946286603808401,5.129993775592474,PM2.5,Tốt,green
20251228_16,HN_NC,2.5180122024992593,5.0360244049985186,0.0129670053720474,0.00053652864880855,3.29758258885704e-06,0.0004816097766160965,5.0360244049985186,PM2.5,Tốt,green
20251228_17,HN_NC,2.4547471335228255,4.909494267045651,0.0127231003716588,0.00053479225607585,4.36428417742718e-06,0.00047966454178094853,4.909494267045651,PM2.5,Tốt,green
20251228_18,HN_NC,2.4095360540790582,4.8190721081581165,0.01232719421386715,0.00058641750365495,4.287890988052823e-06,0.0004865353554487225,4.8190721081581165,PM2.5,Tốt,green
20251228_19,HN_NC,2.36966302706354,4.73932605412708,0.0120074329897761,0.00064150727121155,3.4820059227058664e-06,0.000494035147130489,4.73932605412708,PM2.5,Tốt,green
20251228_2,HN_NC,1.836839935980437,3.673679871960874,0.01357648521661755,7.18924711691e-05,2.596404192445334e-06,0.000386594757437706,3.673679871960874,PM2.5,Tốt,green
20251228_20,HN_NC,2.1287949247674627,4.257589849534925,0.01196081843227145,0.00063065922586245,2.650066562637221e-06,0.0004905952513217925,4.257589849534925,PM2.5,Tốt,green
20251228_21,HN_NC,2.2397268879253494,4.479453775850699,0.0119324494153261,0.0006180595955811,2.748414226516616e-06,0.0004875479266047475,4.479453775850699,PM2.5,Tốt,green
20251228_22,HN_NC,2.3082328182728156,4.616465636545631,0.0118364235386252,0.0006404343876056,2.935707561846357e-06,0.0004959711804986,4.616465636545631,PM2.5,Tốt,green
20251228_23,HN_NC,2.297993242638743,4.595986485277486,0.01175759267061945,0.00060207495698705,2.8314605515333826e-06,0.0004888370633125306,4.595986485277486,PM2.5,Tốt,green
20251228_3,HN_NC,1.7562622599549347,3.5125245199098694,0.0141967590898275,8.28393967822e-05,3.0270031857071446e-06,0.00039665378630161254,3.5125245199098694,PM2.5,Tốt,green
20251228_4,HN_NC,1.4904344891744947,2.9808689783489895,0.0149836530908942,0.0001085354888346,4.641112900571898e-06,0.000419793352484703,2.9808689783489895,PM2.5,Tốt,green
20251228_5,HN_NC,1.4326594751542014,2.865318950308403,0.0162851549685001,0.00013526377733795,6.920063606230542e-06,0.0004512977227568625,2.865318950308403,PM2.5,Tốt,green
20251228_6,HN_NC,1.4560294008267216,2.912058801653443,0.0170912705361843,0.0001657423272263,9.243006206816065e-06,0.000478534027934074,2.912058801653443,PM2.5,Tốt,green
20251228_7,HN_NC,1.4620943287130719,2.9241886574261438,0.0170823074877262,0.00021287030540405,1.0992379975505175e-05,0.0005072489380836485,2.9241886574261438,PM2.5,Tốt,green
20251228_8,HN_NC,1.378113847244443,2.756227694488886,0.01671796478331085,0.00026267702924085,1.2584819342009724e-05,0.0005217496678233145,2.756227694488886,PM2.5,Tốt,green
20251228_9,HN_NC,1.3929570560192377,2.7859141120384754,0.0162689983844757,0.00037639003130605,1.3109543942846358e-05,0.0005414457246661184,2.7859141120384754,PM2.5,Tốt,green
20251229_0,HN_NC,1.339036032137528,2.678072064275056,0.0136620458215475,5.56122031412e-05,1.6916087770368903e-05,0.00037818275392055497,2.678072064275056,PM2.5,Tốt,green
20251229_1,HN_NC,1.3116620752902433,2.6233241505804865,0.01292910333722825,6.00521379965e-05,8.96814453881234e-06,0.000375915206968784,2.6233241505804865,PM2.5,Tốt,green
20251229_10,HN_NC,2.0996651892260316,4.199330378452063,0.01639275811612605,0.00078932376345615,3.191382566001266e-05,0.0006069510057568551,4.199330378452063,PM2.5,Tốt,green
20251229_11,HN_NC,2.817219013870854,5.634438027741708,0.01496131904423235,0.00102221453562375,3.7124330992810436e-05,0.0006434272229671476,5.634438027741708,PM2.5,Tốt,green
20251229_12,HN_NC,3.5963106931493103,7.192621386298621,0.01353268604725595,0.0013034817529842,4.8710094415560005e-05,0.000689987912774086,7.192621386298621,PM2.5,Tốt,green
20251229_13,HN_NC,4.483088374720097,8.966176749440194,0.0123175326734781,0.00161254336126145,7.019199547356001e-05,0.000758838057518005,8.966176749440194,PM2.5,Tốt,green
20251229_14,HN_NC,5.499893454026536,10.999786908053071,0.0117538571357727,0.00149124150630085,3.7784044980071496e-05,0.0007534237951040265,10.999786908053071,PM2.5,Tốt,green
20251229_15,HN_NC,6.0174995536769265,12.034999107353853,0.01200448628515005,0.0011708771344274,1.462171640014276e-05,0.0006869243085384364,12.034999107353853,PM2.5,Tốt,green
20251229_16,HN_NC,6.12914144081656,12.25828288163312,0.0122366016730666,0.00100993667729195,1.1707539670169353e-05,0.0006552638113498685,12.25828288163312,PM2.5,Tốt,green
20251229_17,HN_NC,6.1176993351425155,12.235398670285031,0.0126183424144983,0.0008518035756424,1.0535988258197905e-05,0.000649599581956863,12.235398670285031,PM2.5,Tốt,green
20251229_18,HN_NC,5.9009934300468085,11.801986860093617,0.0129267098382115,0.00071142375236375,8.455645001959056e-06,0.0006183738261461255,11.801986860093617,PM2.5,Tốt,green
20251229_19,HN_NC,5.162441785897382,10.324883571794764,0.012970102019608,0.00056251877686005,9.081088501261548e-06,0.00055230438709259,10.324883571794764,PM2.5,Tốt,green
20251229_2,HN_NC,3.2306842562916516,6.461368512583303,0.0130412299185991,6.69030268909e-05,4.477539914660156e-06,0.00038157112896442403,6.461368512583303,PM2.5,Tốt,green
20251229_20,HN_NC,3.275828943147764,6.551657886295528,0.0126727223396301,0.0004693213559221,9.316011710325257e-06,0.000494120121002197,6.551657886295528,PM2.5,Tốt,green
20251229_21,HN_NC,2.941209346529037,5.882418693058074,0.01252394448965785,0.00043691624887285,1.1150140926474707e-05,0.000461327917873859,5.882418693058074,PM2.5,Tốt,green
20251229_22,HN_NC,2.566621834308964,5.133243668617928,0.0125414757058024,0.0004493438755162,1.8919099238701166e-05,0.00044782221317291255,5.133243668617928,PM2.5,Tốt,green
20251229_23,HN_NC,2.5361176829635004,5.072235365927001,0.01261492073535915,0.000487009761855,2.0127235620748253e-05,0.00044990029186010345,5.072235365927001,PM2.5,Tốt,green
20251229_3,HN_NC,1.8995040700258061,3.7990081400516122,0.0137248849496245,8.24417074909e-05,4.605052527040244e-06,0.0003945855796337125,3.7990081400516122,PM2.5,Tốt,green
20251229_4,HN_NC,1.5674369646661592,3.1348739293323185,0.0148023627698421,0.0001010302803479,8.910634642234072e-06,0.00040992923080921154,3.1348739293323185,PM2.5,Tốt,green
20251229_5,HN_NC,1.390821256509485,2.78164251301897,0.0158463381230831,0.00012562258052635,2.0154123194515706e-05,0.0004312526434659955,2.78164251301897,PM2.5,Tốt,green
20251229_6,HN_NC,1.3221997561472238,2.6443995122944477,0.01701156981289385,0.0001576434151502,3.693225444294512e-05,0.00046355016529560047,2.6443995122944477,PM2.5,Tốt,green
20251229_7,HN_NC,1.4389958034650456,2.8779916069300913,0.0182823073118925,0.0002031839394476,4.1267249616760004e-05,0.0005003605782985686,2.8779916069300913,PM2.5,Tốt,green
20251229_8,HN_NC,1.8368724137144357,3.6737448274288713,0.01889796182513235,0.00029425683896985,2.9129901668056847e-05,0.000539513453841209,3.6737448274288713,PM2.5,Tốt,green
20251229_9,HN_NC,2.2429695900834377,4.485939180166875,0.0180902313441038,0.0004893391742371,2.4636954185552896e-05,0.000578152425587177,4.485939180166875,PM2.5,Tốt,green
20251230_0,HN_NC,1.750337376146235,3.50067475229247,0.01362400501966475,5.550267087525e-05,1.7161839059554042e-05,0.000378541499376297,3.50067475229247,PM2.5,Tốt,green
20251230_1,HN_NC,1.4994816760877112,2.9989633521754224,0.01290320605039595,5.866221545145e-05,9.944906196324155e-06,0.00037722505629062653,2.9989633521754224,PM2.5,Tốt,green
20251230_10,HN_NC,1.8906195513058057,3.7812391026116114,0.0149004515260458,0.00093504739925265,3.661672817543149e-05,0.0006330860406160354,3.7812391026116114,PM2.5,Tốt,green
20251230_11,HN_NC,2.322542040281098,4.645084080562196,0.0133487833663821,0.0013555432669818,6.848752964284e-05,0.0006821021437644954,4.645084080562196,PM2.5,Tốt,green
20251230_12,HN_NC,3.178417237949022,6.356834475898044,0.0127877881750464,0.0013646278530359,4.0022871689840004e-05,0.0006573554128408431,6.356834475898044,PM2.5,Tốt,green
20251230_13,HN_NC,3.5055083620970358,7.0110167241940715,0.01281676441431045,0.0009948801016435,5.833542309119367e-06,0.0005741984024643896,7.0110167241940715,PM2.5,Tốt,green
20251230_14,HN_NC,2.9234328217849916,5.846865643569983,0.0128807108849287,0.0006912437966093,5.000035889679567e-06,0.000507029071450233,5.846865643569983,PM2.5,Tốt,green
20251230_15,HN_NC,2.421062176451724,4.842124352903448,0.01289293356239795,0.000550277356524,5.195203266339376e-06,0.000469170436263084,4.842124352903448,PM2.5,Tốt,green
20251230_16,HN_NC,2.2415355870138596,4.483071174027719,0.0127273304387927,0.0005392690072767,5.54239159100689e-06,0.000463658571243286,4.483071174027719,PM2.5,Tốt,green
20251230_17,HN_NC,2.269074218526428,4.538148437052856,0.0124461706727743,0.00055625510867685,6.471823144238443e-06,0.000467379093170166,4.538148437052856,PM2.5,Tốt,green
20251230_18,HN_NC,2.287297449007139,4.574594898014278,0.0122060319408774,0.00053944927640255,6.653890886809677e-06,0.000463113784790039,4.574594898014278,PM2.5,Tốt,green
20251230_19,HN_NC,2.2317201044387724,4.463440208877545,0.0119914524257183,0.0005275954608805,6.825110176578164e-06,0.000453844480216503,4.463440208877545,PM2.5,Tốt,green
20251230_2,HN_NC,1.7589049478153607,3.5178098956307213,0.01330191176384685,6.596110324605e-05,2.8399643269949595e-06,0.00038436569273471796,3.5178098956307213,PM2.5,Tốt,green
20251230_20,HN_NC,1.825803050191411,3.651606100382822,0.0119140176102519,0.00047427281970155,7.068448758218438e-06,0.000438308902084827,3.651606100382822,PM2.5,Tốt,green
20251230_21,HN_NC,1.7034538372677908,3.4069076745355815,0.011793271638453,0.0004501011862885,1.1818864732049408e-05,0.00042692061513662297,3.4069076745355815,PM2.5,Tốt,green
20251230_22,HN_NC,1.5686304605924166,3.1372609211848332,0.0117886113002896,0.0004470286366995,1.0167783329961823e-05,0.000419311188161373,3.1372609211848332,PM2.5,Tốt,green
20251230_23,HN_NC,1.550962433273539,3.101924866547078,0.01198431383818385,0.0004126275889575,5.420030356617646e-06,0.00041452437639236453,3.101924866547078,PM2.5,Tốt,green
20251230_3,HN_NC,1.3669421296476774,2.7338842592953547,0.0140341371297836,8.183234604075e-05,5.005658022128046e-06,0.0003962792456150055,2.7338842592953547,PM2.5,Tốt,green
20251230_4,HN_NC,1.22215358652038,2.44430717304076,0.01489822193980215,0.0001025108504109,1.087818673113361e-05,0.00041137382388114905,2.44430717304076,PM2.5,Tốt,green
20251230_5,HN_NC,1.2540228802933653,2.5080457605867306,0.0160676427185535,0.00013130856677885,1.4185745385475457e-05,0.00043876931071281397,2.5080457605867306,PM2.5,Tốt,green
20251230_6,HN_NC,1.609319228392381,3.218638456784762,0.0174741148948669,0.0001732522214297,1.099944638554007e-05,0.0004805819690227505,3.218638456784762,PM2.5,Tốt,green
20251230_7,HN_NC,1.9376054767869477,3.8752109535738954,0.0183794945478439,0.00021610542898995,1.3333981041796506e-05,0.000513852760195732,3.8752109535738954,PM2.5,Tốt,green
20251230_8,HN_NC,2.111246143592583,4.222492287185166,0.01833731494843955,0.00030087825143705,1.67750142281875e-05,0.000542301908135414,4.222492287185166,PM2.5,Tốt,green
20251230_9,HN_NC,2.211403691200983,4.422807382401966,0.0169386267662048,0.00054864730918775,2.2130410070531073e-05,0.000588705688714981,4.422807382401966,PM2.5,Tốt,green
20251231_0,HN_NC,1.7343183523860461,3.4686367047720923,0.0136275580152869,5.6783475884e-05,1.7624167958274485e-05,0.0003776069730520245,3.4686367047720923,PM2.5,Tốt,green
20251231_1,HN_NC,1.4810835426689213,2.9621670853378426,0.0128179099410772,6.222409865585e-05,1.2712643365375699e-05,0.000375900976359844,2.9621670853378426,PM2.5,Tốt,green
20251231_10,HN_NC,2.4584165344890367,4.9168330689780735,0.01635283604264255,0.00096041499637065,4.6753667993440006e-05,0.000645921155810356,4.9168330689780735,PM2.5,Tốt,green
20251231_11,HN_NC,3.04157835121411,6.08315670242822,0.01424924843013285,0.00142196449451145,9.120120084844001e-05,0.0007343593239784239,6.08315670242822,PM2.5,Tốt,green
20251231_12,HN_NC,3.388230925427252,6.776461850854504,0.0129938647150993,0.0015822302084416,9.046366903928001e-05,0.000763716399669647,6.776461850854504,PM2.5,Tốt,green
20251231_13,HN_NC,3.814720576994294,7.629441153988588,0.0123545303940773,0.00154475425370035,5.061521078456e-05,0.0007368534058332441,7.629441153988588,PM2.5,Tốt,green
20251231_14,HN_NC,4.0955013691724,8.1910027383448,0.01202126685529945,0.0012693784665316,3.406040195841342e-05,0.0006751101464033126,8.1910027383448,PM2.5,Tốt,green
20251231_15,HN_NC,4.364889188127203,8.729778376254407,0.0117318285629153,0.00100620253942905,1.4150537026580423e-05,0.000619523413479328,8.729778376254407,PM2.5,Tốt,green
20251231_16,HN_NC,4.726018861623911,9.452037723247821,0.0110828801989555,0.00102574785705655,1.4434389595407994e-05,0.000611301027238369,9.452037723247821,PM2.5,Tốt,green
20251231_17,HN_NC,5.2430186025388945,10.486037205077789,0.0104861874133348,0.00109033042099325,1.866013772087172e-05,0.0006361160427331925,10.486037205077789,PM2.5,Tốt,green
20251231_18,HN_NC,5.823888855073624,11.647777710147247,0.0103376023471355,0.00106208072975275,1.784692576620728e-05,0.00066761702299118,11.647777710147247,PM2.5,Tốt,green
20251231_19,HN_NC,6.467601931342566,12.935203862685132,0.0102352453395724,0.00111291860230265,1.595668727532029e-05,0.000688335448503494,12.935203862685132,PM2.5,Tốt,green
20251231_2,HN_NC,3.867690139084654,7.735380278169308,0.013056943193078,7.05083366483e-05,7.527756679337472e-06,0.00038245480507612204,7.735380278169308,PM2.5,Tốt,green
20251231_20,HN_NC,5.740086784467592,11.480173568935184,0.0101514114066958,0.0011249374365434,1.6898139438126237e-05,0.0006876052170991895,11.480173568935184,PM2.5,Tốt,green
20251231_21,HN_NC,6.558857906898154,13.117715813796307,0.01040916983038185,0.0009641425567679,1.9595336925704033e-05,0.000658704936504364,13.117715813796307,PM2.5,Tốt,green
20251231_22,HN_NC,6.529017677994147,13.058035355988293,0.0106903538107872,0.00082890287740155,1.9450392574071885e-05,0.0006172707676887511,13.058035355988293,PM2.5,Tốt,green
20251231_23,HN_NC,5.858866958361988,11.717733916723976,0.01090801414102315,0.0007338132127188,1.5820628323126585e-05,0.0005704660341143606,11.717733916723976,PM2.5,Tốt,green
20251231_3,HN_NC,3.552836133679773,7.105672267359546,0.01368463598191735,8.691532275405e-05,7.813595584593714e-06,0.000395189672708511,7.105672267359546,PM2.5,Tốt,green
20251231_4,HN_NC,2.359654162596725,4.71930832519345,0.01451101806014775,0.00010516714246475,1.2273268657736482e-05,0.000410502664744854,4.71930832519345,PM2.5,Tốt,green
20251231_5,HN_NC,1.7326506272340432,3.4653012544680863,0.0154822319746017,0.0001293699024245,2.1458393894135953e-05,0.000430725924670696,3.4653012544680863,PM2.5,Tốt,green
20251231_6,HN_NC,1.432968852866409,2.865937705732818,0.01659920811653135,0.0001623975986149,3.786275337915867e-05,0.0004599413275718685,2.865937705732818,PM2.5,Tốt,green
20251231_7,HN_NC,1.3311805729755406,2.662361145951081,0.01790098845958705,0.0002141589502571,7.051198626868e-05,0.000501410216093063,2.662361145951081,PM2.5,Tốt,green
20251231_8,HN_NC,1.4631221179705982,2.9262442359411964,0.01887677423655985,0.00029322833870535,9.223121451212e-05,0.000541214719414711,2.9262442359411964,PM2.5,Tốt,green
20251231_9,HN_NC,2.1260711099929717,4.252142219985943,0.0186050496995449,0.000501113361679,6.213405868036001e-05,0.0005847391113638875,4.252142219985943,PM2.5,Tốt,green
20251225_0,HN_GP,1.2279921770095823,2.4559843540191646,0.0139864981174469,3.87042346119415e-05,1.3866146036889405e-05,0.000379183404147625,2.4559843540191646,PM2.5,Tốt,green
20251225_1,HN_GP,1.1301754713058472,2.2603509426116943,0.01393279340118165,4.951508526573889e-05,7.324835223698756e-07,0.00038251437246799447,2.2603509426116943,PM2.5,Tốt,green
20251225_10,HN_GP,0.850470061340519,1.700940122681038,0.01409436762332915,0.0004964409745298,6.555286381626502e-06,0.00046536553651094404,1.700940122681038,PM2.5,Tốt,green
20251225_11,HN_GP,0.8304890281237997,1.6609780562475993,0.0145166292786598,0.0004411745467223,4.544411422102712e-06,0.0004459569603204725,1.6609780562475993,PM2.5,Tốt,green
20251225_12,HN_GP,0.9643799133325943,1.9287598266651886,0.0159120578318834,0.00039687028038315,2.5333076337119566e-06,0.0004319602251052855,1.9287598266651886,PM2.5,Tốt,green
20251225_13,HN_GP,1.2824643206974817,2.5649286413949635,0.01641413569450375,0.00035033663152715,1.46182173921261e-06,0.000420643016695976,2.5649286413949635,PM2.5,Tốt,green
20251225_14,HN_GP,1.5610259226926666,3.122051845385333,0.0164709649980068,0.0003402335278224,1.4090062904870138e-06,0.0004162721335887905,3.122051845385333,PM2.5,Tốt,green
20251225_15,HN_GP,1.7565082713669422,3.5130165427338844,0.0164396911859512,0.00035452045267445,1.6797130228951573e-06,0.000417296104133129,3.5130165427338844,PM2.5,Tốt,green
20251225_16,HN_GP,1.9958650218997216,3.991730043799443,0.0163227468729019,0.00038684101309625,2.428099105600268e-06,0.00042192116379737845,3.991730043799443,PM2.5,Tốt,green
20251225_17,HN_GP,2.3558013729335974,4.711602745867195,0.01594257727265355,0.0004786145291291,4.1844839870464055e-06,0.00043111570179462397,4.711602745867195,PM2.5,Tốt,green
20251225_18,HN_GP,3.107746015424314,6.215492030848628,0.0156823322176933,0.0005863175028935,3.7626257835654544e-06,0.00044007502496242503,6.215492030848628,PM2.5,Tốt,green
20251225_19,HN_GP,3.6967572973470255,7.393514594694051,0.0150582855567336,0.0007203129935078,2.229000529041514e-06,0.000449032038450241,7.393514594694051,PM2.5,Tốt,green
20251225_2,HN_GP,2.2204380253441314,4.440876050688263,0.01439889706671235,7.85554075264e-05,1.4055941392143723e-06,0.00038981165736913655,4.440876050688263,PM2.5,Tốt,green
20251225_20,HN_GP,3.4224868393643,6.8449736787286,0.01285960897803305,0.0010343986796215,2.9303863993845883e-05,0.0004550076276063915,6.8449736787286,PM2.5,Tốt,green
20251225_21,HN_GP,4.472858134032169,8.945716268064338,0.01054668240249155,0.0014343657530844,0.00034252488985656005,0.0004608891904354095,8.945716268064338,PM2.5,Tốt,green
20251225_22,HN_GP,5.058672886249929,10.117345772499858,0.0097058359533548,0.0015723654069006,0.0007909093052148801,0.00046725779771804803,10.117345772499858,PM2.5,Tốt,green
20251225_23,HN_GP,5.214887707457583,10.429775414915166,0.0090621020644903,0.0016852633561939,0.00080386754125356,0.0004767021164298055,10.429775414915166,PM2.5,Tốt,green
20251225_3,HN_GP,2.928189671374357,5.856379342748714,0.0147634586319327,0.00010510318679735,2.8318723707343453e-06,0.0004020582139492035,5.856379342748714,PM2.5,Tốt,green
20251225_4,HN_GP,1.8543103673664787,3.7086207347329574,0.01504063140600915,0.00013376869901545,5.065725054009818e-06,0.00041966646909713697,3.7086207347329574,PM2.5,Tốt,green
20251225_5,HN_GP,1.2365132190951207,2.4730264381902414,0.0151455923914909,0.000160654715728,6.53825918561779e-06,0.0004341986030340195,2.4730264381902414,PM2.5,Tốt,green
20251225_6,HN_GP,0.8450501745291537,1.6901003490583073,0.01507484354078765,0.00022726241149935,8.594983228249475e-06,0.00045580118894577,1.6901003490583073,PM2.5,Tốt,green
20251225_7,HN_GP,0.6959528162074758,1.3919056324149517,0.0149914715439081,0.0003232430608477,9.600575867807493e-06,0.00047180809080600697,1.3919056324149517,PM2.5,Tốt,green
20251225_8,HN_GP,0.625472715136769,1.250945430273538,0.0149793205782771,0.00038472135202025,8.320277993334458e-06,0.000473058000206947,1.250945430273538,PM2.5,Tốt,green
20251225_9,HN_GP,0.5909997238926544,1.1819994477853089,0.0146347330883145,0.0004722829617094,7.971550076035783e-06,0.000476788431406021,1.1819994477853089,PM2.5,Tốt,green
20251226_0,HN_GP,0.9205062890664125,1.841012578132825,0.01406267844140525,3.830369678325951e-05,1.2971551041118802e-05,0.000379078239202499,1.841012578132825,PM2.5,Tốt,green
20251226_1,HN_GP,1.0291237390958345,2.058247478191669,0.01374655496329065,5.321770004225e-05,8.309280929097441e-07,0.0003814126551151275,2.058247478191669,PM2.5,Tốt,green
20251226_10,HN_GP,1.208554153826647,2.417108307653294,0.0131516922265291,0.00110874196980145,2.261362533317879e-05,0.000616284795105457,2.417108307653294,PM2.5,Tốt,green
20251226_11,HN_GP,1.5847088931681035,3.169417786336207,0.0125426026061177,0.00120943167712535,1.8851242202799767e-05,0.0006065718457102775,3.169417786336207,PM2.5,Tốt,green
20251226_12,HN_GP,2.035315929970025,4.07063185994005,0.0125849861651659,0.00104290002491325,8.084726869128645e-06,0.0005590146407485005,4.07063185994005,PM2.5,Tốt,green
20251226_13,HN_GP,2.2951310738975748,4.5902621477951495,0.01262424327433105,0.0009062473545782,3.0150657039484943e-06,0.0005257121473550795,4.5902621477951495,PM2.5,Tốt,green
20251226_14,HN_GP,2.2503753391668764,4.500750678333753,0.012990309856832,0.0007191353361122,1.7373105947626756e-06,0.0004844893515110015,4.500750678333753,PM2.5,Tốt,green
20251226_15,HN_GP,2.0555444072454403,4.111088814490881,0.0135490959510207,0.00052366330055515,1.463002263335511e-06,0.000452025644481182,4.111088814490881,PM2.5,Tốt,green
20251226_16,HN_GP,1.868519492332752,3.737038984665504,0.01372817438095805,0.00045444999705065,2.152622255380266e-06,0.0004453153535723685,3.737038984665504,PM2.5,Tốt,green
20251226_17,HN_GP,1.9000128055812384,3.800025611162477,0.0135966362431645,0.0004879278130829,2.761505857051816e-06,0.00046424340456724156,3.800025611162477,PM2.5,Tốt,green
20251226_18,HN_GP,2.108342462101262,4.216684924202524,0.01368249673396345,0.0004967245040461,1.953380160557572e-06,0.0004727886989712715,4.216684924202524,PM2.5,Tốt,green
20251226_19,HN_GP,2.2077542477329426,4.415508495465885,0.0140680959448218,0.0004613344208337,1.4378502783074512e-06,0.00046266790479421605,4.415508495465885,PM2.5,Tốt,green
20251226_2,HN_GP,1.4914080797388731,2.9828161594777463,0.0142842102795839,8.24516973807e-05,1.376037016598275e-06,0.00038969367742538454,2.9828161594777463,PM2.5,Tốt,green
20251226_20,HN_GP,1.7336482722535094,3.4672965445070187,0.0145023465156555,0.0004342517349869,1.2946932656632273e-06,0.000455062426626682,3.4672965445070187,PM2.5,Tốt,green
20251226_21,HN_GP,1.7258715489262917,3.4517430978525834,0.0147407194599509,0.0004310884105507,1.4979562365624588e-06,0.0004547586664557455,3.4517430978525834,PM2.5,Tốt,green
20251226_22,HN_GP,1.8443073564978891,3.6886147129957783,0.0146350590512156,0.00045528571354225,1.8614224245538936e-06,0.00046413611620664595,3.6886147129957783,PM2.5,Tốt,green
20251226_23,HN_GP,2.0544341000008495,4.108868200001699,0.01463695522397755,0.00047879642806945,1.7177277186419816e-06,0.0004750387743115425,4.108868200001699,PM2.5,Tốt,green
20251226_3,HN_GP,1.345533673667209,2.691067347334418,0.0148738995194435,0.00011048842134185,2.9766461011604406e-06,0.0004054722562432285,2.691067347334418,PM2.5,Tốt,green
20251226_4,HN_GP,1.0295212512487895,2.059042502497579,0.0154312020167708,0.00014733274292665,5.020937169319951e-06,0.00043068278580904,2.059042502497579,PM2.5,Tốt,green
20251226_5,HN_GP,0.8952010195188325,1.790402039037665,0.01578554324805735,0.00018784070562105,7.504300447180868e-06,0.00045993372797966005,1.790402039037665,PM2.5,Tốt,green
20251226_6,HN_GP,0.7839977282161968,1.5679954564323937,0.01616575382649895,0.00022866623476145,1.043223892338574e-05,0.000490104816854,1.5679954564323937,PM2.5,Tốt,green
20251226_7,HN_GP,0.7504323557619647,1.5008647115239293,0.0165110323578119,0.00028044421924275,1.2523400073405355e-05,0.000515233390033245,1.5008647115239293,PM2.5,Tốt,green
20251226_8,HN_GP,0.8606860150929918,1.7213720301859836,0.01617982797324655,0.00037475139833985,1.4053986524231733e-05,0.0005324473977088925,1.7213720301859836,PM2.5,Tốt,green
20251226_9,HN_GP,1.049290335105598,2.098580670211196,0.0150678781792521,0.00063576392130925,1.7197476699948312e-05,0.000570930317044258,2.098580670211196,PM2.5,Tốt,green
20251227_0,HN_GP,1.161344030721429,2.322688061442858,0.013887015171349,4.2064461013069376e-05,1.1942481069127098e-05,0.00037964504212141005,2.322688061442858,PM2.5,Tốt,green
20251227_1,HN_GP,1.144042443705129,2.288084887410258,0.0135575449094176,5.03624869452e-05,1.2313934348640033e-06,0.000381100475788116,2.288084887410258,PM2.5,Tốt,green
20251227_10,HN_GP,1.1103019654678046,2.220603930935609,0.01272891741245985,0.00130863755475725,1.2547614460345358e-05,0.0006424239277839661,2.220603930935609,PM2.5,Tốt,green
20251227_11,HN_GP,1.1983473172554604,2.396694634510921,0.01269981823861595,0.00117482221685345,1.2266924022696914e-05,0.0006065329164266585,2.396694634510921,PM2.5,Tốt,green
20251227_12,HN_GP,1.2390338676025288,2.4780677352050575,0.0126720806583762,0.0010175164788961,8.515088120475412e-06,0.0005701600015163421,2.4780677352050575,PM2.5,Tốt,green
20251227_13,HN_GP,1.0841324394132688,2.1682648788265375,0.01272278279066085,0.00090024806559085,4.551560778054409e-06,0.0005418155714869495,2.1682648788265375,PM2.5,Tốt,green
20251227_14,HN_GP,1.0140883634504463,2.0281767269008926,0.01302828080952165,0.0008303825743496,2.965855310321786e-06,0.0005318408459424969,2.0281767269008926,PM2.5,Tốt,green
20251227_15,HN_GP,1.0754694296260894,2.1509388592521788,0.013440771959722,0.00068075174931435,2.47841944656102e-06,0.000516163036227226,2.1509388592521788,PM2.5,Tốt,green
20251227_16,HN_GP,1.2371783200700563,2.4743566401401127,0.01369212102144955,0.00056993844918905,2.710996704990976e-06,0.000501945279538631,2.4743566401401127,PM2.5,Tốt,green
20251227_17,HN_GP,1.3907719665733214,2.7815439331466427,0.0138133633881807,0.0005463249981403,3.920551534974947e-06,0.000499650090932846,2.7815439331466427,PM2.5,Tốt,green
20251227_18,HN_GP,1.7056779753739726,3.411355950747945,0.01337652560323475,0.000682147918269,4.350328163127414e-06,0.0005226265639066695,3.411355950747945,PM2.5,Tốt,green
20251227_19,HN_GP,2.0123281141777176,4.024656228355435,0.01307918690145015,0.0007779408479109,3.4687076549744237e-06,0.0005393796414136885,4.024656228355435,PM2.5,Tốt,green
20251227_2,HN_GP,1.4916313303550375,2.983262660710075,0.01394570525735615,7.26257349015e-05,1.5568190065096133e-06,0.00038898054510354946,2.983262660710075,PM2.5,Tốt,green
20251227_20,HN_GP,2.0410855976798743,4.082171195359749,0.0132691143080592,0.0006384680746123,2.4416676751570776e-06,0.0005156950652599335,4.082171195359749,PM2.5,Tốt,green
20251227_21,HN_GP,2.368842750271016,4.737685500542032,0.0133984051644802,0.00054413417819885,2.1316704078344627e-06,0.0004873760044574735,4.737685500542032,PM2.5,Tốt,green
20251227_22,HN_GP,2.493191665316385,4.98638333063277,0.0132324760779738,0.00053792347898705,2.845910603355151e-06,0.00048060424625873555,4.98638333063277,PM2.5,Tốt,green
20251227_23,HN_GP,2.4337847778357573,4.867569555671515,0.0130517929792404,0.00053521146764975,3.3144078770419583e-06,0.000481218472123146,4.867569555671515,PM2.5,Tốt,green
20251227_3,HN_GP,1.6958003799848358,3.3916007599696716,0.01474070735275745,0.00010079643834615,3.2227482734015213e-06,0.00040472354739904396,3.3916007599696716,PM2.5,Tốt,green
20251227_4,HN_GP,1.2600489260076166,2.5200978520152333,0.015402945689857,0.0001433135475963,5.401742600952276e-06,0.00043154131621122357,2.5200978520152333,PM2.5,Tốt,green
20251227_5,HN_GP,0.9761483423002474,1.9522966846004948,0.01569397933781145,0.00022304817684925,8.924611756810919e-06,0.0004697460308670995,1.9522966846004948,PM2.5,Tốt,green
20251227_6,HN_GP,0.7875000699244722,1.5750001398489444,0.01541444566100835,0.00030669980333185,1.2420547136571258e-05,0.000501812286674976,1.5750001398489444,PM2.5,Tốt,green
20251227_7,HN_GP,0.8122083052319631,1.6244166104639262,0.0150911323726177,0.0004195334331598,1.2330868048593403e-05,0.000538944602012634,1.6244166104639262,PM2.5,Tốt,green
20251227_8,HN_GP,0.8990600966417455,1.798120193283491,0.01415673829615115,0.0006607304094359,1.2199993943795563e-05,0.0005978761240839955,1.798120193283491,PM2.5,Tốt,green
20251227_9,HN_GP,0.9723195635064327,1.9446391270128653,0.01335911266505715,0.00102087471168485,1.3543886598199607e-05,0.000645289421081543,1.9446391270128653,PM2.5,Tốt,green
20251228_0,HN_GP,1.1021184331477052,2.2042368662954104,0.01376188453286885,4.756908310810104e-05,1.5803950373083352e-05,0.00037925921380519854,2.2042368662954104,PM2.5,Tốt,green
20251228_1,HN_GP,1.1766934042594082,2.3533868085188163,0.01314547937363385,5.341883661455e-05,8.128803892759607e-06,0.00037917073816061,2.3533868085188163,PM2.5,Tốt,green
20251228_10,HN_GP,1.2566081331180856,2.5132162662361712,0.0144995870068669,0.00083034840645265,2.9792785062454642e-05,0.000636230260133743,2.5132162662361712,PM2.5,Tốt,green
20251228_11,HN_GP,1.464090368832133,2.928180737664266,0.01345361955463885,0.001092039165087,3.431006334722042e-05,0.0006844966113567349,2.928180737664266,PM2.5,Tốt,green
20251228_12,HN_GP,1.6901593469146987,3.3803186938293974,0.01297255791723725,0.0010447197128087,2.5560727226547898e-05,0.000655131712555885,3.3803186938293974,PM2.5,Tốt,green
20251228_13,HN_GP,1.754407002681341,3.508814005362682,0.01265662815421815,0.0008289855904877,8.682318002684042e-06,0.000592135302722454,3.508814005362682,PM2.5,Tốt,green
20251228_14,HN_GP,1.8493713378760694,3.698742675752139,0.01252880599349735,0.0006559460307471,2.970148125314154e-06,0.0005381605029106141,3.698742675752139,PM2.5,Tốt,green
20251228_15,HN_GP,1.9748826538395678,3.9497653076791357,0.0125526329502463,0.0005914967623539,2.485731783963274e-06,0.000512161627411842,3.9497653076791357,PM2.5,Tốt,green
20251228_16,HN_GP,2.111625327761211,4.223250655522422,0.0126070724800229,0.00054650794481855,3.0148448786349036e-06,0.0004942956194281575,4.223250655522422,PM2.5,Tốt,green
20251228_17,HN_GP,2.3298326199307984,4.659665239861597,0.0124152489006519,0.0005483503337018,4.0923645428847525e-06,0.0004987914487719536,4.659665239861597,PM2.5,Tốt,green
20251228_18,HN_GP,2.5680217759804265,5.136043551960853,0.0120032653212547,0.0005948228645138,4.161040851613507e-06,0.0005117415264248845,5.136043551960853,PM2.5,Tốt,green
20251228_19,HN_GP,2.7248273859093914,5.449654771818783,0.0116234067827463,0.00064805633155625,3.3110332879005e-06,0.0005221987888216971,5.449654771818783,PM2.5,Tốt,green
20251228_2,HN_GP,2.0004664919460793,4.000932983892159,0.01327213551849125,6.627249240405e-05,3.820988786173984e-06,0.000385017432272434,4.000932983892159,PM2.5,Tốt,green
20251228_20,HN_GP,2.4104255496655047,4.820851099331009,0.01149588264524935,0.00068090762943025,2.7316096748108976e-06,0.0005266524106264111,4.820851099331009,PM2.5,Tốt,green
20251228_21,HN_GP,2.5802306678268936,5.160461335653787,0.01138519309461115,0.00070336734643205,2.7544494514586406e-06,0.000530049093067646,5.160461335653787,PM2.5,Tốt,green
20251228_22,HN_GP,2.596725919569805,5.19345183913961,0.0110886739566922,0.00072587479371575,2.9757802622043528e-06,0.000540519319474697,5.19345183913961,PM2.5,Tốt,green
20251228_23,HN_GP,2.534518745676211,5.069037491352422,0.01084455382078885,0.0006871600053273,2.805422445817385e-06,0.000533041842281818,5.069037491352422,PM2.5,Tốt,green
20251228_3,HN_GP,1.8850178951454395,3.770035790290879,0.0139113841578364,8.709841495145e-05,4.648945105145685e-06,0.0003992574289441105,3.770035790290879,PM2.5,Tốt,green
20251228_4,HN_GP,1.5213568041758367,3.0427136083516735,0.0146945286542177,0.0001109116419684,6.744090205756948e-06,0.000419010147452354,3.0427136083516735,PM2.5,Tốt,green
20251228_5,HN_GP,1.3346074681870084,2.6692149363740167,0.0156769827008247,0.00014761328930035,1.0459276381880045e-05,0.00045298218727111804,2.6692149363740167,PM2.5,Tốt,green
20251228_6,HN_GP,1.2685194391616244,2.5370388783232487,0.016883373260498,0.00019442992925175,1.486410474171862e-05,0.000494563840329647,2.5370388783232487,PM2.5,Tốt,green
20251228_7,HN_GP,1.2445168732723473,2.4890337465446946,0.017531294375658,0.0002493362408131,1.7834400932770225e-05,0.000530513301491737,2.4890337465446946,PM2.5,Tốt,green
20251228_8,HN_GP,1.207140604654948,2.414281209309896,0.01716177351772785,0.00032541263499295,1.974673796212301e-05,0.000555353946983814,2.414281209309896,PM2.5,Tốt,green
20251228_9,HN_GP,1.1893057727406167,2.3786115454812333,0.01623515039682385,0.00046572182327505,2.1979345183353872e-05,0.0005767297372221945,2.3786115454812333,PM2.5,Tốt,green
20251229_0,HN_GP,1.2176680772150248,2.4353361544300496,0.01346623338758945,5.653118932965e-05,1.7172325169667604e-05,0.0003786748275160785,2.4353361544300496,PM2.5,Tốt,green
20251229_1,HN_GP,1.2125366673801408,2.4250733347602815,0.01282013114541765,6.190947897265e-05,1.3804508489556612e-05,0.0003793051838874815,2.4250733347602815,PM2.5,Tốt,green
20251229_10,HN_GP,1.9091706341148442,3.8183412682296884,0.0166906230151653,0.00080215086927635,3.710229357238859e-05,0.00064842514693737,3.8183412682296884,PM2.5,Tốt,green
20251229_11,HN_GP,2.426820452425797,4.853640904851594,0.0155208548530936,0.0009984906064346,4.03393845772e-05,0.00066965639591217,4.853640904851594,PM2.5,Tốt,green
20251229_12,HN_GP,2.9839820091541,5.9679640183082,0.0146043840795755,0.00104400783311575,3.682998649310321e-05,0.0006680272519588471,5.9679640183082,PM2.5,Tốt,green
20251229_13,HN_GP,3.538565605463999,7.077131210927998,0.013468231074512,0.0010849887039512,3.226485277991742e-05,0.0006753867119550705,7.077131210927998,PM2.5,Tốt,green
20251229_14,HN_GP,4.0495479320577354,8.099095864115471,0.01251822151243685,0.0011056364746764,2.4382167612202463e-05,0.0006941253691911695,8.099095864115471,PM2.5,Tốt,green
20251229_15,HN_GP,4.396892016245477,8.793784032490954,0.01242654025554655,0.0009569633984938,1.0312581434845925e-05,0.000672279521822929,8.793784032490954,PM2.5,Tốt,green
20251229_16,HN_GP,4.599918655889229,9.199837311778458,0.01230345293879505,0.00085891113849355,8.899709791876376e-06,0.000655989497900009,9.199837311778458,PM2.5,Tốt,green
20251229_17,HN_GP,4.762120197427724,9.524240394855449,0.01228575874119995,0.00083229655865575,1.0456374002387748e-05,0.000656466409564018,9.524240394855449,PM2.5,Tốt,green
20251229_18,HN_GP,4.850756345127092,9.701512690254184,0.012252090498805,0.00077381246956065,9.288785804528743e-06,0.00063634380698204,9.701512690254184,PM2.5,Tốt,green
20251229_19,HN_GP,4.563512757700733,9.127025515401465,0.0122011350467801,0.0006385457818396,8.11440113466233e-06,0.000573400259017944,9.127025515401465,PM2.5,Tốt,green
20251229_2,HN_GP,2.886806489667322,5.773612979334644,0.0132000213488936,6.0657501308e-05,1.3754845713265241e-05,0.00038117334246635405,5.773612979334644,PM2.5,Tốt,green
20251229_20,HN_GP,3.0362452699151232,6.0724905398302464,0.01215056050568815,0.00049419159768145,8.320801862282679e-06,0.000500772967934608,6.0724905398302464,PM2.5,Tốt,green
20251229_21,HN_GP,2.712427644415216,5.424855288830432,0.0122149363160133,0.0004053936281707,8.516068191966042e-06,0.00045845683664083456,5.424855288830432,PM2.5,Tốt,green
20251229_22,HN_GP,2.3616337971809584,4.723267594361917,0.01236349809914825,0.0003768159949686,9.687815327197315e-06,0.0004422635957598685,4.723267594361917,PM2.5,Tốt,green
20251229_23,HN_GP,2.214662496336214,4.429324992672428,0.01245386153459545,0.00039348189602605,1.2531362881418319e-05,0.000441976487636566,4.429324992672428,PM2.5,Tốt,green
20251229_3,HN_GP,1.7128727132729704,3.425745426545941,0.01359128486365075,7.187743904065e-05,1.0055606253445148e-05,0.000388842262327671,3.425745426545941,PM2.5,Tốt,green
20251229_4,HN_GP,1.4635346624586316,2.9270693249172632,0.01427154056727885,8.87865608092e-05,7.994334737304596e-06,0.0004036395996809005,2.9270693249172632,PM2.5,Tốt,green
20251229_5,HN_GP,1.3282545442546243,2.6565090885092486,0.0152793927118182,0.0001142496112152,1.2006673932773994e-05,0.00042498543858528106,2.6565090885092486,PM2.5,Tốt,green
20251229_6,HN_GP,1.2592132411160313,2.5184264822320626,0.01629678718745705,0.0001500040234532,2.206629142165184e-05,0.000453655645251274,2.5184264822320626,PM2.5,Tốt,green
20251229_7,HN_GP,1.2480699023338755,2.496139804667751,0.01733801700174805,0.00019546164548955,3.524791391100735e-05,0.0004887118190526961,2.496139804667751,PM2.5,Tốt,green
20251229_8,HN_GP,1.4063491544152937,2.8126983088305875,0.0183310806751251,0.00027484825113785,3.835467505268752e-05,0.000533453822135925,2.8126983088305875,PM2.5,Tốt,green
20251229_9,HN_GP,1.814511630357549,3.629023260715098,0.0183736365288496,0.0004593050689436,3.502213803585619e-05,0.0005884458497166631,3.629023260715098,PM2.5,Tốt,green
20251230_0,HN_GP,1.5262538725930983,3.0525077451861966,0.01351500209420915,5.748349576605e-05,1.7108328756876292e-05,0.000378865972161293,3.0525077451861966,PM2.5,Tốt,green
20251230_1,HN_GP,1.364213478812659,2.728426957625318,0.01275473833084105,6.45207837806e-05,1.426198723493144e-05,0.00038011718541383703,2.728426957625318,PM2.5,Tốt,green
20251230_10,HN_GP,1.7048268084882328,3.4096536169764655,0.01533519104123115,0.000857402337715,3.23111453326419e-05,0.0006458549201488495,3.4096536169764655,PM2.5,Tốt,green
20251230_11,HN_GP,1.9032054216518868,3.8064108433037736,0.01401797123253345,0.0010757327545434,4.3296514195360004e-05,0.0006756550818681716,3.8064108433037736,PM2.5,Tốt,green
20251230_12,HN_GP,2.3796675484986825,4.759335096997365,0.0132492836564779,0.001093563856557,3.697187639772892e-05,0.0006497084349393845,4.759335096997365,PM2.5,Tốt,green
20251230_13,HN_GP,2.7325668055204826,5.465133611040965,0.0128945782780647,0.0008847555145621,1.0485213715583086e-05,0.0005939255654811856,5.465133611040965,PM2.5,Tốt,green
20251230_14,HN_GP,2.5527088055826077,5.105417611165215,0.0127702597528696,0.0007080807117745,4.91264945594594e-06,0.000529789850115776,5.105417611165215,PM2.5,Tốt,green
20251230_15,HN_GP,2.2779281716061455,4.555856343212291,0.01271901372820135,0.0005947409663349,4.864757647737861e-06,0.0004910603910684585,4.555856343212291,PM2.5,Tốt,green
20251230_16,HN_GP,2.214041514565511,4.428083029131022,0.01254901848733425,0.00055785092990845,5.347936894395389e-06,0.000480236820876598,4.428083029131022,PM2.5,Tốt,green
20251230_17,HN_GP,2.363906472710317,4.727812945420634,0.0121357887983322,0.0005765873356722,6.907503120601177e-06,0.00048477239906787853,4.727812945420634,PM2.5,Tốt,green
20251230_18,HN_GP,2.444238842974652,4.888477685949304,0.01194567419588565,0.00055025238543745,7.502745575038716e-06,0.0004763100668787955,4.888477685949304,PM2.5,Tốt,green
20251230_19,HN_GP,2.375531722657992,4.751063445315984,0.0118315443396568,0.00050482037477195,7.043427467579022e-06,0.000463075190782547,4.751063445315984,PM2.5,Tốt,green
20251230_2,HN_GP,1.8111038329109312,3.6222076658218625,0.01306926179677245,6.60395817249e-05,9.60107718128711e-06,0.0003849341347813605,3.6222076658218625,PM2.5,Tốt,green
20251230_20,HN_GP,1.928143000166058,3.856286000332116,0.01159314066171645,0.00046779963304285,7.062780059641228e-06,0.0004476743191480635,3.856286000332116,PM2.5,Tốt,green
20251230_21,HN_GP,1.814191997327793,3.628383994655586,0.01145299710333345,0.0004231123602949,9.234694880433381e-06,0.000429214909672737,3.628383994655586,PM2.5,Tốt,green
20251230_22,HN_GP,1.6317926879621978,3.2635853759243956,0.01141903083771465,0.0003966902440879,1.143016925198026e-05,0.00041710641235113104,3.2635853759243956,PM2.5,Tốt,green
20251230_23,HN_GP,1.55526429922735,3.1105285984547,0.01135505363345145,0.00038718810537825,9.685137774795295e-06,0.000412563718855381,3.1105285984547,PM2.5,Tốt,green
20251230_3,HN_GP,1.3968691730382823,2.7937383460765646,0.01364779006689785,8.449376036875e-05,5.864927879883908e-06,0.000397568643093109,2.7937383460765646,PM2.5,Tốt,green
20251230_4,HN_GP,1.264116283214136,2.528232566428272,0.014595964923501,0.0001072624872904,9.071904059965163e-06,0.000415794104337692,2.528232566428272,PM2.5,Tốt,green
20251230_5,HN_GP,1.1752013349125527,2.3504026698251055,0.01557428948581215,0.0001396361913066,1.5782342234160752e-05,0.00044191550463438,2.3504026698251055,PM2.5,Tốt,green
20251230_6,HN_GP,1.2464999636159857,2.4929999272319714,0.01672831922769545,0.000187608282431,1.7489380843471737e-05,0.0004799166321754455,2.4929999272319714,PM2.5,Tốt,green
20251230_7,HN_GP,1.52955700364305,3.0591140072861,0.01782325655221935,0.00024751818273215,1.7468495934735986e-05,0.0005232168361544605,3.0591140072861,PM2.5,Tốt,green
20251230_8,HN_GP,1.7802099873003652,3.5604199746007303,0.0182515326887369,0.00031266250880435,1.9817441352643075e-05,0.000550272092223167,3.5604199746007303,PM2.5,Tốt,green
20251230_9,HN_GP,1.9190359416729665,3.838071883345933,0.01745832711458205,0.0004815706051886,2.335976314498112e-05,0.0005832362174987791,3.838071883345933,PM2.5,Tốt,green
20251231_0,HN_GP,1.5896338117949222,3.1792676235898445,0.0135976281017065,5.596860864895e-05,2.1481301519088448e-05,0.0003782423585653305,3.1792676235898445,PM2.5,Tốt,green
20251231_1,HN_GP,1.4021672704943002,2.8043345409886005,0.01293915044516325,6.326708535195e-05,1.9576032354962083e-05,0.00037902191281318653,2.8043345409886005,PM2.5,Tốt,green
20251231_10,HN_GP,2.1239534626950274,4.247906925390055,0.01733162626624105,0.00076314364559945,6.369765615088e-05,0.0006411360949277875,4.247906925390055,PM2.5,Tốt,green
20251231_11,HN_GP,2.751625007936806,5.503250015873612,0.01526836585253475,0.0011542023858055,6.275924388316e-05,0.00071152463555336,5.503250015873612,PM2.5,Tốt,green
20251231_12,HN_GP,2.982148884591602,5.964297769183204,0.01343215908855195,0.0013122321106493,8.546428289264001e-05,0.0007322654128074645,5.964297769183204,PM2.5,Tốt,green
20251231_13,HN_GP,2.9655234823005685,5.931046964601137,0.01263374276459215,0.00116703181993215,5.4772797739120005e-05,0.0006748858094215391,5.931046964601137,PM2.5,Tốt,green
20251231_14,HN_GP,2.87672639096904,5.75345278193808,0.01229667756706475,0.0009583209757693,2.3478490766137843e-05,0.0006138389185070991,5.75345278193808,PM2.5,Tốt,green
20251231_15,HN_GP,2.8804030084202434,5.760806016840487,0.01179610844701525,0.00079955515684555,1.4184744213707746e-05,0.0005921456962823865,5.760806016840487,PM2.5,Tốt,green
20251231_16,HN_GP,3.1686445566906305,6.337289113381261,0.0111111607402563,0.0007990865851752,1.2316535867284984e-05,0.000600130558013916,6.337289113381261,PM2.5,Tốt,green
20251231_17,HN_GP,3.657635735592126,7.315271471184252,0.010649093426764,0.0008484399295412,1.5123996126931162e-05,0.000620170347392559,7.315271471184252,PM2.5,Tốt,green
20251231_18,HN_GP,4.142958382256011,8.285916764512022,0.010162403807044,0.0008594999089837,1.5732520841993393e-05,0.0006351125240325926,8.285916764512022,PM2.5,Tốt,green
20251231_19,HN_GP,4.644365184880584,9.288730369761169,0.0099341450259089,0.0008685006177984,1.4449030277319253e-05,0.0006481306254863735,9.288730369761169,PM2.5,Tốt,green
20251231_2,HN_GP,2.925986889255789,5.851973778511578,0.0132242068648338,6.30952272331e-05,1.7185238539241256e-05,0.0003812722116708755,5.851973778511578,PM2.5,Tốt,green
20251231_20,HN_GP,4.2623755842774775,8.524751168554955,0.0100268498063087,0.00088381144450975,1.3603617844637483e-05,0.0006553914397954939,8.524751168554955,PM2.5,Tốt,green
20251231_21,HN_GP,4.975051853974078,9.950103707948156,0.01016830932348965,0.0008484257268719,1.438801846234128e-05,0.0006434904783964154,9.950103707948156,PM2.5,Tốt,green
20251231_22,HN_GP,5.086387925561386,10.172775851122772,0.0101472847163677,0.00077901914482935,1.584642304806039e-05,0.0006162660941481591,10.172775851122772,PM2.5,Tốt,green
20251231_23,HN_GP,4.807540566929967,9.615081133859935,0.0099889263510704,0.00071142282104115,1.4327476674225182e-05,0.0005836394429206845,9.615081133859935,PM2.5,Tốt,green
20251231_3,HN_GP,3.0139359241876846,6.027871848375369,0.01352112181484695,7.63289572205e-05,1.3628354645334185e-05,0.000389004535973072,6.027871848375369,PM2.5,Tốt,green
20251231_4,HN_GP,2.1258000069922143,4.2516000139844285,0.01407895050942895,9.32543625822e-05,1.2310563761275262e-05,0.000404156111180782,4.2516000139844285,PM2.5,Tốt,green
20251231_5,HN_GP,1.6715110611711812,3.3430221223423624,0.01490671094506975,0.00011211096716575,1.4550916966982186e-05,0.0004234030842781065,3.3430221223423624,PM2.5,Tốt,green
20251231_6,HN_GP,1.4160558185880145,2.832111637176029,0.0158660728484392,0.0001430406264262,2.1152016415726393e-05,0.0004496191069483755,2.832111637176029,PM2.5,Tốt,green
20251231_7,HN_GP,1.2707372844728648,2.5414745689457297,0.0168052390217781,0.0001770021190168,3.3511570654809476e-05,0.000476516857743263,2.5414745689457297,PM2.5,Tốt,green
20251231_8,HN_GP,1.2305562149182927,2.4611124298365854,0.0177600588649511,0.00024060494615695,6.118163582868e-05,0.000511870719492435,2.4611124298365854,PM2.5,Tốt,green
20251231_9,HN_GP,1.4587552893001663,2.9175105786003326,0.01834724470973015,0.0004008651594631,8.27045063488e-05,0.0005697014555335045,2.9175105786003326,PM2.5,Tốt,green
