timestamp,STT,datetime_raw,vn_aqi,so2_obs,pm10_obs,pm25_obs,no2_obs,co_obs,Nhiệt độ(oC},NOx(µg/Nm3},SO2(µg/Nm3},O3(µg/Nm3},PM-10(µg/Nm3},PM-2-5(µg/Nm3},NO(µg/Nm3},NO2(µg/Nm3},CO(mg/Nm3},Áp suất khí quyển(hPa},InnerTemp(oC},Radiation(W/m2},Hướng gió(Degree},Tốc độ gió(m/s},EthylBenzen(ug/m3},Benzen(mg/Nm3},Độ ẩm(%},Styrene(µg/m3},Toluen(mg/Nm3},Hg(ng/m3},Butadiene(ppb},Acrylonitrile(ppb},m-p-Xylene(ppb},o-Xylene(ppb},Tetrachloroethene(ppb},station_id
2025-12-25 00:00:00,8516,00:00 25/12/2025,60,1,54,60,21,15,19.5417,72.0075,3.0533,15.1033,56.3925,24.6117,29.3442,42.6642,3087.03,1014.5283,28.3658,-1.265,143.8867,1.1825,0,0,72.04,0,0,0.0083,0,0,0,0,0,giai_phong
2025-12-25 01:00:00,8517,01:00 25/12/2025,52,1,52,45,21,15,19.1108,82.0625,3.335,22.0083,44.9558,15.4433,39.2783,42.7867,3087.03,1014.9142,26.74,-0.8775,59.2842,1.2,0,0,71.6583,0,0,0.0017,0,0,0,0,0,giai_phong
2025-12-25 02:00:00,8518,02:00 25/12/2025,39,1,39,32,22,15,18.7383,103.715,3.6508,20.0533,26.0092,9.2725,59.7583,43.9592,3087.03,1015.0108,26.5858,-1.0383,63.2642,1.2642,0,0,70.1383,0,0,0.0,0,0,0,0,0,giai_phong
2025-12-25 03:00:00,8519,03:00 25/12/2025,27,2,27,21,21,15,18.3883,149.7992,3.9942,29.3608,15.5667,5.0783,107.4975,42.3017,3087.03,1015.3008,26.6942,-0.8725,43.6642,1.6092,0,0,67.6425,0,0,0.0008,0,0,0,0,0,giai_phong
2025-12-25 04:00:00,8520,04:00 25/12/2025,22,1,22,14,21,15,18.2175,154.8158,3.3033,16.2275,17.0042,3.5608,112.3075,42.5092,3087.03,1015.5242,28.5333,-0.835,111.8033,1.5625,0,0,66.8883,0,0,0.0033,0,0,0,0,0,giai_phong
2025-12-25 05:00:00,8521,05:00 25/12/2025,20,1,20,17,20,15,18.1225,152.6883,3.7083,18.7292,18.8492,10.4675,112.6967,39.9917,3087.03,1016.1758,28.4558,-0.9483,73.2717,1.5017,0,0,61.0008,0,0,0.0017,0,0,0,0,0,giai_phong
2025-12-25 06:00:00,8522,06:00 25/12/2025,24,2,22,24,21,15,17.6467,224.9133,3.83,19.4783,23.3875,15.7292,183.1025,41.8125,3087.03,1016.9942,28.3983,-1.0583,81.255,1.5442,0,0,60.9217,0,0,0.0042,0,0,0,0,0,giai_phong
2025-12-25 07:00:00,8523,07:00 25/12/2025,24,2,21,24,20,15,17.3958,255.6458,4.1717,21.66,21.025,12.2417,216.0042,39.6425,3087.03,1018.345,26.8092,0.0133,131.4858,0.9742,0,0,60.1783,0,0,0.0017,0,0,0,0,0,giai_phong
2025-12-25 08:00:00,8524,08:00 25/12/2025,23,1,19,18,23,15,17.7608,199.475,3.6417,20.6058,17.2942,6.27,152.9392,46.5367,3087.03,1019.6292,26.6475,34.1375,107.6983,1.3892,0,0,52.225,0,0,0.0067,0,0,0,0,0,giai_phong
2025-12-25 09:00:00,8525,09:00 25/12/2025,24,2,21,14,24,15,18.1033,263.2292,3.8958,21.2633,22.4408,4.3275,215.4333,47.7967,3087.03,1020.6267,26.6567,133.9767,124.51,1.145,0,0,49.7058,0,0,0.0067,0,0,0,0,0,giai_phong
2025-12-25 10:00:00,8526,10:00 25/12/2025,24,2,24,13,22,15,18.1767,279.7508,3.7842,16.8642,26.94,5.8925,235.0667,44.6808,3087.03,1021.275,28.1192,160.975,134.97,1.4967,0,0,47.3325,0,0,0.0058,0,0,0,0,0,giai_phong
2025-12-25 11:00:00,8527,11:00 25/12/2025,30,2,30,19,23,15,18.7075,331.4158,4.2825,18.3808,36.2058,12.725,285.9558,45.4617,3087.03,1020.9867,28.0808,224.7517,180.6842,1.31,0,0,44.9933,0,0,0.0033,0,0,0,0,0,giai_phong
2025-12-25 12:00:00,8528,12:00 25/12/2025,33,2,33,26,24,15,19.2292,375.995,3.9983,17.0275,35.8358,16.905,328.2125,47.785,3087.03,1020.2408,27.6142,236.3575,173.4792,1.2933,0,0,42.695,0,0,0.0092,0,0,0,0,0,giai_phong
2025-12-25 13:00:00,8529,13:00 25/12/2025,35,2,35,29,26,15,19.5283,480.2017,4.3825,21.9708,37.1492,15.9225,428.5142,51.6892,3087.03,1019.0033,26.3875,179.4783,109.1,1.1158,0,0,42.6075,0,0,0.0067,0,0,0,0,0,giai_phong
2025-12-25 14:00:00,8530,14:00 25/12/2025,32,2,32,25,25,15,19.6433,175.18,4.1917,22.5292,29.2017,10.8142,124.2475,50.9325,3087.03,1018.3292,26.3408,138.5175,201.6867,1.2033,0,0,42.93,0,0,0.0017,0,0,0,0,0,giai_phong
2025-12-25 15:00:00,8531,15:00 25/12/2025,31,2,31,22,26,15,19.8758,187.8875,4.6925,22.5842,30.44,9.2558,136.0975,51.7908,3087.03,1017.6725,26.5167,184.5075,206.6633,0.7808,0,0,42.4192,0,0,0.0075,0,0,0,0,0,giai_phong
2025-12-25 16:00:00,8532,16:00 25/12/2025,33,2,33,21,26,15,20.0517,199.8442,3.985,18.8433,33.9533,10.0508,147.0292,52.8158,3087.03,1017.6825,27.5408,129.4742,195.68,1.0258,0,0,44.7042,0,0,0.0017,0,0,0,0,0,giai_phong
2025-12-25 17:00:00,8533,17:00 25/12/2025,38,2,38,27,27,15,19.74,197.2375,3.96,15.4008,42.7092,16.2775,144.0183,53.2192,3087.03,1018.1192,27.525,37.5817,203.8992,0.8317,0,0,46.1483,0,0,0.0017,0,0,0,0,0,giai_phong
2025-12-25 18:00:00,8534,18:00 25/12/2025,41,2,41,35,27,15,19.1983,163.3275,4.0,14.4717,45.275,21.7125,108.395,54.9317,3087.03,1018.5317,27.7758,0.1408,170.4842,0.5492,0,0,48.6008,0,0,0.0017,0,0,0,0,0,giai_phong
2025-12-25 19:00:00,8535,19:00 25/12/2025,47,2,47,43,29,15,18.7283,200.2308,4.065,16.9867,51.7975,25.035,141.4842,58.7475,3087.03,1019.1642,26.8867,-2.8742,115.5142,0.5458,0,0,51.3267,0,0,0.0033,0,0,0,0,0,giai_phong
2025-12-25 20:00:00,8536,20:00 25/12/2025,48,1,48,45,29,15,18.56,165.5375,3.6983,16.9292,50.1017,23.58,107.6058,57.9308,3087.03,1019.8658,26.7383,-2.0525,99.1208,0.5983,0,0,52.5467,0,0,0.0058,0,0,0,0,0,giai_phong
2025-12-25 21:00:00,8537,21:00 25/12/2025,49,2,49,46,27,15,18.4883,169.9275,4.3733,18.9875,49.1033,23.6042,115.8942,54.0333,3087.03,1020.2283,26.805,-1.4767,134.9783,0.6017,0,0,51.1008,0,0,0.0025,0,0,0,0,0,giai_phong
2025-12-25 22:00:00,8538,22:00 25/12/2025,49,2,47,49,25,15,18.1242,158.5075,4.3558,18.2292,45.8383,26.2283,109.1442,49.3625,3087.03,1020.7333,28.0975,-1.7175,103.0692,0.7875,0,0,50.7258,0,0,0.0067,0,0,0,0,0,giai_phong
2025-12-25 23:00:00,8539,23:00 25/12/2025,52,2,48,52,25,15,17.8992,154.21,4.06,17.7683,48.2883,27.6808,104.2392,49.9733,3087.03,1020.9425,27.9317,-1.54,203.7858,0.625,0,0,51.095,0,0,0.0083,0,0,0,0,0,giai_phong
2025-12-26 00:00:00,8540,00:00 26/12/2025,56,2,47,56,23,15,17.6525,120.4483,4.5117,18.1842,46.9308,30.0608,74.765,45.6858,3087.03,1020.9575,27.7475,-1.5458,54.5967,0.835,0,0,49.7492,0,0,0.01,0,0,0,0,0,giai_phong
2025-12-26 01:00:00,8541,01:00 26/12/2025,57,2,45,57,23,15,17.5,106.4083,4.7967,25.0275,42.025,28.88,61.1083,45.3,3087.03,1020.9042,26.7825,-1.4967,107.7058,0.9808,0,0,48.5133,0,0,0.0092,0,0,0,0,0,giai_phong
2025-12-26 02:00:00,8542,02:00 26/12/2025,49,2,40,49,22,15,17.175,89.1658,5.4358,29.1642,31.6408,20.7533,47.2892,43.4317,3087.03,1020.7208,26.7858,-1.7892,109.3725,0.9017,0,0,47.395,0,0,0.0125,0,0,0,0,0,giai_phong
2025-12-26 03:00:00,8543,03:00 26/12/2025,44,2,37,44,21,15,16.8783,36.3833,5.2358,30.1633,31.7742,18.9358,0.0,42.8658,3087.03,1020.4183,26.9825,-2.0283,112.7642,0.84,0,0,47.0817,0,0,0.0083,0,0,0,0,0,giai_phong
2025-12-26 04:00:00,8544,04:00 26/12/2025,39,2,34,39,21,15,16.3967,35.91,5.1742,28.4217,30.04,16.5108,0.0,42.7183,3087.03,1020.2833,28.0242,-2.0642,116.8242,0.6458,0,0,46.0433,0,0,0.0042,0,0,0,0,0,giai_phong
2025-12-26 05:00:00,8545,05:00 26/12/2025,39,2,32,39,22,15,16.1233,36.17,5.0358,26.135,30.5883,18.8358,0.0,43.0833,3087.03,1020.2717,27.6558,-1.8967,70.4425,1.0133,0,0,44.0333,0,0,0.0042,0,0,0,0,0,giai_phong
2025-12-26 06:00:00,8546,06:00 26/12/2025,37,2,34,37,22,15,15.8908,36.4992,4.8933,25.8392,36.8142,17.8258,0.0,43.1717,3087.03,1020.5942,27.4333,-2.0608,105.0825,0.8133,0,0,41.3125,0,0,0.0025,0,0,0,0,0,giai_phong
2025-12-26 07:00:00,8547,07:00 26/12/2025,37,2,37,36,23,15,15.6558,38.6475,5.5283,27.6092,42.1558,17.7808,0.0,45.1458,3087.03,1021.0083,26.3542,6.485,114.1008,0.7775,0,0,42.9592,0,0,0.0025,0,0,0,0,0,giai_phong
2025-12-26 08:00:00,8548,08:00 26/12/2025,41,2,41,38,24,15,15.7925,43.18,5.2383,24.7525,46.0392,19.78,0.0,48.635,3087.03,1021.8142,26.775,63.98,137.1875,0.9167,0,0,42.3658,0,0,0.0075,0,0,0,0,0,giai_phong
2025-12-26 09:00:00,8549,09:00 26/12/2025,45,2,45,41,25,15,16.5008,44.3217,5.2292,25.4533,50.3067,22.8517,0.0,49.455,3087.03,1022.3717,26.7992,133.03,100.7167,0.8642,0,0,41.53,0,0,0.0058,0,0,0,0,0,giai_phong
2025-12-26 10:00:00,8550,10:00 26/12/2025,49,2,49,46,26,15,17.6867,46.4575,4.5567,23.9767,53.8408,26.1108,0.0,51.2925,3087.03,1022.1708,27.7208,445.9308,170.265,0.8683,0,0,35.8017,0,0,0.0033,0,0,0,0,0,giai_phong
2025-12-26 11:00:00,8551,11:00 26/12/2025,52,2,51,52,26,15,18.5633,46.1992,5.39,28.9667,54.6408,29.1225,0.0,51.0767,3087.03,1021.3683,26.6867,655.7483,150.26,0.8008,0,0,32.5833,0,0,0.0092,0,0,0,0,0,giai_phong
2025-12-26 12:00:00,8552,12:00 26/12/2025,57,3,52,57,25,15,19.3542,44.3808,6.365,34.5283,54.6942,31.3675,0.0,49.3117,3087.03,1019.9417,26.4008,701.7333,110.9142,1.0325,0,0,30.3558,0,0,0.0092,0,0,0,0,0,giai_phong
2025-12-26 13:00:00,8553,13:00 26/12/2025,58,3,52,58,25,15,19.9158,44.045,6.4008,40.0983,54.2792,29.7592,0.0,49.2325,3087.03,1018.1258,25.17,662.2283,168.2275,0.8125,0,0,30.0875,0,0,0.005,0,0,0,0,0,giai_phong
2025-12-26 14:00:00,8554,14:00 26/12/2025,59,3,52,59,23,15,20.4692,41.21,7.0842,47.76,53.94,29.5633,0.0,46.56,3087.03,1016.8233,25.6975,549.9667,104.56,0.9117,0,0,29.1108,0,0,0.0008,0,0,0,0,0,giai_phong
2025-12-26 15:00:00,8555,15:00 26/12/2025,55,3,52,55,23,15,20.5825,40.5467,7.2667,50.1458,54.8975,25.945,0.0,46.3008,3087.03,1015.8308,26.5733,399.5242,80.8708,0.9533,0,0,29.4567,0,0,0.0008,0,0,0,0,0,giai_phong
2025-12-26 16:00:00,8556,16:00 26/12/2025,57,3,52,57,24,15,20.2267,41.805,7.4042,52.3683,55.7475,28.9217,0.0,47.8392,3087.03,1015.3167,27.3942,211.2392,68.0525,1.0008,0,0,30.1583,0,0,0.0008,0,0,0,0,0,giai_phong
2025-12-26 17:00:00,8557,17:00 26/12/2025,64,3,53,64,24,15,19.645,42.35,7.1167,49.635,56.86,35.565,0.0,48.3833,3087.03,1015.325,27.5375,51.3367,87.54,0.8742,0,0,32.5542,0,0,0.0017,0,0,0,0,0,giai_phong
2025-12-26 18:00:00,8558,18:00 26/12/2025,74,3,55,74,26,15,18.76,46.505,6.8833,40.0375,65.9217,42.4708,0.0,52.2333,3087.03,1015.8783,27.7667,-0.0283,78.78,0.6883,0,0,35.9742,0,0,0.0,0,0,0,0,0,giai_phong
2025-12-26 19:00:00,8559,19:00 26/12/2025,82,3,58,82,28,15,18.3017,50.26,6.705,35.8283,75.4392,44.8658,0.0,55.7517,3087.03,1016.5617,26.8608,-2.8092,60.2292,0.6017,0,0,37.5158,0,0,0.0092,0,0,0,0,0,giai_phong
2025-12-26 20:00:00,8560,20:00 26/12/2025,89,3,63,89,28,15,17.53,50.2458,6.6917,33.3583,89.1083,47.5383,0.0,55.5825,3087.03,1017.4342,26.89,-2.5417,102.0608,0.99,0,0,50.4908,0,0,0.0042,0,0,0,0,0,giai_phong
2025-12-26 21:00:00,8561,21:00 26/12/2025,93,3,67,93,25,15,16.8892,44.0067,6.4158,37.61,93.4692,48.9992,0.0,49.6458,3087.03,1018.0467,26.975,-2.1983,136.2808,1.1275,0,0,56.3542,0,0,0.0008,0,0,0,0,0,giai_phong
2025-12-26 22:00:00,8562,22:00 26/12/2025,91,2,67,91,25,15,16.7175,43.6125,6.1342,34.08,86.9275,44.6983,0.0,49.6717,3087.03,1018.255,28.0742,-2.54,134.5725,0.915,0,0,56.9442,0,0,0.0042,0,0,0,0,0,giai_phong
2025-12-26 23:00:00,8563,23:00 26/12/2025,91,2,67,91,24,15,16.5,41.7833,6.0108,34.2808,80.9642,45.9583,0.0,48.415,3087.03,1018.4417,27.7542,-2.6883,136.0167,0.79,0,0,58.2042,0,0,0.005,0,0,0,0,0,giai_phong
2025-12-27 00:00:00,8564,00:00 27/12/2025,89,2,66,89,25,15,16.1525,43.255,5.9267,29.5258,79.9742,42.7808,0.0,49.4825,3087.03,1018.7033,27.3333,-2.3525,145.0267,0.5183,0,0,59.8342,0,0,0.01,0,0,0,0,0,giai_phong
2025-12-27 01:00:00,8565,01:00 27/12/2025,88,2,65,88,25,15,16.2392,43.0742,5.975,32.0975,76.1858,43.4242,0.0,49.4758,3087.03,1018.6092,26.3433,-1.2375,134.4342,0.4742,0,0,58.3075,0,0,0.0033,0,0,0,0,0,giai_phong
2025-12-27 02:00:00,8566,02:00 27/12/2025,89,3,65,89,26,15,16.145,45.7508,7.0792,27.8408,80.3375,45.6408,0.0,51.8167,3087.03,1018.5292,26.8975,-1.2558,97.32,0.6633,0,0,58.4592,0,0,0.0,0,0,0,0,0,giai_phong
2025-12-27 03:00:00,8567,03:00 27/12/2025,96,3,67,96,30,15,15.9083,55.3658,7.1492,21.4983,92.0275,51.94,0.0,59.88,3087.03,1018.28,27.0342,-1.225,80.9008,0.8275,0,0,55.2867,0,0,0.0017,0,0,0,0,0,giai_phong
2025-12-27 04:00:00,8568,04:00 27/12/2025,96,3,67,96,33,15,15.9333,64.0167,6.715,14.3817,83.2692,50.6925,0.0,66.1225,3087.03,1018.1692,27.8217,-1.1867,94.7867,0.5592,0,0,53.9942,0,0,0.0033,0,0,0,0,0,giai_phong
2025-12-27 05:00:00,8569,05:00 27/12/2025,95,3,67,95,30,15,15.8183,54.4158,6.2608,17.0717,82.6142,48.9958,0.0,59.8133,3087.03,1018.2642,27.6642,-1.3067,141.7283,0.4867,0,0,54.815,0,0,0.0025,0,0,0,0,0,giai_phong
2025-12-27 06:00:00,8570,06:00 27/12/2025,97,2,68,97,28,15,15.6192,50.9808,5.7333,17.53,92.79,51.2642,0.0142,55.0483,3087.03,1018.7483,27.3567,-1.3408,188.2317,0.495,0,0,57.5292,0,0,0.0008,0,0,0,0,0,giai_phong
2025-12-27 07:00:00,8571,07:00 27/12/2025,97,3,68,97,26,15,15.52,45.9733,6.2567,26.6875,83.9767,48.755,0.0,51.6392,3087.03,1019.3358,26.365,1.4717,98.1008,0.5192,0,0,52.7242,0,0,0.0008,0,0,0,0,0,giai_phong
2025-12-27 08:00:00,8572,08:00 27/12/2025,93,3,66,93,24,15,15.8133,42.4058,6.7283,31.87,69.8542,39.3675,0.0,48.3583,3087.03,1020.0775,26.84,30.2192,69.4192,0.6442,0,0,49.0825,0,0,0.0083,0,0,0,0,0,giai_phong
2025-12-27 09:00:00,8573,09:00 27/12/2025,89,2,64,89,25,15,16.1342,44.4042,5.99,27.7017,71.5,39.3358,0.0,50.2075,3087.03,1020.6558,26.8733,75.6917,86.9975,0.835,0,0,53.2825,0,0,0.0042,0,0,0,0,0,giai_phong
2025-12-27 10:00:00,8574,10:00 27/12/2025,88,2,63,88,27,15,16.6133,49.3175,4.91,20.4333,71.8325,41.9883,0.0,53.5067,3087.03,1020.8225,27.9917,123.3792,175.7433,0.5167,0,0,53.4983,0,0,0.0008,0,0,0,0,0,giai_phong
2025-12-27 11:00:00,8575,11:00 27/12/2025,90,2,64,90,25,15,16.8867,44.9542,5.4875,25.1225,82.49,48.5117,0.0,50.8667,3087.03,1020.5242,27.6817,140.1225,116.3558,0.4875,0,0,51.4733,0,0,0.0,0,0,0,0,0,giai_phong
2025-12-27 12:00:00,8576,12:00 27/12/2025,94,2,65,94,26,15,17.3358,47.1033,5.3517,26.0767,84.0292,52.4425,0.0,52.39,3087.03,1019.7092,27.5325,125.9817,153.7075,0.625,0,0,50.3992,0,0,0.0025,0,0,0,0,0,giai_phong
2025-12-27 13:00:00,8577,13:00 27/12/2025,97,3,66,97,26,15,17.7183,46.4542,6.2558,32.5717,84.8017,53.0675,0.1492,51.7767,3087.03,1018.4767,26.4683,204.9992,93.3333,0.6708,0,0,46.88,0,0,0.005,0,0,0,0,0,giai_phong
2025-12-27 14:00:00,8578,14:00 27/12/2025,95,3,65,95,24,15,18.4175,42.0258,6.6967,40.835,78.2417,44.2042,0.0,48.0842,3087.03,1017.5167,26.1,261.0592,139.4725,0.6325,0,0,44.28,0,0,0.0058,0,0,0,0,0,giai_phong
2025-12-27 15:00:00,8579,15:00 27/12/2025,93,3,65,93,26,15,18.9775,46.0817,6.3117,38.2783,78.3267,43.8475,0.0,51.535,3087.03,1016.8342,26.1942,244.3592,177.34,0.6192,0,0,43.28,0,0,0.0042,0,0,0,0,0,giai_phong
2025-12-27 16:00:00,8580,16:00 27/12/2025,93,3,66,93,26,15,18.7608,88.1508,6.3142,39.2117,86.1067,45.9592,37.945,52.1233,3087.03,1016.6425,27.4667,117.5733,95.5958,0.6192,0,0,44.7942,0,0,0.0,0,0,0,0,0,giai_phong
2025-12-27 17:00:00,8581,17:00 27/12/2025,95,3,67,95,26,15,18.395,106.2775,6.3125,36.5825,94.08,50.795,54.7117,51.5683,3087.03,1016.6733,27.6275,33.53,116.56,0.5033,0,0,45.8925,0,0,0.0033,0,0,0,0,0,giai_phong
2025-12-27 18:00:00,8582,18:00 27/12/2025,99,2,69,99,25,15,17.97,102.9992,6.1792,34.56,96.5342,54.5358,52.1133,50.885,3087.03,1017.025,27.7008,0.0133,107.3625,0.3292,0,0,47.8725,0,0,0.0025,0,0,0,0,0,giai_phong
2025-12-27 19:00:00,8583,19:00 27/12/2025,103,2,71,103,26,15,17.8675,101.1158,6.0875,33.8383,99.4517,56.7783,48.3483,52.7658,3087.03,1017.375,26.7817,-1.2408,79.8642,0.4217,0,0,48.9625,0,0,0.0,0,0,0,0,0,giai_phong
2025-12-27 20:00:00,8584,20:00 27/12/2025,108,2,73,108,27,15,17.93,104.7217,5.86,32.1433,104.4533,59.5442,51.4875,53.235,3087.03,1017.9017,26.6517,-1.2108,131.9667,0.4275,0,0,48.145,0,0,0.0008,0,0,0,0,0,giai_phong
2025-12-27 21:00:00,8585,21:00 27/12/2025,112,2,75,112,25,15,17.8475,105.6058,6.1792,31.96,108.0975,62.01,54.7508,50.8575,3087.03,1018.2225,26.8192,-1.2617,111.3817,0.415,0,0,48.1083,0,0,0.0008,0,0,0,0,0,giai_phong
2025-12-27 22:00:00,8586,22:00 27/12/2025,116,2,76,116,26,15,17.9,107.7833,6.0492,27.49,105.8092,65.0725,56.5608,51.2217,3087.03,1018.2967,27.9783,-1.1067,74.0433,0.4158,0,0,47.5558,0,0,0.0008,0,0,0,0,0,giai_phong
2025-12-27 23:00:00,8587,23:00 27/12/2025,128,2,77,128,27,15,17.75,105.0117,5.5117,24.2842,108.0617,74.3275,51.7292,53.2833,3087.03,1018.1992,27.8658,-1.2133,146.9317,0.3667,0,0,49.6683,0,0,0.0,0,0,0,0,0,giai_phong
2025-12-28 00:00:00,8588,00:00 28/12/2025,138,2,78,138,28,15,17.7283,100.4483,5.2417,20.1708,110.7808,79.2083,45.2125,55.7217,3087.03,1018.0058,27.6625,-1.1183,86.4333,0.4075,0,0,51.6375,0,0,0.0075,0,0,0,0,0,giai_phong
2025-12-28 01:00:00,8589,01:00 28/12/2025,141,2,79,141,29,15,17.6525,52.8575,5.3817,22.0325,111.7208,77.2517,0.0,58.7467,3087.03,1018.0292,26.6733,-1.1258,45.7733,0.4233,0,0,51.9958,0,0,0.0025,0,0,0,0,0,giai_phong
2025-12-28 02:00:00,8590,02:00 28/12/2025,138,2,80,138,27,15,17.53,49.0067,5.6792,25.3925,112.1842,71.0317,0.0,54.8117,3087.03,1017.87,26.6617,-1.2325,78.1817,0.3917,0,0,52.4042,0,0,0.0017,0,0,0,0,0,giai_phong
2025-12-28 03:00:00,8591,03:00 28/12/2025,144,2,81,144,28,15,17.3467,49.81,5.3258,22.1867,119.8692,80.5325,0.0,55.3733,3087.03,1017.5992,26.8408,-1.2142,78.425,0.4675,0,0,57.4333,0,0,0.005,0,0,0,0,0,giai_phong
2025-12-28 04:00:00,8592,04:00 28/12/2025,156,2,88,156,26,15,17.05,47.0983,5.0,19.36,145.9083,99.2892,0.0,52.0625,3087.03,1017.5825,28.0167,-1.2333,110.5392,0.49,0,0,61.675,0,0,0.0042,0,0,0,0,0,giai_phong
2025-12-28 05:00:00,8593,05:00 28/12/2025,161,2,90,161,25,15,16.8367,44.915,4.83,19.0275,139.8717,104.1692,0.0,50.7708,3087.03,1017.6883,27.94,-1.175,146.2592,0.3675,0,0,60.52,0,0,0.0067,0,0,0,0,0,giai_phong
2025-12-28 06:00:00,8594,06:00 28/12/2025,160,2,89,160,26,15,16.8258,47.2925,4.6575,18.1958,123.06,94.3883,0.0,52.465,3087.03,1018.1392,27.6792,-1.155,216.3967,0.4,0,0,58.8433,0,0,0.0033,0,0,0,0,0,giai_phong
2025-12-28 07:00:00,8595,07:00 28/12/2025,157,2,87,157,27,15,16.825,48.0117,4.9092,20.1108,116.3675,84.1158,0.0,53.0125,3087.03,1018.545,26.6492,0.5367,137.9592,0.5725,0,0,60.7625,0,0,0.0,0,0,0,0,0,giai_phong
2025-12-28 08:00:00,8596,08:00 28/12/2025,155,2,85,155,29,15,17.01,58.9225,4.975,15.9158,114.1267,82.63,1.4642,57.5258,3087.03,1019.2975,26.7417,20.7167,203.6658,0.5942,0,0,60.2167,0,0,0.0008,0,0,0,0,0,giai_phong
2025-12-28 09:00:00,8597,09:00 28/12/2025,154,2,85,154,29,15,17.3975,58.7675,4.8842,16.8892,115.1475,83.1558,0.92,58.8758,3087.03,1020.0925,26.7567,53.7392,136.5417,0.5642,0,0,58.4283,0,0,0.0042,0,0,0,0,0,giai_phong
2025-12-28 10:00:00,8598,10:00 28/12/2025,154,2,85,154,28,15,17.6542,52.1983,4.8625,17.23,118.8475,85.405,0.0,56.1567,3087.03,1020.3933,27.935,89.9567,81.8142,0.5633,0,0,62.3875,0,0,0.0033,0,0,0,0,0,giai_phong
2025-12-28 11:00:00,8599,11:00 28/12/2025,158,2,88,158,28,15,18.2725,54.0492,5.4542,17.0083,143.1825,100.28,0.0433,55.4133,3087.03,1019.6658,27.705,136.2558,238.4642,0.5375,0,0,59.3433,0,0,0.0008,0,0,0,0,0,giai_phong
2025-12-28 12:00:00,8600,12:00 28/12/2025,164,2,93,164,29,15,18.7508,52.9458,5.3533,20.0775,158.8708,112.9392,0.0,57.2358,3087.03,1018.4008,27.4208,180.14,167.4067,0.68,0,0,57.0875,0,0,0.0083,0,0,0,0,0,giai_phong
2025-12-28 13:00:00,8601,13:00 28/12/2025,172,2,98,172,29,15,19.47,52.2967,5.8583,30.17,165.0992,124.4967,0.0,57.8125,3087.03,1016.9233,26.2742,207.8575,134.8375,0.6,0,0,54.1558,0,0,0.0033,0,0,0,0,0,giai_phong
2025-12-28 14:00:00,8602,14:00 28/12/2025,174,3,102,174,29,15,20.1983,52.2733,6.4308,35.3417,167.3867,123.4383,0.0,57.42,3087.03,1015.7225,26.1175,276.7433,185.5092,1.2267,0,0,51.2758,0,0,0.0008,0,0,0,0,0,giai_phong
2025-12-28 15:00:00,8603,15:00 28/12/2025,175,3,104,175,30,15,20.5517,55.995,6.3658,33.6075,166.125,117.7875,0.0,60.8992,3087.03,1014.9117,26.2725,202.4483,155.2017,0.8533,0,0,48.9033,0,0,0.0042,0,0,0,0,0,giai_phong
2025-12-28 16:00:00,8604,16:00 28/12/2025,173,2,102,173,30,15,20.4892,54.8633,6.12,30.7917,147.9608,105.7642,0.0,59.8683,3087.03,1014.7508,27.4758,116.7317,167.3992,1.0017,0,0,49.3533,0,0,0.0025,0,0,0,0,0,giai_phong
2025-12-28 17:00:00,8605,17:00 28/12/2025,169,3,100,169,28,15,20.0525,49.64,7.0467,35.1058,142.3825,96.3467,0.0,55.5683,3087.03,1014.8858,27.5575,29.765,147.7275,0.7683,0,0,53.2083,0,0,0.0,0,0,0,0,0,giai_phong
2025-12-28 18:00:00,8606,18:00 28/12/2025,166,3,99,166,27,15,19.6133,47.8458,7.2025,34.8675,142.3775,96.3942,0.0,54.0683,3087.03,1015.1133,27.7825,-0.0075,138.7667,0.6017,0,0,55.9542,0,0,0.0,0,0,0,0,0,giai_phong
2025-12-28 19:00:00,8607,19:00 28/12/2025,167,3,100,167,28,15,19.4292,50.7275,6.495,34.2483,153.91,105.7833,0.0,56.9842,3087.03,1015.7242,26.6433,-1.1758,136.755,0.64,0,0,57.5233,0,0,0.0008,0,0,0,0,0,giai_phong
2025-12-28 20:00:00,8608,20:00 28/12/2025,171,3,102,171,28,15,19.2392,51.05,6.6575,34.0683,165.1592,121.7783,0.0,56.8525,3087.03,1016.1433,26.6167,-1.4325,103.5433,0.6108,0,0,59.6567,0,0,0.0017,0,0,0,0,0,giai_phong
2025-12-28 21:00:00,8609,21:00 28/12/2025,179,3,109,179,29,15,19.1308,52.3017,7.0442,30.2692,187.8183,137.5183,0.0,58.0333,3087.03,1016.2742,26.7267,-1.2675,119.4233,0.48,0,0,60.1008,0,0,0.0,0,0,0,0,0,giai_phong
2025-12-28 22:00:00,8610,22:00 28/12/2025,186,3,114,186,29,15,19.06,53.16,7.5317,22.9767,205.2342,150.0283,0.0,58.6683,3087.03,1016.2633,28.0108,-1.2225,194.1267,0.4783,0,0,61.5008,0,0,0.0008,0,0,0,0,0,giai_phong
2025-12-28 23:00:00,8611,23:00 28/12/2025,196,3,122,196,29,15,19.04,53.1783,7.1275,20.0617,217.6808,161.4542,0.0,58.6892,3087.03,1016.2317,28.0483,-1.11,160.9058,0.525,0,0,60.7092,0,0,0.0075,0,0,0,0,0,giai_phong
2025-12-29 00:00:00,8612,00:00 29/12/2025,201,3,126,201,31,15,18.94,56.3508,6.3883,17.1258,218.4333,161.3775,0.0,61.7042,3087.03,1015.9183,27.7758,-1.0792,101.2683,0.5408,0,0,60.2883,0,0,0.005,0,0,0,0,0,giai_phong
2025-12-29 01:00:00,8613,01:00 29/12/2025,203,2,126,203,33,15,18.8025,59.6883,5.4075,19.1025,201.8967,154.2675,0.0,65.0825,3087.03,1015.5,26.7217,-1.1917,119.1017,0.4175,0,0,61.2117,0,0,0.0025,0,0,0,0,0,giai_phong
2025-12-29 02:00:00,8614,02:00 29/12/2025,200,2,124,200,31,15,18.54,55.9833,5.3683,22.7408,192.0775,146.3567,0.0,61.8842,3087.03,1015.0158,26.7125,-1.1133,87.5542,0.3842,0,0,63.785,0,0,0.0017,0,0,0,0,0,giai_phong
2025-12-29 03:00:00,8615,03:00 29/12/2025,198,2,122,198,29,15,18.48,52.61,5.29,21.685,185.3592,142.29,0.0,58.3642,3087.03,1014.5008,26.8033,-1.0283,37.8267,0.42,0,0,64.9725,0,0,0.0008,0,0,0,0,0,giai_phong
2025-12-29 04:00:00,8616,04:00 29/12/2025,195,2,119,195,29,15,18.45,51.4533,5.3558,17.845,178.4608,136.7317,0.0,57.4783,3087.03,1014.1075,28.0325,-0.9892,79.4708,0.3608,0,0,65.855,0,0,0.0,0,0,0,0,0,giai_phong
2025-12-29 05:00:00,8617,05:00 29/12/2025,193,2,119,193,29,15,18.3892,51.7183,5.3658,17.7142,183.5758,136.1183,0.0,57.1108,3087.03,1014.0525,28.1008,-1.0892,95.465,0.4042,0,0,67.4833,0,0,0.0,0,0,0,0,0,giai_phong
2025-12-29 06:00:00,8618,06:00 29/12/2025,194,2,121,194,29,15,18.44,57.3533,5.905,15.5358,198.9217,141.7817,0.7483,58.3858,3087.03,1014.4783,28.0017,-0.9625,161.7342,0.4958,0,0,67.4342,0,0,0.0,0,0,0,0,0,giai_phong
2025-12-29 07:00:00,8619,07:00 29/12/2025,195,3,121,195,30,15,18.39,56.3183,6.5083,16.4517,194.275,144.3567,0.0,60.2833,3087.03,1014.9933,26.695,1.5975,122.9517,0.4525,0,0,67.9358,0,0,0.0008,0,0,0,0,0,giai_phong
2025-12-29 08:00:00,8620,08:00 29/12/2025,196,3,121,196,31,15,18.6975,59.01,6.285,17.4125,186.22,143.4508,0.0,61.3342,3087.03,1015.6242,26.6558,31.9717,83.8842,0.5825,0,0,68.5192,0,0,0.0,0,0,0,0,0,giai_phong
2025-12-29 09:00:00,8621,09:00 29/12/2025,195,2,120,195,32,15,18.94,63.95,5.7283,16.7258,177.7692,135.66,0.5317,63.5117,3087.03,1016.1508,26.7508,49.4983,134.7675,0.5258,0,0,69.4608,0,0,0.005,0,0,0,0,0,giai_phong
2025-12-29 10:00:00,8622,10:00 29/12/2025,189,2,117,189,31,15,19.5817,67.12,5.9283,13.915,172.1675,118.7,4.3892,62.7325,3087.03,1016.2408,28.06,117.4708,153.7575,0.53,0,0,68.6367,0,0,0.0017,0,0,0,0,0,giai_phong
2025-12-29 11:00:00,8623,11:00 29/12/2025,184,2,115,184,30,15,20.6967,58.1592,5.8383,20.7383,167.8275,113.4825,0.2108,60.9008,3087.03,1015.4025,27.5908,195.87,140.1408,0.885,0,0,66.93,0,0,0.0025,0,0,0,0,0,giai_phong
2025-12-29 12:00:00,8624,12:00 29/12/2025,179,2,110,179,30,15,21.4483,57.9625,5.5875,21.2075,146.8433,107.2792,0.0867,60.8933,3087.03,1014.2617,27.385,181.6833,125.0042,0.8308,0,0,62.475,0,0,0.0058,0,0,0,0,0,giai_phong
2025-12-29 13:00:00,8625,13:00 29/12/2025,171,2,102,171,31,15,21.74,56.5742,5.7025,31.8067,130.1642,94.2075,0.0,61.6892,3087.03,1013.0875,26.2217,130.2242,99.0208,0.6892,0,0,61.7,0,0,0.0017,0,0,0,0,0,giai_phong
2025-12-29 14:00:00,8626,14:00 29/12/2025,165,2,96,165,30,15,21.5425,54.5392,5.9008,31.8975,125.2917,88.9225,0.0,59.9467,3087.03,1012.3208,26.2142,206.2558,153.87,0.9017,0,0,62.23,0,0,0.0025,0,0,0,0,0,giai_phong
2025-12-29 15:00:00,8627,15:00 29/12/2025,160,2,92,160,30,15,21.4267,53.8825,5.525,27.9808,123.5725,84.6592,0.0,59.3892,3087.03,1011.8908,26.5117,150.5058,53.1992,0.9892,0,0,63.0208,0,0,0.0,0,0,0,0,0,giai_phong
2025-12-29 16:00:00,8628,16:00 29/12/2025,157,2,91,157,29,15,21.1467,53.2992,5.6842,23.4067,130.4308,84.1417,0.0,58.835,3087.03,1011.9483,27.645,67.5742,51.2083,0.7108,0,0,63.8692,0,0,0.0008,0,0,0,0,0,giai_phong
2025-12-29 17:00:00,8629,17:00 29/12/2025,155,2,91,155,32,15,20.8133,67.6217,5.1133,17.9258,131.0908,84.2683,7.455,63.6258,3087.03,1012.1667,27.9258,20.2783,146.8383,0.6642,0,0,63.4942,0,0,0.0008,0,0,0,0,0,giai_phong
2025-12-29 18:00:00,8630,18:00 29/12/2025,155,2,92,155,33,15,20.6308,163.7608,5.68,16.9308,137.3875,87.8875,97.7458,66.0158,3087.03,1012.3925,27.8275,-0.3925,99.1008,0.6617,0,0,65.5717,0,0,0.0008,0,0,0,0,0,giai_phong
2025-12-29 19:00:00,8631,19:00 29/12/2025,158,2,95,158,32,15,20.7067,207.8375,5.1492,27.5692,149.0075,97.3225,144.0108,63.825,3087.03,1012.7725,26.6375,-0.9692,72.9075,0.8692,0,0,69.4408,0,0,0.005,0,0,0,0,0,giai_phong
2025-12-29 20:00:00,8632,20:00 29/12/2025,158,2,93,158,25,15,20.62,170.0333,6.1208,33.7833,132.1833,91.5133,119.5608,50.7942,3087.03,1013.4375,26.6325,-0.9425,142.955,0.6908,0,0,68.9058,0,0,0.0025,0,0,0,0,0,giai_phong
2025-12-29 21:00:00,8633,21:00 29/12/2025,157,2,91,157,28,15,20.45,94.6017,5.3017,32.1542,122.155,87.1192,38.8592,55.7417,3087.03,1013.9933,26.7067,-1.0767,128.245,0.7033,0,0,69.5133,0,0,0.0008,0,0,0,0,0,giai_phong
2025-12-29 22:00:00,8634,22:00 29/12/2025,157,2,90,157,28,15,20.25,91.4158,5.855,26.2642,126.0467,87.3108,35.9683,55.4492,3087.03,1014.2533,28.4483,-1.1117,124.955,0.8233,0,0,70.45,0,0,0.0017,0,0,0,0,0,giai_phong
2025-12-29 23:00:00,8635,23:00 29/12/2025,157,2,90,157,27,15,20.05,88.6425,5.6008,22.8192,129.1325,94.8833,34.09,54.5525,3087.03,1014.3017,28.5508,-1.1058,185.7642,0.44,0,0,72.0067,0,0,0.0033,0,0,0,0,0,giai_phong
2025-12-30 00:00:00,8636,00:00 30/12/2025,159,2,91,159,27,15,19.99,88.9692,5.3475,23.8892,135.385,101.8842,35.3875,53.5833,3087.03,1014.2958,28.075,-0.965,124.3417,0.6367,0,0,72.5583,0,0,0.0,0,0,0,0,0,giai_phong
2025-12-30 01:00:00,8637,01:00 30/12/2025,160,2,91,160,26,15,19.8367,88.7342,5.255,35.6592,132.6733,103.2258,35.8067,52.9292,3087.03,1014.2175,26.615,-1.0058,116.8367,0.6208,0,0,73.7975,0,0,0.0025,0,0,0,0,0,giai_phong
2025-12-30 02:00:00,8638,02:00 30/12/2025,161,2,90,161,27,15,19.6217,115.4458,5.0558,26.2667,125.2217,100.5242,61.4183,54.0275,3087.03,1013.8958,26.5958,-1.0392,111.9267,0.5283,0,0,74.9483,0,0,0.0008,0,0,0,0,0,giai_phong
2025-12-30 03:00:00,8639,03:00 30/12/2025,164,2,92,164,26,15,19.42,98.4192,6.0083,28.1908,142.9208,108.6033,46.1108,52.3083,3087.03,1013.4267,26.6383,-1.25,80.6092,0.5667,0,0,75.145,0,0,0.0017,0,0,0,0,0,giai_phong
2025-12-30 04:00:00,8640,04:00 30/12/2025,168,3,95,168,27,15,19.2825,111.475,6.4225,21.535,157.7358,116.3925,58.4483,53.0258,3087.03,1013.2117,28.3742,-1.1208,131.1433,0.6125,0,0,75.9292,0,0,0.0,0,0,0,0,0,giai_phong
2025-12-30 05:00:00,8641,05:00 30/12/2025,171,2,96,171,30,15,19.25,101.2633,5.6708,15.1575,154.5725,121.0208,40.2708,60.9917,3087.03,1013.2733,28.5225,-0.9975,115.9133,0.4608,0,0,76.3242,0,0,0.0,0,0,0,0,0,giai_phong
2025-12-30 06:00:00,8642,06:00 30/12/2025,173,2,97,173,28,15,19.0808,96.2517,5.3108,16.0633,147.4617,119.6933,39.4992,56.7508,3087.03,1013.6208,28.1842,-1.0342,111.205,0.3717,0,0,75.2983,0,0,0.0008,0,0,0,0,0,giai_phong
2025-12-30 07:00:00,8643,07:00 30/12/2025,174,2,97,174,29,15,19.03,101.7892,4.7308,17.1983,143.8442,115.8192,43.9942,57.7958,3087.03,1014.2925,26.6783,0.2733,65.5475,0.33,0,0,74.8483,0,0,0.0,0,0,0,0,0,giai_phong
2025-12-30 08:00:00,8644,08:00 30/12/2025,174,2,97,174,30,15,19.2392,115.4117,4.2792,20.1817,142.7742,113.0642,55.1358,60.275,3087.03,1015.1467,26.55,14.105,155.3142,0.41,0,0,73.2792,0,0,0.0092,0,0,0,0,0,giai_phong
2025-12-30 09:00:00,8645,09:00 30/12/2025,172,2,96,172,30,15,19.875,138.7283,4.86,18.1317,131.2108,104.46,79.1833,59.5442,3087.03,1015.9017,26.605,70.5125,110.5617,0.4675,0,0,70.0117,0,0,0.0,0,0,0,0,0,giai_phong
2025-12-30 10:00:00,8646,10:00 30/12/2025,170,2,94,170,33,15,20.8633,85.2842,5.3775,14.5925,124.4275,95.9333,20.3183,65.2983,3087.03,1016.1375,27.8675,160.5958,121.1083,0.58,0,0,64.0842,0,0,0.0083,0,0,0,0,0,giai_phong
2025-12-30 11:00:00,8647,11:00 30/12/2025,169,2,93,169,32,15,21.395,61.9925,5.6025,16.8267,131.6692,98.3467,0.0,64.7117,3087.03,1015.7008,27.4875,145.9092,157.3425,0.6692,0,0,62.6792,0,0,0.0,0,0,0,0,0,giai_phong
2025-12-30 12:00:00,8648,12:00 30/12/2025,166,2,92,166,31,15,21.9892,57.6992,5.7308,20.8492,124.5683,93.9067,0.0,62.4817,3087.03,1014.4867,27.2658,194.96,114.8042,0.8575,0,0,61.2583,0,0,0.0067,0,0,0,0,0,giai_phong
2025-12-30 13:00:00,8649,13:00 30/12/2025,163,2,90,163,29,15,22.0317,52.5233,5.6442,33.6775,120.8425,87.4083,0.0,58.2367,3087.03,1012.9475,26.1525,148.1708,124.8633,0.6958,0,0,63.65,0,0,0.0,0,0,0,0,0,giai_phong
2025-12-30 14:00:00,8650,14:00 30/12/2025,158,2,88,158,28,15,22.8125,50.155,5.8558,36.9575,118.8242,81.8142,0.0,55.8025,3087.03,1011.8208,26.2367,241.1858,107.2517,0.9625,0,0,61.9592,0,0,0.0,0,0,0,0,0,giai_phong
2025-12-30 15:00:00,8651,15:00 30/12/2025,152,2,86,152,27,15,23.1775,48.6417,5.9658,44.88,114.7675,73.2967,0.0,54.5508,3087.03,1011.1275,26.5208,250.9433,131.8242,0.6533,0,0,61.3358,0,0,0.0017,0,0,0,0,0,giai_phong
2025-12-30 16:00:00,8652,16:00 30/12/2025,140,2,83,140,26,15,23.6233,46.755,5.7775,33.9508,106.3033,65.9525,0.0,52.9167,3087.03,1010.6717,27.1242,180.7317,129.9742,0.87,0,0,59.8817,0,0,0.0,0,0,0,0,0,giai_phong
2025-12-30 17:00:00,8653,17:00 30/12/2025,130,2,80,130,27,15,22.9583,47.8842,5.9375,33.2783,97.1467,62.39,0.0,53.845,3087.03,1010.7125,27.4508,55.4108,158.4925,1.1775,0,0,62.2325,0,0,0.0,0,0,0,0,0,giai_phong
2025-12-30 18:00:00,8654,18:00 30/12/2025,122,2,77,122,29,15,22.1767,51.6367,5.7258,29.6942,95.1883,58.78,0.0,57.325,3087.03,1010.645,27.8042,1.995,95.0508,0.7933,0,0,66.8733,0,0,0.0,0,0,0,0,0,giai_phong
2025-12-30 19:00:00,8655,19:00 30/12/2025,120,2,77,120,28,15,21.6358,48.7217,5.6625,39.3383,103.8625,60.6283,0.0,55.1425,3087.03,1011.09,26.5475,-2.2692,86.4442,0.8,0,0,70.2008,0,0,0.0017,0,0,0,0,0,giai_phong
2025-12-30 20:00:00,8656,20:00 30/12/2025,123,2,76,123,27,15,20.9908,48.1325,5.4233,36.7408,96.16,64.3392,0.0,54.2308,3087.03,1011.7792,26.5542,-2.2733,159.1592,0.8308,0,0,74.7958,0,0,0.0,0,0,0,0,0,giai_phong
2025-12-30 21:00:00,8657,21:00 30/12/2025,126,2,74,126,28,15,20.4375,48.9542,4.9517,37.8167,90.2942,68.4325,0.0,55.2092,3087.03,1011.9875,26.7633,-2.0417,163.985,0.7558,0,0,79.5925,0,0,0.0,0,0,0,0,0,giai_phong
2025-12-30 22:00:00,8658,22:00 30/12/2025,129,2,73,129,26,15,20.0908,45.0242,6.195,32.5342,93.15,70.1675,0.0,51.6625,3087.03,1012.1692,28.7183,-1.83,128.9642,0.655,0,0,82.6875,0,0,0.0025,0,0,0,0,0,giai_phong
2025-12-30 23:00:00,8659,23:00 30/12/2025,139,2,74,139,25,15,19.9,42.715,6.03,34.7542,103.155,84.0033,0.0,50.1717,3087.03,1012.2108,28.3567,-1.7458,137.4325,0.7158,0,0,84.1267,0,0,0.0,0,0,0,0,0,giai_phong
2025-12-31 00:00:00,8660,00:00 31/12/2025,146,2,76,146,25,15,19.7717,42.6642,5.5508,30.8958,107.6233,87.4633,0.0,50.1358,3087.03,1011.8417,28.24,-1.3517,134.8042,0.7317,0,0,84.7908,0,0,0.0017,0,0,0,0,0,giai_phong
2025-12-31 01:00:00,8661,01:00 31/12/2025,152,2,77,152,25,15,19.7717,41.3742,5.2525,46.4025,109.635,90.3892,0.0,49.0358,3087.03,1011.165,26.68,-1.5558,112.5042,0.6375,0,0,84.545,0,0,0.0008,0,0,0,0,0,giai_phong
2025-12-31 02:00:00,8662,02:00 31/12/2025,152,2,75,152,24,15,19.54,40.7117,5.6483,37.5183,95.0492,84.1967,0.0,48.0542,3087.03,1010.6367,26.6183,-1.6042,130.9258,0.72,0,0,85.8708,0,0,0.0,0,0,0,0,0,giai_phong
2025-12-31 03:00:00,8663,03:00 31/12/2025,151,2,74,151,24,15,19.52,40.1883,5.0058,43.6767,88.2317,79.165,0.0,47.3217,3087.03,1010.2467,26.785,-1.2042,76.2508,0.6383,0,0,86.4858,0,0,0.0108,0,0,0,0,0,giai_phong
2025-12-31 04:00:00,8664,04:00 31/12/2025,150,2,72,150,23,15,19.53,39.3517,5.85,33.7108,85.1425,77.7858,0.0,46.4525,3087.03,1010.1942,28.705,-1.0175,118.545,0.625,0,0,86.6592,0,0,0.0008,0,0,0,0,0,giai_phong
2025-12-31 05:00:00,8665,05:00 31/12/2025,152,2,73,152,23,15,19.6525,39.0275,5.8392,31.7867,98.9033,87.3192,0.0,46.6125,3087.03,1010.1525,28.34,-0.8008,160.6692,0.5275,0,0,85.7158,0,0,0.0017,0,0,0,0,0,giai_phong
2025-12-31 06:00:00,8666,06:00 31/12/2025,154,2,74,154,23,15,19.7392,39.1925,5.4317,34.3025,107.1792,92.0467,0.0,46.8725,3087.03,1010.3992,28.1767,-0.8775,164.2192,0.5392,0,0,85.0733,0,0,0.0,0,0,0,0,0,giai_phong
2025-12-31 07:00:00,8667,07:00 31/12/2025,155,2,75,155,25,15,19.7067,41.7425,5.2283,38.3125,102.5133,89.6875,0.0,49.2625,3087.03,1010.8042,26.6808,1.745,146.7058,0.5875,0,0,84.8042,0,0,0.0,0,0,0,0,0,giai_phong
2025-12-31 08:00:00,8668,08:00 31/12/2025,155,2,74,155,27,15,19.7483,47.6758,4.5042,35.8642,97.525,85.9217,0.0,53.8167,3087.03,1011.5608,26.5267,25.6058,118.7075,0.8342,0,0,82.9,0,0,0.0,0,0,0,0,0,giai_phong
2025-12-31 09:00:00,8669,09:00 31/12/2025,154,2,75,154,28,15,20.3025,49.7517,4.6575,41.2983,102.3975,84.8617,0.0,55.5458,3087.03,1012.5075,26.6133,61.8575,117.4217,0.81,0,0,78.9142,0,0,0.0008,0,0,0,0,0,giai_phong
2025-12-31 10:00:00,8670,10:00 31/12/2025,154,2,75,154,28,15,20.6658,101.8733,5.0883,23.0542,104.3375,83.2825,46.8342,55.9933,3087.03,1012.8725,28.4292,89.2808,122.0308,0.965,0,0,77.6283,0,0,0.0033,0,0,0,0,0,giai_phong
2025-12-31 11:00:00,8671,11:00 31/12/2025,154,2,77,154,28,15,21.5192,90.9542,5.2242,26.6283,110.6583,89.4167,35.8033,55.1517,3087.03,1012.2325,27.8867,229.7725,111.8567,0.8133,0,0,73.6758,0,0,0.0025,0,0,0,0,0,giai_phong
2025-12-31 12:00:00,8672,12:00 31/12/2025,154,2,78,154,27,15,22.5192,102.3475,5.7,31.165,112.22,86.3783,48.9875,53.3608,3087.03,1010.9308,27.0158,397.3267,98.3825,1.2342,0,0,69.5733,0,0,0.0,0,0,0,0,0,giai_phong
2025-12-31 13:00:00,8673,13:00 31/12/2025,153,2,78,153,26,15,22.8333,96.9408,4.7,43.7033,108.93,77.67,45.6808,51.2608,3087.03,1009.4675,25.755,239.4008,117.1308,0.8808,0,0,69.4408,0,0,0.0008,0,0,0,0,0,giai_phong
2025-12-31 14:00:00,8674,14:00 31/12/2025,148,2,76,148,25,15,22.99,93.5583,4.8292,51.0067,86.6375,65.575,44.0958,49.4625,3087.03,1008.4958,26.2592,185.9258,138.1867,1.1433,0,0,68.0417,0,0,0.0042,0,0,0,0,0,giai_phong
2025-12-31 15:00:00,8675,15:00 31/12/2025,122,2,70,122,25,15,23.6975,87.2667,5.2625,50.9075,71.5208,49.7517,37.925,49.3392,3087.03,1007.7833,26.7375,221.6342,88.6867,0.8825,0,0,63.8117,0,0,0.0042,0,0,0,0,0,giai_phong
2025-12-31 16:00:00,8676,16:00 31/12/2025,102,2,64,102,24,15,23.8117,106.2758,6.0717,48.8067,63.8217,40.7858,58.8533,47.4242,3087.03,1007.6058,27.5067,157.16,131.7133,0.7867,0,0,61.655,0,0,0.0008,0,0,0,0,0,giai_phong
2025-12-31 17:00:00,8677,17:00 31/12/2025,87,2,59,87,26,15,22.9583,154.5683,5.955,54.0583,60.4667,35.245,102.205,52.3642,3087.03,1007.9058,27.4158,46.3533,116.3717,0.815,0,0,60.8275,0,0,0.0058,0,0,0,0,0,giai_phong
2025-12-31 18:00:00,8678,18:00 31/12/2025,76,2,57,76,34,15,22.105,192.1992,4.5017,31.0025,59.1858,32.2733,126.5417,67.285,3087.03,1008.315,27.5792,1.4908,104.1658,0.9633,0,0,63.6083,0,0,0.0025,0,0,0,0,0,giai_phong
2025-12-31 19:00:00,8679,19:00 31/12/2025,77,2,58,77,25,15,21.51,89.5942,4.0608,33.5967,67.305,38.815,38.8117,50.7858,3087.03,1008.9558,26.5,-1.5325,103.6333,0.9125,0,0,66.3758,0,0,0.0008,0,0,0,0,0,giai_phong
2025-12-31 20:00:00,8680,20:00 31/12/2025,81,2,58,81,22,15,21.125,94.9125,4.3133,44.7225,68.5858,42.6575,55.2525,43.6683,3087.03,1009.8017,26.4758,-1.4233,100.1192,1.0775,0,0,68.4175,0,0,0.0042,0,0,0,0,0,giai_phong
2025-12-31 21:00:00,8681,21:00 31/12/2025,85,2,60,85,29,15,20.88,201.8892,4.1775,40.5658,74.1333,44.6733,149.0975,58.345,3087.03,1010.5183,26.54,-1.225,138.5733,0.9867,0,0,70.2992,0,0,0.0033,0,0,0,0,0,giai_phong
2025-12-31 22:00:00,8682,22:00 31/12/2025,89,2,61,89,23,15,20.7608,118.795,5.2075,37.375,71.7808,46.5058,81.9792,46.0025,3087.03,1010.9575,28.5658,-1.0258,180.5383,0.63,0,0,71.165,0,0,0.0033,0,0,0,0,0,giai_phong
2025-12-31 23:00:00,8683,23:00 31/12/2025,95,2,61,95,25,15,20.75,120.9742,5.05,36.6758,73.6875,50.7808,70.2742,50.7008,3087.03,1011.2725,28.1175,-1.0492,175.495,0.5392,0,0,72.0058,0,0,0.0058,0,0,0,0,0,giai_phong
