timestamp,STT,datetime_raw,Nhiệt độ(oC},NOx(µg/Nm3},SO2(µg/Nm3},O3(µg/Nm3},PM-10(µg/Nm3},PM-2-5(µg/Nm3},NO(µg/Nm3},NO2(µg/Nm3},CO(mg/Nm3},RH(%},Hướng gió(Degree},Tốc độ gió(m/s},vn_aqi,pm10_obs,pm25_obs,station_id
2025-12-25 00:00:00,8253,00:00 25/12/2025,20.5817,2.6142,0,29.075,31.5825,16.8583,5.0442,-2.4283,0,83.2625,113.325,1.8317,58,45,58,nguyen_van_cu
2025-12-25 01:00:00,8254,01:00 25/12/2025,20.4167,3.5858,0,33.1417,24.8133,12.975,5.0142,-1.425,0,81.7467,146.395,1.635,42,35,42,nguyen_van_cu
2025-12-25 02:00:00,8255,02:00 25/12/2025,19.8833,3.5517,0,33.5,27.6,11.1333,5.2583,-1.7092,0,81.8508,130.9125,1.8708,32,31,32,nguyen_van_cu
2025-12-25 03:00:00,8256,03:00 25/12/2025,19.45,3.21,0,34.3325,23.1275,14.2692,5.015,-1.8008,0,79.8367,150.5242,1.4033,30,27,30,nguyen_van_cu
2025-12-25 04:00:00,8257,04:00 25/12/2025,19.3042,3.7225,0,36.6183,19.4542,10.4392,5.2908,-1.5667,0,79.1025,124.5783,1.9317,26,23,26,nguyen_van_cu
2025-12-25 05:00:00,8258,05:00 25/12/2025,19.15,3.3308,0,51.5475,13.7483,8.1342,5.29,-1.9592,0,72.97,160.8767,2.9425,21,19,21,nguyen_van_cu
2025-12-25 06:00:00,8259,06:00 25/12/2025,18.6325,3.5775,0,36.2608,15.9408,8.655,4.645,-1.0667,0,74.9592,120.7917,1.3117,19,17,19,nguyen_van_cu
2025-12-25 07:00:00,8260,07:00 25/12/2025,18.5975,3.3625,0,27.7175,16.9383,9.325,5.1667,-1.8008,0,72.3508,106.9033,1.125,19,17,19,nguyen_van_cu
2025-12-25 08:00:00,8261,08:00 25/12/2025,18.8142,3.4692,0,35.525,19.6133,10.6267,5.3825,-1.9108,0,64.1583,147.565,2.1575,20,18,20,nguyen_van_cu
2025-12-25 09:00:00,8262,09:00 25/12/2025,18.99,3.6458,0,33.8583,24.6425,12.0,5.1392,-1.4867,0,61.0942,144.17,2.0142,22,21,22,nguyen_van_cu
2025-12-25 10:00:00,8263,10:00 25/12/2025,19.1717,2.7808,0,43.5767,32.0658,15.995,3.6917,-0.9083,0,56.9575,155.015,3.0533,27,27,27,nguyen_van_cu
2025-12-25 11:00:00,8264,11:00 25/12/2025,19.8733,3.1467,0,54.4733,39.6517,26.7133,4.2442,-1.0975,0,53.7533,218.7217,3.1858,40,33,40,nguyen_van_cu
2025-12-25 12:00:00,8265,12:00 25/12/2025,20.7833,2.7542,0,65.5283,42.1042,30.8142,5.1983,-2.4458,0,50.9567,186.345,1.0817,51,38,51,nguyen_van_cu
2025-12-25 13:00:00,8266,13:00 25/12/2025,21.02,3.5975,0,94.6183,36.4717,31.825,5.2575,-1.6617,0,50.8933,171.2008,2.3967,57,37,57,nguyen_van_cu
2025-12-25 14:00:00,8267,14:00 25/12/2025,21.1842,3.5158,0,85.145,30.5117,23.9283,5.4433,-1.9267,0,50.4367,205.0725,1.3767,53,34,53,nguyen_van_cu
2025-12-25 15:00:00,8268,15:00 25/12/2025,21.4817,3.5717,0,85.3892,25.5633,20.4958,5.0142,-1.4417,0,50.5367,124.0758,1.4025,47,30,47,nguyen_van_cu
2025-12-25 16:00:00,8269,16:00 25/12/2025,21.6625,3.7292,0,79.5908,28.37,19.4842,4.9208,-1.1917,0,50.4917,167.5817,1.89,43,29,43,nguyen_van_cu
2025-12-25 17:00:00,8270,17:00 25/12/2025,21.4742,3.395,0,60.2367,27.1333,19.0475,5.2308,-1.8325,0,51.7225,153.145,0.7517,40,28,40,nguyen_van_cu
2025-12-25 18:00:00,8271,18:00 25/12/2025,21.3492,2.7242,0,40.8167,30.9158,27.975,5.0467,-2.32,0,54.0375,183.44,0.3667,48,29,48,nguyen_van_cu
2025-12-25 19:00:00,8272,19:00 25/12/2025,21.145,2.5167,0,23.9592,46.6983,38.1567,4.4292,-1.9117,0,58.6842,196.5233,0.2917,62,38,62,nguyen_van_cu
2025-12-25 20:00:00,8273,20:00 25/12/2025,20.4367,3.3858,0,23.16,60.1375,46.8692,4.89,-1.5033,0,61.4333,198.3233,0.2267,78,49,78,nguyen_van_cu
2025-12-25 21:00:00,8274,21:00 25/12/2025,20.3258,3.4158,0,23.9442,66.375,47.8617,4.9842,-1.5667,0,59.7233,91.8333,0.2617,87,54,87,nguyen_van_cu
2025-12-25 22:00:00,8275,22:00 25/12/2025,19.8117,3.2792,0,29.9867,60.175,44.5042,4.7058,-1.4258,0,59.4867,138.5408,0.1692,88,54,88,nguyen_van_cu
2025-12-25 23:00:00,8276,23:00 25/12/2025,19.6325,3.52,0,37.305,55.8308,39.0658,4.3367,-0.8142,0,61.8133,143.5892,0.2025,83,54,83,nguyen_van_cu
2025-12-26 00:00:00,8277,00:00 26/12/2025,19.3592,3.5817,0,52.3167,53.3742,38.53,5.1975,-1.6133,0,61.1458,173.3675,0.1725,80,53,80,nguyen_van_cu
2025-12-26 01:00:00,8278,01:00 26/12/2025,19.15,3.2617,0,62.2142,53.5967,35.955,5.5958,-2.335,0,60.4042,206.6233,0.3692,76,52,76,nguyen_van_cu
2025-12-26 02:00:00,8279,02:00 26/12/2025,18.7767,3.3817,0,90.3408,46.8133,27.8442,5.0142,-1.6283,0,58.8692,105.0375,0.3533,66,50,66,nguyen_van_cu
2025-12-26 03:00:00,8280,03:00 26/12/2025,18.4625,3.6667,0,82.6308,42.99,24.0633,5.6892,-2.0208,0,58.1817,135.2842,0.4992,57,47,57,nguyen_van_cu
2025-12-26 04:00:00,8281,04:00 26/12/2025,17.9358,3.7133,0,93.5408,44.07,25.05,5.69,-1.9733,0,56.2017,107.5425,0.3558,54,45,54,nguyen_van_cu
2025-12-26 05:00:00,8282,05:00 26/12/2025,17.7392,3.4983,0,92.6433,38.1617,22.5867,5.5983,-2.1008,0,52.2233,84.9342,0.3958,49,42,49,nguyen_van_cu
2025-12-26 06:00:00,8283,06:00 26/12/2025,17.4283,3.2358,0,44.2967,32.4633,17.8342,5.3217,-2.0842,0,51.2575,163.0817,0.2767,43,37,43,nguyen_van_cu
2025-12-26 07:00:00,8284,07:00 26/12/2025,17.0167,3.2525,0,27.8658,31.5858,16.8008,4.4,-1.1425,0,54.0117,154.43,0.2492,38,34,38,nguyen_van_cu
2025-12-26 08:00:00,8285,08:00 26/12/2025,17.3375,2.9692,0,22.1158,41.4017,18.3825,4.5225,-1.5508,0,54.92,80.155,0.2767,38,38,37,nguyen_van_cu
2025-12-26 09:00:00,8286,09:00 26/12/2025,18.3942,2.7133,0,43.5458,46.11,27.8767,4.7367,-2.02,0,50.2667,107.0892,0.7442,47,42,47,nguyen_van_cu
2025-12-26 10:00:00,8287,10:00 26/12/2025,19.2,3.3667,0,76.0333,48.8375,37.0808,5.0458,-1.6767,0,44.5142,142.5825,1.03,60,45,60,nguyen_van_cu
2025-12-26 11:00:00,8288,11:00 26/12/2025,20.2358,3.0142,0,100.7758,55.45,40.0325,3.7833,-0.7692,0,40.7825,146.7433,0.6567,70,49,70,nguyen_van_cu
2025-12-26 12:00:00,8289,12:00 26/12/2025,21.94,3.515,0,172.1525,56.5633,40.36,5.445,-1.9267,0,38.7475,134.3583,0.485,75,51,75,nguyen_van_cu
2025-12-26 13:00:00,8290,13:00 26/12/2025,22.7867,2.7567,0,192.8633,63.7217,45.8217,4.9525,-2.1942,0,37.3083,151.3592,0.5125,84,54,84,nguyen_van_cu
2025-12-26 14:00:00,8291,14:00 26/12/2025,23.3758,3.5675,0,170.8625,69.5075,51.9333,5.1358,-1.5667,0,35.5175,167.1733,0.6283,94,57,94,nguyen_van_cu
2025-12-26 15:00:00,8292,15:00 26/12/2025,23.5358,3.4358,0,142.8517,67.8492,48.68,5.445,-2.0033,0,35.2733,127.7133,0.5125,96,58,96,nguyen_van_cu
2025-12-26 16:00:00,8293,16:00 26/12/2025,23.0083,3.7467,0,143.9933,63.4742,46.8525,4.8583,-1.1117,0,35.7167,93.6042,0.3283,95,57,95,nguyen_van_cu
2025-12-26 17:00:00,8294,17:00 26/12/2025,21.655,3.0308,0,85.1125,61.9183,42.32,5.3833,-2.3492,0,38.9983,113.7042,0.5483,90,57,90,nguyen_van_cu
2025-12-26 18:00:00,8295,18:00 26/12/2025,20.9025,3.3033,0,59.16,65.5933,40.1467,5.1375,-1.8342,0,42.5342,108.76,0.3917,85,57,85,nguyen_van_cu
2025-12-26 19:00:00,8296,19:00 26/12/2025,20.5292,3.7608,0,31.7358,84.395,56.1125,5.69,-1.9267,0,45.035,109.6733,0.2342,99,62,99,nguyen_van_cu
2025-12-26 20:00:00,8297,20:00 26/12/2025,19.19,3.1558,0,48.3625,104.325,72.72,4.5225,-1.3617,0,59.6617,162.0417,1.9492,118,70,118,nguyen_van_cu
2025-12-26 21:00:00,8298,21:00 26/12/2025,18.175,3.7792,0,76.4408,95.3242,63.4283,5.5683,-1.785,0,65.875,149.125,0.9383,120,71,120,nguyen_van_cu
2025-12-26 22:00:00,8299,22:00 26/12/2025,18.2075,3.015,0,57.6575,75.1483,44.3325,5.3825,-2.3658,0,66.3192,136.2033,0.4358,106,67,106,nguyen_van_cu
2025-12-26 23:00:00,8300,23:00 26/12/2025,18.0417,3.3867,0,42.14,67.3683,33.5658,5.535,-2.145,0,68.0292,142.7392,0.3175,87,63,87,nguyen_van_cu
2025-12-27 00:00:00,8301,00:00 27/12/2025,17.8108,3.1792,0,61.3467,69.1992,34.28,5.0133,-1.8333,0,68.9475,146.3375,0.6392,78,62,78,nguyen_van_cu
2025-12-27 01:00:00,8302,01:00 27/12/2025,17.8133,2.9483,0,45.0633,75.2983,41.9692,4.7675,-1.8183,0,68.9408,110.54,0.3225,81,62,81,nguyen_van_cu
2025-12-27 02:00:00,8303,02:00 27/12/2025,17.3333,3.53,0,28.6483,88.3792,55.8692,5.4775,-1.9425,0,69.4992,106.6125,0.4583,96,65,96,nguyen_van_cu
2025-12-27 03:00:00,8304,03:00 27/12/2025,17.38,3.6242,0,22.1475,85.3142,52.6283,5.5683,-1.9433,0,66.2317,88.6133,0.4417,101,66,101,nguyen_van_cu
2025-12-27 04:00:00,8305,04:00 27/12/2025,17.6317,2.8325,0,27.0308,77.3767,46.4492,5.1367,-2.3033,0,63.655,72.0883,0.2167,97,65,97,nguyen_van_cu
2025-12-27 05:00:00,8306,05:00 27/12/2025,17.3417,3.6867,0,60.6942,80.36,47.6208,5.475,-1.785,0,69.3858,119.2833,0.2117,96,65,96,nguyen_van_cu
2025-12-27 06:00:00,8307,06:00 27/12/2025,17.0875,3.5958,0,68.0283,75.7933,47.1025,5.29,-1.6925,0,65.5625,150.3308,0.1783,95,64,95,nguyen_van_cu
2025-12-27 07:00:00,8308,07:00 27/12/2025,17.1925,3.3567,0,51.5483,65.91,41.4775,5.5067,-2.1458,0,60.355,154.6467,0.2567,89,62,89,nguyen_van_cu
2025-12-27 08:00:00,8309,08:00 27/12/2025,17.3733,3.1833,0,34.0567,64.4675,38.2408,5.6892,-2.5083,0,63.615,158.1458,0.1833,83,61,83,nguyen_van_cu
2025-12-27 09:00:00,8310,09:00 27/12/2025,17.8025,3.315,0,27.9642,73.0458,45.7242,5.3225,-2.005,0,65.3983,139.3467,0.2958,87,61,87,nguyen_van_cu
2025-12-27 10:00:00,8311,10:00 27/12/2025,18.1025,2.7558,0,62.0175,81.5592,52.9492,5.0758,-2.3183,0,61.725,174.205,0.8225,95,62,95,nguyen_van_cu
2025-12-27 11:00:00,8312,11:00 27/12/2025,18.9033,3.7133,0,56.595,86.4125,57.8067,4.9233,-1.2058,0,58.96,122.8875,0.4008,103,64,103,nguyen_van_cu
2025-12-27 12:00:00,8313,12:00 27/12/2025,19.8408,3.9392,0,78.5475,90.5233,64.5283,5.4458,-1.5042,0,56.0467,105.5033,0.2833,112,66,112,nguyen_van_cu
2025-12-27 13:00:00,8314,13:00 27/12/2025,19.9925,3.1267,0,116.3258,93.78,69.82,5.3208,-2.1942,0,53.5875,177.7317,0.2675,122,68,122,nguyen_van_cu
2025-12-27 14:00:00,8315,14:00 27/12/2025,20.6242,3.2642,0,153.2058,91.2067,67.5567,5.4758,-2.2092,0,51.2767,93.8142,0.2233,125,69,125,nguyen_van_cu
2025-12-27 15:00:00,8316,15:00 27/12/2025,21.1175,3.4125,0,153.5183,91.5742,68.7917,5.1367,-1.7242,0,50.0692,156.0675,0.3317,128,69,128,nguyen_van_cu
2025-12-27 16:00:00,8317,16:00 27/12/2025,21.2808,3.1708,0,136.8567,90.2967,64.1592,5.415,-2.24,0,50.865,176.6925,0.2008,126,70,126,nguyen_van_cu
2025-12-27 17:00:00,8318,17:00 27/12/2025,21.0467,4.0092,0,103.8633,93.4358,66.2167,5.875,-1.865,0,51.4275,160.4525,0.1633,127,70,127,nguyen_van_cu
2025-12-27 18:00:00,8319,18:00 27/12/2025,21.0092,3.1342,0,62.2458,102.8658,76.1425,5.6917,-2.5533,0,52.6217,128.1775,0.1908,135,73,135,nguyen_van_cu
2025-12-27 19:00:00,8320,19:00 27/12/2025,20.58,3.3208,0,38.0392,108.8808,81.0333,4.9217,-1.5967,0,53.9308,194.025,0.18,143,76,143,nguyen_van_cu
2025-12-27 20:00:00,8321,20:00 27/12/2025,20.5733,3.5492,0,34.855,115.8825,79.1825,5.3842,-1.8342,0,54.9642,201.6475,0.1383,145,78,145,nguyen_van_cu
2025-12-27 21:00:00,8322,21:00 27/12/2025,20.6267,3.9783,0,33.6783,119.03,81.4908,4.9833,-1.0025,0,54.2158,90.1292,0.1658,146,80,146,nguyen_van_cu
2025-12-27 22:00:00,8323,22:00 27/12/2025,20.4233,3.4883,0,34.8883,117.0092,79.485,5.3217,-1.8333,0,55.34,97.4867,0.1817,146,80,146,nguyen_van_cu
2025-12-27 23:00:00,8324,23:00 27/12/2025,20.5308,3.4167,0,26.0833,115.0242,74.1242,4.8617,-1.4408,0,56.2717,105.7408,0.1875,143,81,143,nguyen_van_cu
2025-12-28 00:00:00,8325,00:00 28/12/2025,20.3992,3.1542,0,27.4058,116.1608,78.1758,5.535,-2.3817,0,58.9133,103.5967,0.1425,144,81,144,nguyen_van_cu
2025-12-28 01:00:00,8326,01:00 28/12/2025,20.1475,3.8258,0,36.4233,118.6242,75.7808,5.63,-1.8017,0,60.9408,138.6692,0.1808,144,82,144,nguyen_van_cu
2025-12-28 02:00:00,8327,02:00 28/12/2025,19.8917,3.0467,0,30.15,135.4075,81.9825,4.5233,-1.4717,0,64.1375,141.7833,0.1858,146,86,146,nguyen_van_cu
2025-12-28 03:00:00,8328,03:00 28/12/2025,19.1175,3.195,0,47.3008,154.8,101.1,4.9533,-1.7542,0,69.2633,142.8383,0.3683,155,94,155,nguyen_van_cu
2025-12-28 04:00:00,8329,04:00 28/12/2025,18.7925,3.2683,0,59.7975,137.8058,94.2083,5.3192,-2.0542,0,69.9717,165.5242,0.2558,157,93,157,nguyen_van_cu
2025-12-28 05:00:00,8330,05:00 28/12/2025,18.7842,3.3483,0,58.6858,108.195,72.6817,5.17,-1.8167,0,67.9367,158.9958,0.3083,152,88,152,nguyen_van_cu
2025-12-28 06:00:00,8331,06:00 28/12/2025,18.97,3.0917,0,33.2858,94.21,60.5158,4.6767,-1.5817,0,67.2158,112.6858,0.1792,140,82,140,nguyen_van_cu
2025-12-28 07:00:00,8332,07:00 28/12/2025,18.81,3.7017,0,24.075,95.105,58.8808,5.5675,-1.8642,0,72.3633,199.085,0.2408,129,78,129,nguyen_van_cu
2025-12-28 08:00:00,8333,08:00 28/12/2025,18.6275,3.5192,0,26.9817,105.1083,67.9033,5.2008,-1.6758,0,70.4958,166.0617,0.2375,129,78,129,nguyen_van_cu
2025-12-28 09:00:00,8334,09:00 28/12/2025,19.2183,3.5217,0,24.5333,109.79,74.1983,5.075,-1.55,0,66.3375,249.9167,0.28,134,79,134,nguyen_van_cu
2025-12-28 10:00:00,8335,10:00 28/12/2025,20.0183,3.2525,0,27.5867,119.3917,81.845,5.26,-2.005,0,60.665,139.5283,0.2017,142,81,142,nguyen_van_cu
2025-12-28 11:00:00,8336,11:00 28/12/2025,20.6392,3.1025,0,31.1142,120.7883,82.9092,4.9542,-1.8492,0,58.2992,272.7825,0.2475,147,83,147,nguyen_van_cu
2025-12-28 12:00:00,8337,12:00 28/12/2025,20.6708,2.5717,0,71.7042,129.7792,90.285,4.7683,-2.1942,0,63.6192,267.1542,0.3008,152,86,152,nguyen_van_cu
2025-12-28 13:00:00,8338,13:00 28/12/2025,21.2058,3.1308,0,110.12,147.5283,103.5758,5.0458,-1.9117,0,62.6842,252.5858,0.1867,159,91,159,nguyen_van_cu
2025-12-28 14:00:00,8339,14:00 28/12/2025,22.29,3.4525,0,134.8808,156.3625,108.8325,5.4442,-1.9892,0,59.7467,206.8867,0.2967,165,96,165,nguyen_van_cu
2025-12-28 15:00:00,8340,15:00 28/12/2025,23.2075,3.1775,0,104.42,163.24,108.1292,5.1067,-1.9275,0,57.6125,166.8008,0.4042,167,101,167,nguyen_van_cu
2025-12-28 16:00:00,8341,16:00 28/12/2025,22.4825,3.5025,0,48.495,174.7442,109.1525,5.3533,-1.8483,0,57.5525,145.2458,0.7642,169,107,169,nguyen_van_cu
2025-12-28 17:00:00,8342,17:00 28/12/2025,21.6442,3.0442,0,36.08,169.45,108.74,5.5367,-2.4908,0,61.785,160.1975,0.6042,170,108,170,nguyen_van_cu
2025-12-28 18:00:00,8343,18:00 28/12/2025,21.4275,2.8742,0,33.6308,165.4017,104.1317,4.5842,-1.7075,0,65.3742,146.5067,0.46,169,108,169,nguyen_van_cu
2025-12-28 19:00:00,8344,19:00 28/12/2025,21.2158,3.1767,0,29.4658,173.425,112.0625,5.0758,-1.8958,0,67.2108,168.0458,0.2858,170,109,170,nguyen_van_cu
2025-12-28 20:00:00,8345,20:00 28/12/2025,21.2775,3.1633,0,38.4483,190.4242,124.63,4.9833,-1.8167,0,67.1058,151.04,0.2208,175,114,175,nguyen_van_cu
2025-12-28 21:00:00,8346,21:00 28/12/2025,21.3408,3.4567,0,27.7017,187.6158,125.495,5.26,-1.8017,0,66.3158,153.8658,0.1558,177,115,177,nguyen_van_cu
2025-12-28 22:00:00,8347,22:00 28/12/2025,21.055,3.225,0,24.3008,178.9058,120.395,5.1075,-1.88,0,67.0225,156.7442,0.2308,178,115,178,nguyen_van_cu
2025-12-28 23:00:00,8348,23:00 28/12/2025,20.555,3.6258,0,27.0,185.155,124.6742,5.445,-1.8175,0,70.5667,161.7075,0.3225,178,116,178,nguyen_van_cu
2025-12-29 00:00:00,8349,00:00 29/12/2025,20.42,3.71,0,29.01,205.1475,133.2275,5.0458,-1.3308,0,73.0067,161.8142,0.2492,180,119,180,nguyen_van_cu
2025-12-29 01:00:00,8350,01:00 29/12/2025,20.5742,3.5075,0,30.3333,214.4717,136.3958,5.0758,-1.5658,0,72.6192,153.6042,0.2775,183,123,183,nguyen_van_cu
2025-12-29 02:00:00,8351,02:00 29/12/2025,21.0533,3.42,0,27.7517,210.21,135.9667,5.5075,-2.0833,0,71.4983,160.5075,0.1875,185,124,185,nguyen_van_cu
2025-12-29 03:00:00,8352,03:00 29/12/2025,21.4983,3.3008,0,25.7558,205.8425,129.7067,5.2592,-1.9608,0,70.6608,151.0583,0.215,185,125,185,nguyen_van_cu
2025-12-29 04:00:00,8353,04:00 29/12/2025,21.0658,3.6142,0,26.8833,195.8758,125.48,5.1983,-1.5825,0,72.9,123.5875,0.2,185,125,185,nguyen_van_cu
2025-12-29 05:00:00,8354,05:00 29/12/2025,20.8092,3.64,0,25.61,182.58,122.3692,4.7067,-1.065,0,74.4967,85.3842,0.2092,184,123,184,nguyen_van_cu
2025-12-29 06:00:00,8355,06:00 29/12/2025,20.4533,3.1592,0,24.335,178.5875,118.8975,5.2592,-2.0992,0,75.3842,116.8183,0.2442,183,121,183,nguyen_van_cu
2025-12-29 07:00:00,8356,07:00 29/12/2025,20.5542,3.6825,0,24.84,171.3958,109.9533,5.6917,-2.0042,0,77.2192,94.265,0.1983,180,119,180,nguyen_van_cu
2025-12-29 08:00:00,8357,08:00 29/12/2025,20.41,3.5158,0,26.1,160.2617,100.3942,5.3825,-1.8642,0,78.355,101.8742,0.3383,175,115,175,nguyen_van_cu
2025-12-29 09:00:00,8358,09:00 29/12/2025,20.5133,3.2708,0,26.0525,152.7133,92.9792,5.1375,-1.865,0,78.055,101.8742,0.3317,169,110,169,nguyen_van_cu
2025-12-29 10:00:00,8359,10:00 29/12/2025,21.24,3.4692,0,26.82,146.4242,85.1075,5.3833,-1.9108,0,76.0817,89.905,0.2217,162,106,162,nguyen_van_cu
2025-12-29 11:00:00,8360,11:00 29/12/2025,22.7967,3.4375,0,26.1325,153.8217,87.6242,5.3817,-1.9417,0,71.915,94.0967,0.2258,160,105,160,nguyen_van_cu
2025-12-29 12:00:00,8361,12:00 29/12/2025,23.6267,3.2008,0,28.3708,153.365,89.1908,5.5675,-2.365,0,69.0992,125.6292,0.1992,158,104,158,nguyen_van_cu
2025-12-29 13:00:00,8362,13:00 29/12/2025,23.2942,3.395,0,27.8008,145.165,87.0083,5.23,-1.8333,0,71.0567,109.9258,0.4392,157,102,157,nguyen_van_cu
2025-12-29 14:00:00,8363,14:00 29/12/2025,22.7425,3.7325,0,26.1833,128.9508,76.7908,5.5958,-1.865,0,71.4467,106.2858,1.58,153,96,153,nguyen_van_cu
2025-12-29 15:00:00,8364,15:00 29/12/2025,23.0525,3.5,0,27.5858,115.2142,71.0117,5.4142,-1.9117,0,70.3883,122.3292,0.9725,147,90,147,nguyen_van_cu
2025-12-29 16:00:00,8365,16:00 29/12/2025,22.6767,3.8817,0,25.3983,115.5792,68.7267,5.1367,-1.2533,0,71.9108,95.8475,0.7792,140,88,140,nguyen_van_cu
2025-12-29 17:00:00,8366,17:00 29/12/2025,22.4725,3.4108,0,25.7742,118.9033,66.9617,5.1983,-1.7867,0,71.11,98.9267,0.7692,135,87,135,nguyen_van_cu
2025-12-29 18:00:00,8367,18:00 29/12/2025,22.2717,3.5133,0,28.075,123.4642,70.0992,5.5692,-2.0517,0,72.5292,99.7858,0.4567,135,87,135,nguyen_van_cu
2025-12-29 19:00:00,8368,19:00 29/12/2025,22.0392,3.7283,0,25.3992,132.4458,77.5675,5.7833,-2.0517,0,76.1142,107.5592,0.4942,140,89,140,nguyen_van_cu
2025-12-29 20:00:00,8369,20:00 29/12/2025,21.8133,3.3483,0,25.2375,142.7017,86.9542,5.1683,-1.8167,0,77.1558,127.1892,0.4133,146,91,146,nguyen_van_cu
2025-12-29 21:00:00,8370,21:00 29/12/2025,21.7808,3.29,0,24.5158,154.4075,96.2283,4.9817,-1.6925,0,78.5842,107.5325,0.4483,153,94,153,nguyen_van_cu
2025-12-29 22:00:00,8371,22:00 29/12/2025,21.6992,4.0858,0,26.7075,148.6083,94.475,5.0458,-0.955,0,79.4825,104.8125,0.5575,155,95,155,nguyen_van_cu
2025-12-29 23:00:00,8372,23:00 29/12/2025,21.6342,3.3708,0,29.155,143.1317,94.3867,4.8292,-1.4575,0,80.5175,108.0425,0.4825,157,95,157,nguyen_van_cu
2025-12-30 00:00:00,8373,00:00 30/12/2025,21.6783,3.2142,0,31.1958,128.5167,81.5167,5.6908,-2.4767,0,81.5033,113.035,0.2875,155,94,155,nguyen_van_cu
2025-12-30 01:00:00,8374,01:00 30/12/2025,21.4967,3.6383,0,49.8017,115.7475,71.2867,5.6592,-2.0217,0,82.63,82.4175,0.2392,151,91,151,nguyen_van_cu
2025-12-30 02:00:00,8375,02:00 30/12/2025,21.4575,3.4908,0,45.3733,108.72,65.3367,5.1067,-1.6142,0,82.8358,96.6917,0.3383,144,87,144,nguyen_van_cu
2025-12-30 03:00:00,8376,03:00 30/12/2025,21.5875,2.675,0,34.6425,112.9517,69.25,5.1375,-2.4592,0,82.0075,102.7258,0.2442,140,86,140,nguyen_van_cu
2025-12-30 04:00:00,8377,04:00 30/12/2025,21.7883,3.9692,0,24.7608,116.9208,75.2867,5.5075,-1.5358,0,80.7417,126.5083,0.2658,141,85,141,nguyen_van_cu
2025-12-30 05:00:00,8378,05:00 30/12/2025,21.31,3.5125,0,29.89,113.63,78.8433,5.5983,-2.0833,0,80.9383,102.055,0.24,143,84,143,nguyen_van_cu
2025-12-30 06:00:00,8379,06:00 30/12/2025,21.1858,3.2767,0,30.9508,116.5667,82.6667,5.6283,-2.35,0,80.6558,106.9458,0.2233,147,84,147,nguyen_van_cu
2025-12-30 07:00:00,8380,07:00 30/12/2025,21.235,3.4292,0,26.8667,109.7625,77.2042,5.845,-2.4125,0,79.9258,195.4733,0.3033,146,83,146,nguyen_van_cu
2025-12-30 08:00:00,8381,08:00 30/12/2025,21.6925,3.3583,0,24.7608,112.3692,80.3458,5.5367,-2.1783,0,78.5925,152.065,0.2617,148,82,148,nguyen_van_cu
2025-12-30 09:00:00,8382,09:00 30/12/2025,22.1033,3.235,0,24.5017,114.69,80.2408,4.5517,-1.3167,0,76.7883,274.4,0.2325,148,82,148,nguyen_van_cu
2025-12-30 10:00:00,8383,10:00 30/12/2025,23.3875,3.5175,0,25.5125,125.1125,82.0758,5.3217,-1.8025,0,71.1208,193.2083,0.2517,150,83,150,nguyen_van_cu
2025-12-30 11:00:00,8384,11:00 30/12/2025,24.1417,3.1742,0,26.8042,134.705,83.4175,5.2592,-2.0833,0,67.5842,107.5533,0.2983,150,85,150,nguyen_van_cu
2025-12-30 12:00:00,8385,12:00 30/12/2025,23.9467,3.8617,0,26.4442,133.4292,83.7408,5.3833,-1.5192,0,67.3975,112.6525,0.5642,151,86,151,nguyen_van_cu
2025-12-30 13:00:00,8386,13:00 30/12/2025,24.4092,3.2925,0,26.755,124.3342,77.0692,5.63,-2.3333,0,67.3092,128.3033,0.5233,150,87,150,nguyen_van_cu
2025-12-30 14:00:00,8387,14:00 30/12/2025,24.6633,3.1433,0,33.7617,110.6475,67.5692,5.2917,-2.1467,0,68.5242,121.9067,1.1267,146,85,146,nguyen_van_cu
2025-12-30 15:00:00,8388,15:00 30/12/2025,25.205,3.9992,0,49.9317,95.7275,60.2117,4.7058,-0.705,0,66.9517,147.5042,0.8975,137,82,137,nguyen_van_cu
2025-12-30 16:00:00,8389,16:00 30/12/2025,25.2725,3.5308,0,63.5042,80.9125,51.96,5.415,-1.8792,0,67.1058,146.1683,1.4617,122,74,122,nguyen_van_cu
2025-12-30 17:00:00,8390,17:00 30/12/2025,24.7692,3.5858,0,53.8992,73.0517,44.7375,5.0742,-1.4875,0,69.5975,145.5225,1.0933,105,68,105,nguyen_van_cu
2025-12-30 18:00:00,8391,18:00 30/12/2025,23.9542,3.3458,0,51.8092,72.8892,39.4442,5.3217,-1.9742,0,73.9717,145.7975,0.6233,92,65,92,nguyen_van_cu
2025-12-30 19:00:00,8392,19:00 30/12/2025,23.29,3.0158,0,43.7075,80.5575,47.2233,5.3525,-2.3342,0,77.8258,132.8267,1.045,93,65,93,nguyen_van_cu
2025-12-30 20:00:00,8393,20:00 30/12/2025,22.4525,2.8517,0,56.0725,86.03,52.6467,4.9833,-2.1317,0,81.9192,155.2125,1.1617,99,66,99,nguyen_van_cu
2025-12-30 21:00:00,8394,21:00 30/12/2025,21.8717,3.0517,0,70.8208,87.3842,58.3575,5.1075,-2.0525,0,86.6783,156.2792,1.5817,107,67,107,nguyen_van_cu
2025-12-30 22:00:00,8395,22:00 30/12/2025,21.3967,3.7308,0,68.3233,88.9925,62.1042,5.5975,-1.8633,0,89.7475,145.25,1.3708,113,68,113,nguyen_van_cu
2025-12-30 23:00:00,8396,23:00 30/12/2025,21.5117,2.8575,0,63.7,90.7125,62.345,4.6442,-1.7867,0,90.5792,127.6583,1.4317,117,69,117,nguyen_van_cu
2025-12-31 00:00:00,8397,00:00 31/12/2025,21.3775,3.1467,0,69.4167,95.5158,64.7567,5.0442,-1.895,0,91.2417,136.6283,1.58,121,71,121,nguyen_van_cu
2025-12-31 01:00:00,8398,01:00 31/12/2025,21.2825,3.385,0,95.9408,96.1608,68.3067,5.7508,-2.3667,0,92.4075,134.5317,1.565,124,71,124,nguyen_van_cu
2025-12-31 02:00:00,8399,02:00 31/12/2025,21.4067,2.94,0,114.9875,91.3783,68.745,5.1383,-2.1917,0,91.3908,133.9842,1.5558,127,70,127,nguyen_van_cu
2025-12-31 03:00:00,8400,03:00 31/12/2025,21.3633,3.3642,0,94.3883,85.4792,62.5792,5.1392,-1.77,0,91.9867,127.5717,1.5842,125,70,125,nguyen_van_cu
2025-12-31 04:00:00,8401,04:00 31/12/2025,21.3492,3.6217,0,77.7617,89.5725,62.4817,5.7225,-2.1008,0,92.6925,117.6683,1.5625,123,70,123,nguyen_van_cu
2025-12-31 05:00:00,8402,05:00 31/12/2025,20.9675,3.3033,0,66.7692,105.135,72.6375,4.215,-0.9075,0,94.1292,107.9058,1.6717,130,72,130,nguyen_van_cu
2025-12-31 06:00:00,8403,06:00 31/12/2025,20.8467,3.1508,0,36.3083,127.7292,86.965,4.9217,-1.7708,0,94.375,117.1433,1.6108,144,79,144,nguyen_van_cu
2025-12-31 07:00:00,8404,07:00 31/12/2025,20.685,3.3025,0,26.8217,143.4792,97.3167,5.1075,-1.8017,0,94.28,111.8508,1.7733,154,86,154,nguyen_van_cu
2025-12-31 08:00:00,8405,08:00 31/12/2025,20.7058,3.1367,0,26.625,143.3533,96.6658,4.7692,-1.6292,0,92.4317,114.4508,2.2442,157,91,157,nguyen_van_cu
2025-12-31 09:00:00,8406,09:00 31/12/2025,21.2892,3.5992,0,29.2217,137.805,93.0692,5.2283,-1.6283,0,88.2958,109.5267,0.945,157,92,157,nguyen_van_cu
2025-12-31 10:00:00,8407,10:00 31/12/2025,21.5467,3.4983,0,30.3158,129.3358,84.5567,5.5358,-2.0358,0,87.0175,103.25,1.285,156,91,156,nguyen_van_cu
2025-12-31 11:00:00,8408,11:00 31/12/2025,22.6017,3.5792,0,30.9517,115.0775,71.1758,5.4442,-1.865,0,82.2542,120.7233,0.7508,151,88,151,nguyen_van_cu
2025-12-31 12:00:00,8409,12:00 31/12/2025,24.0425,3.6242,0,32.6342,109.4692,67.18,5.5067,-1.88,0,76.0942,149.0592,1.4558,144,84,144,nguyen_van_cu
2025-12-31 13:00:00,8410,13:00 31/12/2025,24.14,3.1492,0,42.5325,100.5883,64.09,5.7508,-2.6017,0,76.86,125.4983,1.4817,137,81,137,nguyen_van_cu
2025-12-31 14:00:00,8411,14:00 31/12/2025,24.7475,3.5575,0,48.2983,85.0942,52.7217,4.8308,-1.2675,0,74.5367,131.3025,1.5658,120,75,120,nguyen_van_cu
2025-12-31 15:00:00,8412,15:00 31/12/2025,25.0892,3.5958,0,60.0733,70.1208,46.6767,5.3525,-1.7542,0,71.2592,126.0717,1.99,106,67,106,nguyen_van_cu
2025-12-31 16:00:00,8413,16:00 31/12/2025,25.0433,3.5125,0,59.7158,60.4767,40.48,5.6292,-2.1158,0,68.3383,116.77,0.7542,94,61,94,nguyen_van_cu
2025-12-31 17:00:00,8414,17:00 31/12/2025,24.2383,3.835,0,59.1908,54.8533,35.0133,5.0758,-1.2367,0,68.7075,129.9567,2.2042,82,57,82,nguyen_van_cu
2025-12-31 18:00:00,8415,18:00 31/12/2025,23.2858,3.7142,0,43.365,58.5117,40.2708,4.8617,-1.1425,0,72.4733,135.7425,2.0833,81,55,81,nguyen_van_cu
2025-12-31 19:00:00,8416,19:00 31/12/2025,22.6917,3.15,0,42.8108,70.7425,49.3267,4.8308,-1.675,0,75.6375,121.2517,1.0883,90,58,90,nguyen_van_cu
2025-12-31 20:00:00,8417,20:00 31/12/2025,22.1558,2.9883,0,82.075,78.8042,55.5025,5.1058,-2.1142,0,77.4675,128.1758,2.0383,100,61,100,nguyen_van_cu
2025-12-31 21:00:00,8418,21:00 31/12/2025,22.2425,3.2642,0,112.6992,82.235,56.3158,5.5058,-2.2417,0,77.6567,142.3792,1.8833,105,64,105,nguyen_van_cu
2025-12-31 22:00:00,8419,22:00 31/12/2025,22.3633,3.3117,0,82.01,84.635,57.7275,5.4742,-2.1625,0,78.2017,132.6783,0.735,109,65,109,nguyen_van_cu
2025-12-31 23:00:00,8420,23:00 31/12/2025,22.1667,3.215,0,107.8975,83.1675,58.3642,4.7992,-1.5833,0,80.0442,111.9858,1.4075,111,66,111,nguyen_van_cu
